package	file	language	kind	name	standardizedName	status	line
shadowlist-core-bench	packages/shadowlist-core-bench/bench.cpp	native	constant	WINDOW_WIDTH	WINDOW_WIDTH	standard	30
shadowlist-core-bench	packages/shadowlist-core-bench/bench.cpp	native	constant	WINDOW_HEIGHT	WINDOW_HEIGHT	standard	31
shadowlist-core-bench	packages/shadowlist-core-bench/bench.cpp	native	constant	ROW_HEIGHT	ROW_HEIGHT	standard	32
shadowlist-core-bench	packages/shadowlist-core-bench/bench.cpp	native	constant	CARD_WIDTH	CARD_WIDTH	standard	34
shadowlist-core-bench	packages/shadowlist-core-bench/bench.cpp	native	constant	OVERSCAN	OVERSCAN	standard	35
shadowlist-core-bench	packages/shadowlist-core-bench/bench.cpp	native	constant	MOUNTED_ROWS	MOUNTED_ROWS	standard	38
shadowlist-core-bench	packages/shadowlist-core-bench/bench.cpp	native	variable	medianUs	medianUs	standard	42
shadowlist-core-bench	packages/shadowlist-core-bench/bench.cpp	native	variable	minUs	minUs	standard	43
shadowlist-core-bench	packages/shadowlist-core-bench/bench.cpp	native	variable	maxUs	maxUs	standard	44
shadowlist-core-bench	packages/shadowlist-core-bench/bench.cpp	native	variable	rows	rows	standard	49
shadowlist-core-bench	packages/shadowlist-core-bench/bench.cpp	native	parameter	value	value	standard	61
shadowlist-core-bench	packages/shadowlist-core-bench/bench.cpp	native	variable	opsPerBatch	opsPerBatch	standard	73
shadowlist-core-bench	packages/shadowlist-core-bench/bench.cpp	native	variable	batches	batches	standard	74
shadowlist-core-bench	packages/shadowlist-core-bench/bench.cpp	native	constant	WARMUP_BATCHES	WARMUP_BATCHES	standard	77
shadowlist-core-bench	packages/shadowlist-core-bench/bench.cpp	native	variable	warmup	warmup	standard	79
shadowlist-core-bench	packages/shadowlist-core-bench/bench.cpp	native	variable	op	op	standard	81
shadowlist-core-bench	packages/shadowlist-core-bench/bench.cpp	native	variable	batch	batch	standard	88
shadowlist-core-bench	packages/shadowlist-core-bench/bench.cpp	native	variable	start	start	standard	90
shadowlist-core-bench	packages/shadowlist-core-bench/bench.cpp	native	variable	op	op	standard	91
shadowlist-core-bench	packages/shadowlist-core-bench/bench.cpp	native	variable	elapsed	elapsed	standard	94
shadowlist-core-bench	packages/shadowlist-core-bench/bench.cpp	native	variable	rows	rows	standard	107
shadowlist-core-bench	packages/shadowlist-core-bench/bench.cpp	native	parameter	rows	rows	standard	107
shadowlist-core-bench	packages/shadowlist-core-bench/bench.cpp	native	parameter	scenario	scenario	standard	107
shadowlist-core-bench	packages/shadowlist-core-bench/bench.cpp	native	parameter	timing	timing	standard	107
shadowlist-core-bench	packages/shadowlist-core-bench/bench.cpp	native	parameter	unit	unit	standard	107
shadowlist-core-bench	packages/shadowlist-core-bench/bench.cpp	native	variable	count	count	standard	114
shadowlist-core-bench	packages/shadowlist-core-bench/bench.cpp	native	parameter	count	count	standard	114
shadowlist-core-bench	packages/shadowlist-core-bench/bench.cpp	native	variable	index	index	standard	117
shadowlist-core-bench	packages/shadowlist-core-bench/bench.cpp	native	variable	count	count	standard	123
shadowlist-core-bench	packages/shadowlist-core-bench/bench.cpp	native	parameter	count	count	standard	123
shadowlist-core-bench	packages/shadowlist-core-bench/bench.cpp	native	variable	index	index	standard	126
shadowlist-core-bench	packages/shadowlist-core-bench/bench.cpp	native	parameter	keys	keys	standard	135
shadowlist-core-bench	packages/shadowlist-core-bench/bench.cpp	native	variable	offsetY	offsetY	standard	135
shadowlist-core-bench	packages/shadowlist-core-bench/bench.cpp	native	parameter	offsetY	offsetY	standard	135
shadowlist-core-bench	packages/shadowlist-core-bench/bench.cpp	native	parameter	container	container	standard	149
shadowlist-core-bench	packages/shadowlist-core-bench/bench.cpp	native	variable	count	count	standard	149
shadowlist-core-bench	packages/shadowlist-core-bench/bench.cpp	native	parameter	count	count	standard	149
shadowlist-core-bench	packages/shadowlist-core-bench/bench.cpp	native	variable	horizontal	horizontal	standard	149
shadowlist-core-bench	packages/shadowlist-core-bench/bench.cpp	native	parameter	horizontal	horizontal	standard	149
shadowlist-core-bench	packages/shadowlist-core-bench/bench.cpp	native	variable	mainSize	mainSize	standard	149
shadowlist-core-bench	packages/shadowlist-core-bench/bench.cpp	native	parameter	mainSize	mainSize	standard	149
shadowlist-core-bench	packages/shadowlist-core-bench/bench.cpp	native	variable	width	width	standard	150
shadowlist-core-bench	packages/shadowlist-core-bench/bench.cpp	native	variable	height	height	standard	151
shadowlist-core-bench	packages/shadowlist-core-bench/bench.cpp	native	variable	index	index	standard	152
shadowlist-core-bench	packages/shadowlist-core-bench/bench.cpp	native	parameter	container	container	standard	169
shadowlist-core-bench	packages/shadowlist-core-bench/bench.cpp	native	variable	high	high	standard	169
shadowlist-core-bench	packages/shadowlist-core-bench/bench.cpp	native	parameter	high	high	standard	169
shadowlist-core-bench	packages/shadowlist-core-bench/bench.cpp	native	variable	low	low	standard	169
shadowlist-core-bench	packages/shadowlist-core-bench/bench.cpp	native	parameter	low	low	standard	169
shadowlist-core-bench	packages/shadowlist-core-bench/bench.cpp	native	parameter	sizeOf	sizeOf	standard	169
shadowlist-core-bench	packages/shadowlist-core-bench/bench.cpp	native	variable	lowestChanged	lowestChanged	standard	170
shadowlist-core-bench	packages/shadowlist-core-bench/bench.cpp	native	variable	index	index	standard	171
shadowlist-core-bench	packages/shadowlist-core-bench/bench.cpp	native	parameter	keys	keys	standard	185
shadowlist-core-bench	packages/shadowlist-core-bench/bench.cpp	native	variable	rows	rows	standard	185
shadowlist-core-bench	packages/shadowlist-core-bench/bench.cpp	native	parameter	rows	rows	standard	185
shadowlist-core-bench	packages/shadowlist-core-bench/bench.cpp	native	parameter	keys	keys	standard	201
shadowlist-core-bench	packages/shadowlist-core-bench/bench.cpp	native	parameter	label	label	standard	201
shadowlist-core-bench	packages/shadowlist-core-bench/bench.cpp	native	variable	offsetY	offsetY	standard	201
shadowlist-core-bench	packages/shadowlist-core-bench/bench.cpp	native	parameter	offsetY	offsetY	standard	201
shadowlist-core-bench	packages/shadowlist-core-bench/bench.cpp	native	variable	rows	rows	standard	201
shadowlist-core-bench	packages/shadowlist-core-bench/bench.cpp	native	parameter	rows	rows	standard	201
shadowlist-core-bench	packages/shadowlist-core-bench/bench.cpp	native	parameter	keys	keys	standard	219
shadowlist-core-bench	packages/shadowlist-core-bench/bench.cpp	native	parameter	label	label	standard	219
shadowlist-core-bench	packages/shadowlist-core-bench/bench.cpp	native	variable	rows	rows	standard	219
shadowlist-core-bench	packages/shadowlist-core-bench/bench.cpp	native	parameter	rows	rows	standard	219
shadowlist-core-bench	packages/shadowlist-core-bench/bench.cpp	native	variable	startIndex	startIndex	standard	219
shadowlist-core-bench	packages/shadowlist-core-bench/bench.cpp	native	parameter	startIndex	startIndex	standard	219
shadowlist-core-bench	packages/shadowlist-core-bench/bench.cpp	native	variable	count	count	standard	224
shadowlist-core-bench	packages/shadowlist-core-bench/bench.cpp	native	variable	offset	offset	standard	229
shadowlist-core-bench	packages/shadowlist-core-bench/bench.cpp	native	parameter	keys	keys	standard	237
shadowlist-core-bench	packages/shadowlist-core-bench/bench.cpp	native	parameter	label	label	standard	237
shadowlist-core-bench	packages/shadowlist-core-bench/bench.cpp	native	variable	opsPerBatch	opsPerBatch	standard	237
shadowlist-core-bench	packages/shadowlist-core-bench/bench.cpp	native	parameter	opsPerBatch	opsPerBatch	standard	237
shadowlist-core-bench	packages/shadowlist-core-bench/bench.cpp	native	variable	rows	rows	standard	237
shadowlist-core-bench	packages/shadowlist-core-bench/bench.cpp	native	parameter	rows	rows	standard	237
shadowlist-core-bench	packages/shadowlist-core-bench/bench.cpp	native	parameter	keys	keys	standard	250
shadowlist-core-bench	packages/shadowlist-core-bench/bench.cpp	native	variable	rows	rows	standard	250
shadowlist-core-bench	packages/shadowlist-core-bench/bench.cpp	native	parameter	rows	rows	standard	250
shadowlist-core-bench	packages/shadowlist-core-bench/bench.cpp	native	parameter	keys	keys	standard	268
shadowlist-core-bench	packages/shadowlist-core-bench/bench.cpp	native	variable	rows	rows	standard	268
shadowlist-core-bench	packages/shadowlist-core-bench/bench.cpp	native	parameter	rows	rows	standard	268
shadowlist-core-bench	packages/shadowlist-core-bench/bench.cpp	native	variable	op	op	standard	279
shadowlist-core-bench	packages/shadowlist-core-bench/bench.cpp	native	parameter	keys	keys	standard	295
shadowlist-core-bench	packages/shadowlist-core-bench/bench.cpp	native	variable	rows	rows	standard	295
shadowlist-core-bench	packages/shadowlist-core-bench/bench.cpp	native	parameter	rows	rows	standard	295
shadowlist-core-bench	packages/shadowlist-core-bench/bench.cpp	native	variable	base	base	standard	303
shadowlist-core-bench	packages/shadowlist-core-bench/bench.cpp	native	variable	op	op	standard	308
shadowlist-core-bench	packages/shadowlist-core-bench/bench.cpp	native	variable	offset	offset	standard	309
shadowlist-core-bench	packages/shadowlist-core-bench/bench.cpp	native	parameter	keys	keys	standard	322
shadowlist-core-bench	packages/shadowlist-core-bench/bench.cpp	native	variable	rows	rows	standard	322
shadowlist-core-bench	packages/shadowlist-core-bench/bench.cpp	native	parameter	rows	rows	standard	322
shadowlist-core-bench	packages/shadowlist-core-bench/bench.cpp	native	variable	sample	sample	standard	325
shadowlist-core-bench	packages/shadowlist-core-bench/bench.cpp	native	variable	start	start	standard	328
shadowlist-core-bench	packages/shadowlist-core-bench/bench.cpp	native	variable	elapsed	elapsed	standard	330
shadowlist-core-bench	packages/shadowlist-core-bench/bench.cpp	native	variable	rows	rows	standard	341
shadowlist-core-bench	packages/shadowlist-core-bench/bench.cpp	native	parameter	rows	rows	standard	341
shadowlist-core-bench	packages/shadowlist-core-bench/bench.cpp	native	variable	columns	columns	standard	356
shadowlist-core-bench	packages/shadowlist-core-bench/bench.cpp	native	variable	horizontal	horizontal	standard	357
shadowlist-core-bench	packages/shadowlist-core-bench/bench.cpp	native	variable	inverted	inverted	standard	358
shadowlist-core-bench	packages/shadowlist-core-bench/bench.cpp	native	variable	pixelsPerFrame	pixelsPerFrame	standard	360
shadowlist-core-bench	packages/shadowlist-core-bench/bench.cpp	native	variable	startOffset	startOffset	standard	361
shadowlist-core-bench	packages/shadowlist-core-bench/bench.cpp	native	parameter	keys	keys	standard	367
shadowlist-core-bench	packages/shadowlist-core-bench/bench.cpp	native	parameter	options	options	standard	367
shadowlist-core-bench	packages/shadowlist-core-bench/bench.cpp	native	variable	rows	rows	standard	367
shadowlist-core-bench	packages/shadowlist-core-bench/bench.cpp	native	parameter	rows	rows	standard	367
shadowlist-core-bench	packages/shadowlist-core-bench/bench.cpp	native	variable	first	first	standard	372
shadowlist-core-bench	packages/shadowlist-core-bench/bench.cpp	native	variable	frameInput	frameInput	standard	372
shadowlist-core-bench	packages/shadowlist-core-bench/bench.cpp	native	variable	offset	offset	standard	372
shadowlist-core-bench	packages/shadowlist-core-bench/bench.cpp	native	variable	rowsTouched	rowsTouched	standard	394
shadowlist-core-bench	packages/shadowlist-core-bench/bench.cpp	native	variable	framesRun	framesRun	standard	395
shadowlist-core-bench	packages/shadowlist-core-bench/bench.cpp	native	variable	offset	offset	standard	397
shadowlist-core-bench	packages/shadowlist-core-bench/bench.cpp	native	variable	visible	visible	standard	408
shadowlist-core-bench	packages/shadowlist-core-bench/bench.cpp	native	variable	low	low	standard	412
shadowlist-core-bench	packages/shadowlist-core-bench/bench.cpp	native	variable	high	high	standard	413
shadowlist-core-bench	packages/shadowlist-core-bench/bench.cpp	native	variable	index	index	standard	415
shadowlist-core-bench	packages/shadowlist-core-bench/bench.cpp	native	variable	expectedMounted	expectedMounted	standard	436
shadowlist-core-bench	packages/shadowlist-core-bench/bench.cpp	native	parameter	frames	frames	standard	440
shadowlist-core-bench	packages/shadowlist-core-bench/bench.cpp	native	parameter	keys	keys	standard	453
shadowlist-core-bench	packages/shadowlist-core-bench/bench.cpp	native	parameter	label	label	standard	453
shadowlist-core-bench	packages/shadowlist-core-bench/bench.cpp	native	variable	rows	rows	standard	453
shadowlist-core-bench	packages/shadowlist-core-bench/bench.cpp	native	parameter	rows	rows	standard	453
shadowlist-core-bench	packages/shadowlist-core-bench/bench.cpp	native	constant	DRAG_FRAMES	DRAG_FRAMES	standard	454
shadowlist-core-bench	packages/shadowlist-core-bench/bench.cpp	native	variable	container	container	standard	459
shadowlist-core-bench	packages/shadowlist-core-bench/bench.cpp	native	variable	step	step	standard	460
shadowlist-core-bench	packages/shadowlist-core-bench/bench.cpp	native	variable	rowsTouched	rowsTouched	standard	461
shadowlist-core-bench	packages/shadowlist-core-bench/bench.cpp	native	variable	framesRun	framesRun	standard	462
shadowlist-core-bench	packages/shadowlist-core-bench/bench.cpp	native	variable	offset	offset	standard	463
shadowlist-core-bench	packages/shadowlist-core-bench/bench.cpp	native	variable	reset	reset	standard	465
shadowlist-core-bench	packages/shadowlist-core-bench/bench.cpp	native	variable	firstWindow	firstWindow	standard	468
shadowlist-core-bench	packages/shadowlist-core-bench/bench.cpp	native	variable	index	index	standard	470
shadowlist-core-bench	packages/shadowlist-core-bench/bench.cpp	native	variable	total	total	standard	474
shadowlist-core-bench	packages/shadowlist-core-bench/bench.cpp	native	variable	visible	visible	standard	492
shadowlist-core-bench	packages/shadowlist-core-bench/bench.cpp	native	variable	low	low	standard	496
shadowlist-core-bench	packages/shadowlist-core-bench/bench.cpp	native	variable	high	high	standard	497
shadowlist-core-bench	packages/shadowlist-core-bench/bench.cpp	native	variable	index	index	standard	503
shadowlist-core-bench	packages/shadowlist-core-bench/bench.cpp	native	parameter	frames	frames	standard	510
shadowlist-core-bench	packages/shadowlist-core-bench/bench.cpp	native	parameter	keys	keys	standard	518
shadowlist-core-bench	packages/shadowlist-core-bench/bench.cpp	native	variable	rows	rows	standard	518
shadowlist-core-bench	packages/shadowlist-core-bench/bench.cpp	native	parameter	rows	rows	standard	518
shadowlist-core-bench	packages/shadowlist-core-bench/bench.cpp	native	variable	primed	primed	standard	521
shadowlist-core-bench	packages/shadowlist-core-bench/bench.cpp	native	variable	frameInput	frameInput	standard	522
shadowlist-core-bench	packages/shadowlist-core-bench/bench.cpp	native	variable	offset	offset	standard	522
shadowlist-core-bench	packages/shadowlist-core-bench/bench.cpp	native	variable	userScrolled	userScrolled	standard	522
shadowlist-core-bench	packages/shadowlist-core-bench/bench.cpp	native	variable	bottom	bottom	standard	536
shadowlist-core-bench	packages/shadowlist-core-bench/bench.cpp	native	parameter	bar	bar	standard	547
shadowlist-core-bench	packages/shadowlist-core-bench/bench.cpp	native	parameter	keys	keys	standard	552
shadowlist-core-bench	packages/shadowlist-core-bench/bench.cpp	native	variable	rows	rows	standard	552
shadowlist-core-bench	packages/shadowlist-core-bench/bench.cpp	native	parameter	rows	rows	standard	552
shadowlist-core-bench	packages/shadowlist-core-bench/bench.cpp	native	variable	index	index	standard	559
shadowlist-core-bench	packages/shadowlist-core-bench/bench.cpp	native	variable	offset	offset	standard	564
shadowlist-core-bench	packages/shadowlist-core-bench/bench.cpp	native	variable	op	op	standard	568
shadowlist-core-bench	packages/shadowlist-core-bench/bench.cpp	native	parameter	keys	keys	standard	578
shadowlist-core-bench	packages/shadowlist-core-bench/bench.cpp	native	variable	rows	rows	standard	578
shadowlist-core-bench	packages/shadowlist-core-bench/bench.cpp	native	parameter	rows	rows	standard	578
shadowlist-core-bench	packages/shadowlist-core-bench/bench.cpp	native	variable	target	target	standard	579
shadowlist-core-bench	packages/shadowlist-core-bench/bench.cpp	native	variable	sequence	sequence	standard	587
shadowlist-core-bench	packages/shadowlist-core-bench/bench.cpp	native	variable	frame	frame	standard	595
shadowlist-core-bench	packages/shadowlist-core-bench/bench.cpp	native	variable	visible	visible	standard	597
shadowlist-core-bench	packages/shadowlist-core-bench/bench.cpp	native	variable	low	low	standard	599
shadowlist-core-bench	packages/shadowlist-core-bench/bench.cpp	native	variable	high	high	standard	600
shadowlist-core-bench	packages/shadowlist-core-bench/bench.cpp	native	variable	index	index	standard	601
shadowlist-core-bench	packages/shadowlist-core-bench/bench.cpp	native	variable	argc	argc	standard	625
shadowlist-core-bench	packages/shadowlist-core-bench/bench.cpp	native	parameter	argc	argc	standard	625
shadowlist-core-bench	packages/shadowlist-core-bench/bench.cpp	native	parameter	argv	argv	standard	625
shadowlist-core-bench	packages/shadowlist-core-bench/bench.cpp	native	variable	rows	rows	standard	636
shadowlist-core-bench	packages/shadowlist-core-bench/bench.cpp	native	variable	keys	keys	standard	650
shadowlist-core-bench	packages/shadowlist-core-bench/bench.cpp	native	variable	keys	keys	standard	651
shadowlist-core-tests	packages/shadowlist-core-tests/TestFramework.hpp	native	parameter	message	message	standard	32
shadowlist-core-tests	packages/shadowlist-core-tests/TestFramework.hpp	native	parameter	value	value	standard	38
shadowlist-core-tests	packages/shadowlist-core-tests/TestFramework.hpp	native	variable	passed	passed	standard	51
shadowlist-core-tests	packages/shadowlist-core-tests/TestFramework.hpp	native	variable	failed	failed	standard	52
shadowlist-core-tests	packages/shadowlist-core-tests/TestFramework.hpp	native	variable	totalMs	totalMs	standard	53
shadowlist-core-tests	packages/shadowlist-core-tests/TestFramework.hpp	native	variable	ok	ok	standard	55
shadowlist-core-tests	packages/shadowlist-core-tests/TestFramework.hpp	native	variable	started	started	standard	58
shadowlist-core-tests	packages/shadowlist-core-tests/TestFramework.hpp	native	variable	ms	ms	standard	71
shadowlist-core-tests	packages/shadowlist-core-tests/TestFramework.hpp	native	macro-local	slt_a	slt_a	standard	109
shadowlist-core-tests	packages/shadowlist-core-tests/TestFramework.hpp	native	macro-local	slt_b	slt_b	standard	110
shadowlist-core-tests	packages/shadowlist-core-tests/TestFramework.hpp	native	macro-local	slt_a	slt_a	standard	120
shadowlist-core-tests	packages/shadowlist-core-tests/TestFramework.hpp	native	macro-local	slt_b	slt_b	standard	121
shadowlist-core-tests	packages/shadowlist-core-tests/TestHelpers.hpp	native	constant	WINDOW_WIDTH	WINDOW_WIDTH	standard	14
shadowlist-core-tests	packages/shadowlist-core-tests/TestHelpers.hpp	native	constant	WINDOW_HEIGHT	WINDOW_HEIGHT	standard	15
shadowlist-core-tests	packages/shadowlist-core-tests/TestHelpers.hpp	native	constant	ESTIMATED_ROW_HEIGHT	ESTIMATED_ROW_HEIGHT	standard	17
shadowlist-core-tests	packages/shadowlist-core-tests/TestHelpers.hpp	native	variable	count	count	standard	19
shadowlist-core-tests	packages/shadowlist-core-tests/TestHelpers.hpp	native	parameter	count	count	standard	19
shadowlist-core-tests	packages/shadowlist-core-tests/TestHelpers.hpp	native	parameter	prefix	prefix	standard	19
shadowlist-core-tests	packages/shadowlist-core-tests/TestHelpers.hpp	native	variable	index	index	standard	22
shadowlist-core-tests	packages/shadowlist-core-tests/TestHelpers.hpp	native	parameter	keys	keys	standard	29
shadowlist-core-tests	packages/shadowlist-core-tests/TestHelpers.hpp	native	variable	offset	offset	standard	29
shadowlist-core-tests	packages/shadowlist-core-tests/TestHelpers.hpp	native	parameter	offset	offset	standard	29
shadowlist-core-tests	packages/shadowlist-core-tests/TestHelpers.hpp	native	parameter	container	container	standard	42
shadowlist-core-tests	packages/shadowlist-core-tests/TestHelpers.hpp	native	variable	index	index	standard	42
shadowlist-core-tests	packages/shadowlist-core-tests/TestHelpers.hpp	native	parameter	index	index	standard	42
shadowlist-core-tests	packages/shadowlist-core-tests/TestHelpers.hpp	native	parameter	container	container	standard	48
shadowlist-core-tests	packages/shadowlist-core-tests/TestHelpers.hpp	native	variable	index	index	standard	48
shadowlist-core-tests	packages/shadowlist-core-tests/TestHelpers.hpp	native	parameter	index	index	standard	48
shadowlist-core-tests	packages/shadowlist-core-tests/TestHelpers.hpp	native	parameter	container	container	standard	55
shadowlist-core-tests	packages/shadowlist-core-tests/TestHelpers.hpp	native	variable	overscanUnits	overscanUnits	standard	55
shadowlist-core-tests	packages/shadowlist-core-tests/TestHelpers.hpp	native	parameter	overscanUnits	overscanUnits	standard	55
shadowlist-core-tests	packages/shadowlist-core-tests/TestHelpers.hpp	native	variable	windowSize	windowSize	standard	56
shadowlist-core-tests	packages/shadowlist-core-tests/TestHelpers.hpp	native	variable	offset	offset	standard	59
shadowlist-core-tests	packages/shadowlist-core-tests/TestHelpers.hpp	native	variable	bandSize	bandSize	standard	62
shadowlist-core-tests	packages/shadowlist-core-tests/TestHelpers.hpp	native	variable	lowerBound	lowerBound	standard	63
shadowlist-core-tests	packages/shadowlist-core-tests/TestHelpers.hpp	native	variable	upperBound	upperBound	standard	64
shadowlist-core-tests	packages/shadowlist-core-tests/TestHelpers.hpp	native	variable	index	index	standard	67
shadowlist-core-tests	packages/shadowlist-core-tests/TestHelpers.hpp	native	variable	elementOffset	elementOffset	standard	68
shadowlist-core-tests	packages/shadowlist-core-tests/TestHelpers.hpp	native	variable	elementSize	elementSize	standard	69
shadowlist-core-tests	packages/shadowlist-core-tests/tests_anchor_holds.cpp	native	constant	HEADER	HEADER	standard	21
shadowlist-core-tests	packages/shadowlist-core-tests/tests_anchor_holds.cpp	native	constant	ROW	ROW	standard	22
shadowlist-core-tests	packages/shadowlist-core-tests/tests_anchor_holds.cpp	native	variable	header	header	standard	24
shadowlist-core-tests	packages/shadowlist-core-tests/tests_anchor_holds.cpp	native	parameter	header	header	standard	24
shadowlist-core-tests	packages/shadowlist-core-tests/tests_anchor_holds.cpp	native	parameter	keys	keys	standard	24
shadowlist-core-tests	packages/shadowlist-core-tests/tests_anchor_holds.cpp	native	variable	offset	offset	standard	24
shadowlist-core-tests	packages/shadowlist-core-tests/tests_anchor_holds.cpp	native	parameter	offset	offset	standard	24
shadowlist-core-tests	packages/shadowlist-core-tests/tests_anchor_holds.cpp	native	parameter	container	container	standard	31
shadowlist-core-tests	packages/shadowlist-core-tests/tests_anchor_holds.cpp	native	variable	header	header	standard	31
shadowlist-core-tests	packages/shadowlist-core-tests/tests_anchor_holds.cpp	native	parameter	header	header	standard	31
shadowlist-core-tests	packages/shadowlist-core-tests/tests_anchor_holds.cpp	native	parameter	keys	keys	standard	31
shadowlist-core-tests	packages/shadowlist-core-tests/tests_anchor_holds.cpp	native	parameter	container	container	standard	39
shadowlist-core-tests	packages/shadowlist-core-tests/tests_anchor_holds.cpp	native	variable	header	header	standard	39
shadowlist-core-tests	packages/shadowlist-core-tests/tests_anchor_holds.cpp	native	parameter	header	header	standard	39
shadowlist-core-tests	packages/shadowlist-core-tests/tests_anchor_holds.cpp	native	parameter	keys	keys	standard	39
shadowlist-core-tests	packages/shadowlist-core-tests/tests_anchor_holds.cpp	native	variable	token	token	standard	39
shadowlist-core-tests	packages/shadowlist-core-tests/tests_anchor_holds.cpp	native	parameter	token	token	standard	39
shadowlist-core-tests	packages/shadowlist-core-tests/tests_anchor_holds.cpp	native	variable	header	header	standard	49
shadowlist-core-tests	packages/shadowlist-core-tests/tests_anchor_holds.cpp	native	variable	mountedFrom	mountedFrom	standard	50
shadowlist-core-tests	packages/shadowlist-core-tests/tests_anchor_holds.cpp	native	variable	mountedTo	mountedTo	standard	51
shadowlist-core-tests	packages/shadowlist-core-tests/tests_anchor_holds.cpp	native	variable	rowSize	rowSize	standard	52
shadowlist-core-tests	packages/shadowlist-core-tests/tests_anchor_holds.cpp	native	variable	previousHeader	previousHeader	standard	53
shadowlist-core-tests	packages/shadowlist-core-tests/tests_anchor_holds.cpp	native	variable	previousWindow	previousWindow	standard	54
shadowlist-core-tests	packages/shadowlist-core-tests/tests_anchor_holds.cpp	native	variable	visible	visible	standard	64
shadowlist-core-tests	packages/shadowlist-core-tests/tests_anchor_holds.cpp	native	variable	from	from	standard	70
shadowlist-core-tests	packages/shadowlist-core-tests/tests_anchor_holds.cpp	native	variable	to	to	standard	71
shadowlist-core-tests	packages/shadowlist-core-tests/tests_anchor_holds.cpp	native	variable	lowest	lowest	standard	72
shadowlist-core-tests	packages/shadowlist-core-tests/tests_anchor_holds.cpp	native	variable	index	index	standard	73
shadowlist-core-tests	packages/shadowlist-core-tests/tests_anchor_holds.cpp	native	parameter	container	container	standard	85
shadowlist-core-tests	packages/shadowlist-core-tests/tests_anchor_holds.cpp	native	parameter	key	key	standard	85
shadowlist-core-tests	packages/shadowlist-core-tests/tests_anchor_holds.cpp	native	variable	token	token	standard	105
shadowlist-core-tests	packages/shadowlist-core-tests/tests_anchor_holds.cpp	native	variable	commit	commit	standard	113
shadowlist-core-tests	packages/shadowlist-core-tests/tests_anchor_holds.cpp	native	variable	current	current	standard	114
shadowlist-core-tests	packages/shadowlist-core-tests/tests_anchor_holds.cpp	native	variable	deep	deep	standard	129
shadowlist-core-tests	packages/shadowlist-core-tests/tests_anchor_holds.cpp	native	variable	index	index	standard	135
shadowlist-core-tests	packages/shadowlist-core-tests/tests_anchor_holds.cpp	native	variable	commit	commit	standard	142
shadowlist-core-tests	packages/shadowlist-core-tests/tests_anchor_holds.cpp	native	variable	current	current	standard	143
shadowlist-core-tests	packages/shadowlist-core-tests/tests_anchor_holds.cpp	native	variable	k1Before	k1Before	standard	161
shadowlist-core-tests	packages/shadowlist-core-tests/tests_anchor_holds.cpp	native	variable	token	token	standard	167
shadowlist-core-tests	packages/shadowlist-core-tests/tests_anchor_holds.cpp	native	variable	offset	offset	standard	185
shadowlist-core-tests	packages/shadowlist-core-tests/tests_anchor_holds.cpp	native	variable	k21Before	k21Before	standard	188
shadowlist-core-tests	packages/shadowlist-core-tests/tests_anchor_holds.cpp	native	variable	horizontal	horizontal	standard	202
shadowlist-core-tests	packages/shadowlist-core-tests/tests_anchor_holds.cpp	native	variable	inverted	inverted	standard	203
shadowlist-core-tests	packages/shadowlist-core-tests/tests_anchor_holds.cpp	native	variable	columns	columns	standard	204
shadowlist-core-tests	packages/shadowlist-core-tests/tests_anchor_holds.cpp	native	parameter	keys	keys	standard	214
shadowlist-core-tests	packages/shadowlist-core-tests/tests_anchor_holds.cpp	native	variable	offset	offset	standard	214
shadowlist-core-tests	packages/shadowlist-core-tests/tests_anchor_holds.cpp	native	parameter	offset	offset	standard	214
shadowlist-core-tests	packages/shadowlist-core-tests/tests_anchor_holds.cpp	native	parameter	variant	variant	standard	214
shadowlist-core-tests	packages/shadowlist-core-tests/tests_anchor_holds.cpp	native	parameter	container	container	standard	228
shadowlist-core-tests	packages/shadowlist-core-tests/tests_anchor_holds.cpp	native	parameter	container	container	standard	232
shadowlist-core-tests	packages/shadowlist-core-tests/tests_anchor_holds.cpp	native	parameter	key	key	standard	232
shadowlist-core-tests	packages/shadowlist-core-tests/tests_anchor_holds.cpp	native	parameter	container	container	standard	236
shadowlist-core-tests	packages/shadowlist-core-tests/tests_anchor_holds.cpp	native	variable	mainAxis	mainAxis	standard	236
shadowlist-core-tests	packages/shadowlist-core-tests/tests_anchor_holds.cpp	native	parameter	mainAxis	mainAxis	standard	236
shadowlist-core-tests	packages/shadowlist-core-tests/tests_anchor_holds.cpp	native	parameter	container	container	standard	242
shadowlist-core-tests	packages/shadowlist-core-tests/tests_anchor_holds.cpp	native	parameter	keys	keys	standard	242
shadowlist-core-tests	packages/shadowlist-core-tests/tests_anchor_holds.cpp	native	parameter	variant	variant	standard	242
shadowlist-core-tests	packages/shadowlist-core-tests/tests_anchor_holds.cpp	native	variable	index	index	standard	249
shadowlist-core-tests	packages/shadowlist-core-tests/tests_anchor_holds.cpp	native	variable	rest	rest	standard	252
shadowlist-core-tests	packages/shadowlist-core-tests/tests_anchor_holds.cpp	native	parameter	container	container	standard	262
shadowlist-core-tests	packages/shadowlist-core-tests/tests_anchor_holds.cpp	native	parameter	keys	keys	standard	262
shadowlist-core-tests	packages/shadowlist-core-tests/tests_anchor_holds.cpp	native	parameter	variant	variant	standard	262
shadowlist-core-tests	packages/shadowlist-core-tests/tests_anchor_holds.cpp	native	variable	round	round	standard	263
shadowlist-core-tests	packages/shadowlist-core-tests/tests_anchor_holds.cpp	native	variable	token	token	standard	264
shadowlist-core-tests	packages/shadowlist-core-tests/tests_anchor_holds.cpp	native	variable	before	before	standard	286
shadowlist-core-tests	packages/shadowlist-core-tests/tests_anchor_holds.cpp	native	variable	nextBefore	nextBefore	standard	287
shadowlist-core-tests	packages/shadowlist-core-tests/tests_anchor_holds.cpp	native	variable	size	size	standard	294
shadowlist-core-tests	packages/shadowlist-core-tests/tests_anchor_holds.cpp	native	variable	lowest	lowest	standard	295
shadowlist-core-tests	packages/shadowlist-core-tests/tests_anchor_holds.cpp	native	variable	index	index	standard	297
shadowlist-core-tests	packages/shadowlist-core-tests/tests_anchor_holds.cpp	native	variable	before	before	standard	323
shadowlist-core-tests	packages/shadowlist-core-tests/tests_batch_measurement.cpp	native	variable	count	count	standard	21
shadowlist-core-tests	packages/shadowlist-core-tests/tests_batch_measurement.cpp	native	parameter	count	count	standard	21
shadowlist-core-tests	packages/shadowlist-core-tests/tests_batch_measurement.cpp	native	variable	index	index	standard	24
shadowlist-core-tests	packages/shadowlist-core-tests/tests_batch_measurement.cpp	native	parameter	container	container	standard	30
shadowlist-core-tests	packages/shadowlist-core-tests/tests_batch_measurement.cpp	native	variable	index	index	standard	48
shadowlist-core-tests	packages/shadowlist-core-tests/tests_batch_measurement.cpp	native	variable	lowestChanged	lowestChanged	standard	55
shadowlist-core-tests	packages/shadowlist-core-tests/tests_batch_measurement.cpp	native	variable	index	index	standard	56
shadowlist-core-tests	packages/shadowlist-core-tests/tests_batch_measurement.cpp	native	variable	prime	prime	standard	78
shadowlist-core-tests	packages/shadowlist-core-tests/tests_batch_measurement.cpp	native	variable	index	index	standard	80
shadowlist-core-tests	packages/shadowlist-core-tests/tests_batch_measurement.cpp	native	variable	low	low	standard	92
shadowlist-core-tests	packages/shadowlist-core-tests/tests_batch_measurement.cpp	native	variable	high	high	standard	93
shadowlist-core-tests	packages/shadowlist-core-tests/tests_batch_measurement.cpp	native	variable	index	index	standard	95
shadowlist-core-tests	packages/shadowlist-core-tests/tests_batch_measurement.cpp	native	variable	lowestChanged	lowestChanged	standard	100
shadowlist-core-tests	packages/shadowlist-core-tests/tests_batch_measurement.cpp	native	variable	index	index	standard	101
shadowlist-core-tests	packages/shadowlist-core-tests/tests_batch_measurement.cpp	native	variable	before	before	standard	142
shadowlist-core-tests	packages/shadowlist-core-tests/tests_batch_measurement.cpp	native	variable	sizeMatchingEstimate	sizeMatchingEstimate	standard	143
shadowlist-core-tests	packages/shadowlist-core-tests/tests_batch_measurement.cpp	native	variable	threw	threw	standard	155
shadowlist-core-tests	packages/shadowlist-core-tests/tests_batch_measurement.cpp	native	variable	declareUnchanged	declareUnchanged	standard	175
shadowlist-core-tests	packages/shadowlist-core-tests/tests_batch_measurement.cpp	native	variable	run	run	standard	175
shadowlist-core-tests	packages/shadowlist-core-tests/tests_batch_measurement.cpp	native	variable	index	index	standard	178
shadowlist-core-tests	packages/shadowlist-core-tests/tests_batch_measurement.cpp	native	variable	offset	offset	standard	181
shadowlist-core-tests	packages/shadowlist-core-tests/tests_batch_measurement.cpp	native	variable	offset	offset	standard	200
shadowlist-core-tests	packages/shadowlist-core-tests/tests_batch_measurement.cpp	native	variable	index	index	standard	212
shadowlist-core-tests	packages/shadowlist-core-tests/tests_edge_reached.cpp	native	constant	ROW_HEIGHT	ROW_HEIGHT	standard	21
shadowlist-core-tests	packages/shadowlist-core-tests/tests_edge_reached.cpp	native	constant	START_THRESHOLD	START_THRESHOLD	standard	22
shadowlist-core-tests	packages/shadowlist-core-tests/tests_edge_reached.cpp	native	constant	PAGE_ROWS	PAGE_ROWS	standard	24
shadowlist-core-tests	packages/shadowlist-core-tests/tests_edge_reached.cpp	native	constant	FETCH_FRAMES	FETCH_FRAMES	standard	25
shadowlist-core-tests	packages/shadowlist-core-tests/tests_edge_reached.cpp	native	parameter	container	container	standard	27
shadowlist-core-tests	packages/shadowlist-core-tests/tests_edge_reached.cpp	native	variable	count	count	standard	27
shadowlist-core-tests	packages/shadowlist-core-tests/tests_edge_reached.cpp	native	parameter	count	count	standard	27
shadowlist-core-tests	packages/shadowlist-core-tests/tests_edge_reached.cpp	native	variable	index	index	standard	28
shadowlist-core-tests	packages/shadowlist-core-tests/tests_edge_reached.cpp	native	parameter	keys	keys	standard	33
shadowlist-core-tests	packages/shadowlist-core-tests/tests_edge_reached.cpp	native	variable	offset	offset	standard	33
shadowlist-core-tests	packages/shadowlist-core-tests/tests_edge_reached.cpp	native	parameter	offset	offset	standard	33
shadowlist-core-tests	packages/shadowlist-core-tests/tests_edge_reached.cpp	native	variable	busyConsumer	busyConsumer	standard	50
shadowlist-core-tests	packages/shadowlist-core-tests/tests_edge_reached.cpp	native	parameter	busyConsumer	busyConsumer	standard	50
shadowlist-core-tests	packages/shadowlist-core-tests/tests_edge_reached.cpp	native	variable	frames	frames	standard	50
shadowlist-core-tests	packages/shadowlist-core-tests/tests_edge_reached.cpp	native	parameter	frames	frames	standard	50
shadowlist-core-tests	packages/shadowlist-core-tests/tests_edge_reached.cpp	native	variable	pixelsPerFrame	pixelsPerFrame	standard	50
shadowlist-core-tests	packages/shadowlist-core-tests/tests_edge_reached.cpp	native	parameter	pixelsPerFrame	pixelsPerFrame	standard	50
shadowlist-core-tests	packages/shadowlist-core-tests/tests_edge_reached.cpp	native	variable	requested	requested	standard	54
shadowlist-core-tests	packages/shadowlist-core-tests/tests_edge_reached.cpp	native	variable	fetchInFlight	fetchInFlight	standard	55
shadowlist-core-tests	packages/shadowlist-core-tests/tests_edge_reached.cpp	native	variable	fetchDueIn	fetchDueIn	standard	56
shadowlist-core-tests	packages/shadowlist-core-tests/tests_edge_reached.cpp	native	variable	pagesDelivered	pagesDelivered	standard	57
shadowlist-core-tests	packages/shadowlist-core-tests/tests_edge_reached.cpp	native	variable	bottom	bottom	standard	70
shadowlist-core-tests	packages/shadowlist-core-tests/tests_edge_reached.cpp	native	variable	frame	frame	standard	74
shadowlist-core-tests	packages/shadowlist-core-tests/tests_edge_reached.cpp	native	variable	offset	offset	standard	89
shadowlist-core-tests	packages/shadowlist-core-tests/tests_edge_reached.cpp	native	variable	pages	pages	standard	106
shadowlist-core-tests	packages/shadowlist-core-tests/tests_edge_reached.cpp	native	variable	busyPages	busyPages	standard	114
shadowlist-core-tests	packages/shadowlist-core-tests/tests_edge_reached.cpp	native	variable	freePages	freePages	standard	115
shadowlist-core-tests	packages/shadowlist-core-tests/tests_edge_reached.cpp	native	variable	target	target	standard	130
shadowlist-core-tests	packages/shadowlist-core-tests/tests_edge_reached.cpp	native	variable	settle	settle	standard	131
shadowlist-core-tests	packages/shadowlist-core-tests/tests_edge_reached.cpp	native	variable	frame	frame	standard	132
shadowlist-core-tests	packages/shadowlist-core-tests/tests_edge_reached.cpp	native	variable	atStart	atStart	standard	140
shadowlist-core-tests	packages/shadowlist-core-tests/tests_edge_reached.cpp	native	variable	centred	centred	standard	145
shadowlist-core-tests	packages/shadowlist-core-tests/tests_edge_reached.cpp	native	variable	freeSpace	freeSpace	standard	146
shadowlist-core-tests	packages/shadowlist-core-tests/tests_edge_reached.cpp	native	variable	atEnd	atEnd	standard	151
shadowlist-core-tests	packages/shadowlist-core-tests/tests_edge_reached.cpp	native	variable	target	target	standard	165
shadowlist-core-tests	packages/shadowlist-core-tests/tests_edge_reached.cpp	native	variable	settle	settle	standard	166
shadowlist-core-tests	packages/shadowlist-core-tests/tests_edge_reached.cpp	native	variable	frame	frame	standard	167
shadowlist-core-tests	packages/shadowlist-core-tests/tests_edge_reached.cpp	native	variable	clampedHigh	clampedHigh	standard	174
shadowlist-core-tests	packages/shadowlist-core-tests/tests_edge_reached.cpp	native	variable	clampedLow	clampedLow	standard	178
shadowlist-core-tests	packages/shadowlist-core-tests/tests_edge_reached.cpp	native	constant	TALL_ROW	TALL_ROW	standard	186
shadowlist-core-tests	packages/shadowlist-core-tests/tests_edge_reached.cpp	native	variable	target	target	standard	187
shadowlist-core-tests	packages/shadowlist-core-tests/tests_edge_reached.cpp	native	variable	frame	frame	standard	198
shadowlist-core-tests	packages/shadowlist-core-tests/tests_edge_reached.cpp	native	variable	freeSpace	freeSpace	standard	204
shadowlist-core-tests	packages/shadowlist-core-tests/tests_edge_reached.cpp	native	variable	target	target	standard	212
shadowlist-core-tests	packages/shadowlist-core-tests/tests_edge_reached.cpp	native	variable	frame	frame	standard	224
shadowlist-core-tests	packages/shadowlist-core-tests/tests_header_size.cpp	native	constant	SPINNER_HEADER	SPINNER_HEADER	standard	23
shadowlist-core-tests	packages/shadowlist-core-tests/tests_header_size.cpp	native	constant	PLAIN_HEADER	PLAIN_HEADER	standard	24
shadowlist-core-tests	packages/shadowlist-core-tests/tests_header_size.cpp	native	variable	headerSize	headerSize	standard	26
shadowlist-core-tests	packages/shadowlist-core-tests/tests_header_size.cpp	native	parameter	headerSize	headerSize	standard	26
shadowlist-core-tests	packages/shadowlist-core-tests/tests_header_size.cpp	native	parameter	keys	keys	standard	26
shadowlist-core-tests	packages/shadowlist-core-tests/tests_header_size.cpp	native	variable	offset	offset	standard	26
shadowlist-core-tests	packages/shadowlist-core-tests/tests_header_size.cpp	native	parameter	offset	offset	standard	26
shadowlist-core-tests	packages/shadowlist-core-tests/tests_header_size.cpp	native	constant	OLDER_ROW_HEIGHT	OLDER_ROW_HEIGHT	standard	33
shadowlist-core-tests	packages/shadowlist-core-tests/tests_header_size.cpp	native	parameter	element	element	standard	45
shadowlist-core-tests	packages/shadowlist-core-tests/tests_header_size.cpp	native	parameter	container	container	standard	50
shadowlist-core-tests	packages/shadowlist-core-tests/tests_header_size.cpp	native	variable	headerSize	headerSize	standard	50
shadowlist-core-tests	packages/shadowlist-core-tests/tests_header_size.cpp	native	parameter	headerSize	headerSize	standard	50
shadowlist-core-tests	packages/shadowlist-core-tests/tests_header_size.cpp	native	parameter	olderRows	olderRows	standard	50
shadowlist-core-tests	packages/shadowlist-core-tests/tests_header_size.cpp	native	variable	index	index	standard	54
shadowlist-core-tests	packages/shadowlist-core-tests/tests_header_size.cpp	native	variable	previousHeaderSize	previousHeaderSize	standard	60
shadowlist-core-tests	packages/shadowlist-core-tests/tests_header_size.cpp	native	variable	lowestChangedIndex	lowestChangedIndex	standard	66
shadowlist-core-tests	packages/shadowlist-core-tests/tests_header_size.cpp	native	variable	index	index	standard	67
shadowlist-core-tests	packages/shadowlist-core-tests/tests_header_size.cpp	native	variable	older	older	standard	68
shadowlist-core-tests	packages/shadowlist-core-tests/tests_header_size.cpp	native	variable	height	height	standard	72
shadowlist-core-tests	packages/shadowlist-core-tests/tests_header_size.cpp	native	parameter	container	container	standard	84
shadowlist-core-tests	packages/shadowlist-core-tests/tests_header_size.cpp	native	variable	headerSize	headerSize	standard	84
shadowlist-core-tests	packages/shadowlist-core-tests/tests_header_size.cpp	native	parameter	headerSize	headerSize	standard	84
shadowlist-core-tests	packages/shadowlist-core-tests/tests_header_size.cpp	native	parameter	keys	keys	standard	84
shadowlist-core-tests	packages/shadowlist-core-tests/tests_header_size.cpp	native	variable	offset	offset	standard	84
shadowlist-core-tests	packages/shadowlist-core-tests/tests_header_size.cpp	native	parameter	offset	offset	standard	84
shadowlist-core-tests	packages/shadowlist-core-tests/tests_header_size.cpp	native	parameter	container	container	standard	95
shadowlist-core-tests	packages/shadowlist-core-tests/tests_header_size.cpp	native	parameter	keys	keys	standard	95
shadowlist-core-tests	packages/shadowlist-core-tests/tests_header_size.cpp	native	variable	offset	offset	standard	95
shadowlist-core-tests	packages/shadowlist-core-tests/tests_header_size.cpp	native	parameter	offset	offset	standard	95
shadowlist-core-tests	packages/shadowlist-core-tests/tests_header_size.cpp	native	parameter	container	container	standard	105
shadowlist-core-tests	packages/shadowlist-core-tests/tests_header_size.cpp	native	parameter	key	key	standard	105
shadowlist-core-tests	packages/shadowlist-core-tests/tests_header_size.cpp	native	variable	count	count	standard	109
shadowlist-core-tests	packages/shadowlist-core-tests/tests_header_size.cpp	native	parameter	count	count	standard	109
shadowlist-core-tests	packages/shadowlist-core-tests/tests_header_size.cpp	native	parameter	keys	keys	standard	109
shadowlist-core-tests	packages/shadowlist-core-tests/tests_header_size.cpp	native	variable	restingOffset	restingOffset	standard	118
shadowlist-core-tests	packages/shadowlist-core-tests/tests_header_size.cpp	native	variable	before	before	standard	122
shadowlist-core-tests	packages/shadowlist-core-tests/tests_header_size.cpp	native	variable	token	token	standard	128
shadowlist-core-tests	packages/shadowlist-core-tests/tests_header_size.cpp	native	variable	published	published	standard	134
shadowlist-core-tests	packages/shadowlist-core-tests/tests_header_size.cpp	native	variable	before	before	standard	162
shadowlist-core-tests	packages/shadowlist-core-tests/tests_header_size.cpp	native	variable	token	token	standard	166
shadowlist-core-tests	packages/shadowlist-core-tests/tests_header_size.cpp	native	variable	published	published	standard	171
shadowlist-core-tests	packages/shadowlist-core-tests/tests_header_size.cpp	native	variable	before	before	standard	203
shadowlist-core-tests	packages/shadowlist-core-tests/tests_header_size.cpp	native	variable	published	published	standard	209
shadowlist-core-tests	packages/shadowlist-core-tests/tests_header_size.cpp	native	variable	anchored	anchored	standard	245
shadowlist-core-tests	packages/shadowlist-core-tests/tests_header_size.cpp	native	variable	token	token	standard	272
shadowlist-core-tests	packages/shadowlist-core-tests/tests_header_size.cpp	native	variable	deepContainer	deepContainer	standard	316
shadowlist-core-tests	packages/shadowlist-core-tests/tests_header_size.cpp	native	variable	commit	commit	standard	362
shadowlist-core-tests	packages/shadowlist-core-tests/tests_native_binding.cpp	native	variable	path	path	standard	15
shadowlist-core-tests	packages/shadowlist-core-tests/tests_native_binding.cpp	native	variable	plain	plain	standard	26
shadowlist-core-tests	packages/shadowlist-core-tests/tests_native_binding.cpp	native	variable	negated	negated	standard	32
shadowlist-core-tests	packages/shadowlist-core-tests/tests_native_binding.cpp	native	variable	plain	plain	standard	39
shadowlist-core-tests	packages/shadowlist-core-tests/tests_native_binding.cpp	native	variable	negative	negative	standard	44
shadowlist-core-tests	packages/shadowlist-core-tests/tests_native_binding.cpp	native	variable	format	format	standard	48
shadowlist-core-tests	packages/shadowlist-core-tests/tests_native_binding.cpp	native	variable	expression	expression	standard	60
shadowlist-core-tests	packages/shadowlist-core-tests/tests_native_binding.cpp	native	variable	unclosed	unclosed	standard	70
shadowlist-core-tests	packages/shadowlist-core-tests/tests_prediction.cpp	native	variable	count	count	standard	25
shadowlist-core-tests	packages/shadowlist-core-tests/tests_prediction.cpp	native	parameter	count	count	standard	25
shadowlist-core-tests	packages/shadowlist-core-tests/tests_prediction.cpp	native	variable	index	index	standard	28
shadowlist-core-tests	packages/shadowlist-core-tests/tests_prediction.cpp	native	parameter	container	container	standard	35
shadowlist-core-tests	packages/shadowlist-core-tests/tests_prediction.cpp	native	parameter	heights	heights	standard	35
shadowlist-core-tests	packages/shadowlist-core-tests/tests_prediction.cpp	native	parameter	keys	keys	standard	35
shadowlist-core-tests	packages/shadowlist-core-tests/tests_prediction.cpp	native	variable	index	index	standard	36
shadowlist-core-tests	packages/shadowlist-core-tests/tests_prediction.cpp	native	variable	low	low	standard	46
shadowlist-core-tests	packages/shadowlist-core-tests/tests_prediction.cpp	native	variable	high	high	standard	47
shadowlist-core-tests	packages/shadowlist-core-tests/tests_prediction.cpp	native	variable	changedCount	changedCount	standard	48
shadowlist-core-tests	packages/shadowlist-core-tests/tests_prediction.cpp	native	variable	lowestChanged	lowestChanged	standard	49
shadowlist-core-tests	packages/shadowlist-core-tests/tests_prediction.cpp	native	variable	index	index	standard	50
shadowlist-core-tests	packages/shadowlist-core-tests/tests_prediction.cpp	native	parameter	container	container	standard	64
shadowlist-core-tests	packages/shadowlist-core-tests/tests_prediction.cpp	native	parameter	heights	heights	standard	64
shadowlist-core-tests	packages/shadowlist-core-tests/tests_prediction.cpp	native	parameter	label	label	standard	64
shadowlist-core-tests	packages/shadowlist-core-tests/tests_prediction.cpp	native	variable	expected	expected	standard	65
shadowlist-core-tests	packages/shadowlist-core-tests/tests_prediction.cpp	native	variable	index	index	standard	66
shadowlist-core-tests	packages/shadowlist-core-tests/tests_prediction.cpp	native	variable	predictedChanges	predictedChanges	standard	87
shadowlist-core-tests	packages/shadowlist-core-tests/tests_prediction.cpp	native	variable	blindChanges	blindChanges	standard	91
shadowlist-core-tests	packages/shadowlist-core-tests/tests_prediction.cpp	native	variable	expectedTotal	expectedTotal	standard	123
shadowlist-core-tests	packages/shadowlist-core-tests/tests_prediction.cpp	native	variable	height	height	standard	124
shadowlist-core-tests	packages/shadowlist-core-tests/tests_prediction.cpp	native	variable	index	index	standard	149
shadowlist-core-tests	packages/shadowlist-core-tests/tests_prediction.cpp	native	variable	offsetBefore	offsetBefore	standard	162
shadowlist-core-tests	packages/shadowlist-core-tests/tests_prediction.cpp	native	variable	reflowFrom	reflowFrom	standard	164
shadowlist-core-tests	packages/shadowlist-core-tests/tests_prediction.cpp	native	variable	freshIndex	freshIndex	standard	234
shadowlist-core-tests	packages/shadowlist-core-tests/tests_prediction.cpp	native	variable	expectedOffset	expectedOffset	standard	259
shadowlist-core-tests	packages/shadowlist-core-tests/tests_prediction.cpp	native	variable	index	index	standard	260
shadowlist-core-tests	packages/shadowlist-core-tests/tests_prediction.cpp	native	variable	index	index	standard	285
shadowlist-core-tests	packages/shadowlist-core-tests/tests_prediction.cpp	native	variable	index	index	standard	308
shadowlist-core-tests	packages/shadowlist-core-tests/tests_prediction.cpp	native	variable	index	index	standard	315
shadowlist-core-tests	packages/shadowlist-core-tests/tests_prediction.cpp	native	variable	changed	changed	standard	321
shadowlist-core-tests	packages/shadowlist-core-tests/tests_prediction.cpp	native	variable	index	index	standard	322
shadowlist-core-tests	packages/shadowlist-core-tests/tests_prediction.cpp	native	variable	offsetBefore	offsetBefore	standard	338
shadowlist-core-tests	packages/shadowlist-core-tests/tests_prediction.cpp	native	variable	index	index	standard	405
shadowlist-core-tests	packages/shadowlist-core-tests/tests_prediction.cpp	native	variable	index	index	standard	411
shadowlist-core-tests	packages/shadowlist-core-tests/tests_prediction.cpp	native	variable	index	index	standard	420
shadowlist-core-tests	packages/shadowlist-core-tests/tests_prediction.cpp	native	variable	at	at	standard	421
shadowlist-core-tests	packages/shadowlist-core-tests/tests_prediction.cpp	native	variable	index	index	standard	435
shadowlist-core-tests	packages/shadowlist-core-tests/tests_prediction.cpp	native	variable	index	index	standard	453
shadowlist-core-tests	packages/shadowlist-core-tests/tests_prediction.cpp	native	variable	index	index	standard	496
shadowlist-core-tests	packages/shadowlist-core-tests/tests_prediction.cpp	native	variable	prependCount	prependCount	standard	518
shadowlist-core-tests	packages/shadowlist-core-tests/tests_prediction.cpp	native	variable	index	index	standard	520
shadowlist-core-tests	packages/shadowlist-core-tests/tests_prediction.cpp	native	variable	index	index	standard	528
shadowlist-core-tests	packages/shadowlist-core-tests/tests_prediction.cpp	native	variable	index	index	standard	533
shadowlist-core-tests	packages/shadowlist-core-tests/tests_prediction.cpp	native	variable	totalBefore	totalBefore	standard	556
shadowlist-core-tests	packages/shadowlist-core-tests/tests_prediction.cpp	native	variable	prependCount	prependCount	standard	558
shadowlist-core-tests	packages/shadowlist-core-tests/tests_prediction.cpp	native	variable	index	index	standard	560
shadowlist-core-tests	packages/shadowlist-core-tests/tests_prediction.cpp	native	variable	fallback	fallback	standard	569
shadowlist-core-tests	packages/shadowlist-core-tests/tests_prediction.cpp	native	variable	prependedTotal	prependedTotal	standard	570
shadowlist-core-tests	packages/shadowlist-core-tests/tests_prediction.cpp	native	variable	index	index	standard	571
shadowlist-core-tests	packages/shadowlist-core-tests/tests_prediction.cpp	native	variable	index	index	standard	580
shadowlist-core-tests	packages/shadowlist-core-tests/tests_prediction.cpp	native	variable	index	index	standard	605
shadowlist-core-tests	packages/shadowlist-core-tests/tests_prediction.cpp	native	variable	round	round	standard	617
shadowlist-core-tests	packages/shadowlist-core-tests/tests_prediction.cpp	native	variable	index	index	standard	619
shadowlist-core-tests	packages/shadowlist-core-tests/tests_prediction.cpp	native	variable	index	index	standard	628
shadowlist-core-tests	packages/shadowlist-core-tests/tests_virtualization.cpp	native	variable	columns	columns	standard	25
shadowlist-core-tests	packages/shadowlist-core-tests/tests_virtualization.cpp	native	variable	horizontal	horizontal	standard	26
shadowlist-core-tests	packages/shadowlist-core-tests/tests_virtualization.cpp	native	variable	inverted	inverted	standard	27
shadowlist-core-tests	packages/shadowlist-core-tests/tests_virtualization.cpp	native	variable	followAppends	followAppends	standard	28
shadowlist-core-tests	packages/shadowlist-core-tests/tests_virtualization.cpp	native	variable	overscan	overscan	standard	29
shadowlist-core-tests	packages/shadowlist-core-tests/tests_virtualization.cpp	native	variable	estimatedWidth	estimatedWidth	standard	30
shadowlist-core-tests	packages/shadowlist-core-tests/tests_virtualization.cpp	native	variable	estimatedHeight	estimatedHeight	standard	31
shadowlist-core-tests	packages/shadowlist-core-tests/tests_virtualization.cpp	native	parameter	fixture	fixture	standard	34
shadowlist-core-tests	packages/shadowlist-core-tests/tests_virtualization.cpp	native	parameter	keys	keys	standard	34
shadowlist-core-tests	packages/shadowlist-core-tests/tests_virtualization.cpp	native	variable	offset	offset	standard	34
shadowlist-core-tests	packages/shadowlist-core-tests/tests_virtualization.cpp	native	parameter	offset	offset	standard	34
shadowlist-core-tests	packages/shadowlist-core-tests/tests_virtualization.cpp	native	parameter	container	container	standard	55
shadowlist-core-tests	packages/shadowlist-core-tests/tests_virtualization.cpp	native	variable	visible	visible	standard	56
shadowlist-core-tests	packages/shadowlist-core-tests/tests_virtualization.cpp	native	parameter	container	container	standard	64
shadowlist-core-tests	packages/shadowlist-core-tests/tests_virtualization.cpp	native	parameter	context	context	standard	64
shadowlist-core-tests	packages/shadowlist-core-tests/tests_virtualization.cpp	native	variable	window	window	standard	66
shadowlist-core-tests	packages/shadowlist-core-tests/tests_virtualization.cpp	native	variable	index	index	standard	76
shadowlist-core-tests	packages/shadowlist-core-tests/tests_virtualization.cpp	native	parameter	container	container	standard	87
shadowlist-core-tests	packages/shadowlist-core-tests/tests_virtualization.cpp	native	parameter	context	context	standard	87
shadowlist-core-tests	packages/shadowlist-core-tests/tests_virtualization.cpp	native	variable	columns	columns	standard	88
shadowlist-core-tests	packages/shadowlist-core-tests/tests_virtualization.cpp	native	variable	headerSize	headerSize	standard	89
shadowlist-core-tests	packages/shadowlist-core-tests/tests_virtualization.cpp	native	variable	index	index	standard	92
shadowlist-core-tests	packages/shadowlist-core-tests/tests_virtualization.cpp	native	variable	track	track	standard	93
shadowlist-core-tests	packages/shadowlist-core-tests/tests_virtualization.cpp	native	variable	expected	expected	standard	94
shadowlist-core-tests	packages/shadowlist-core-tests/tests_virtualization.cpp	native	variable	actual	actual	standard	95
shadowlist-core-tests	packages/shadowlist-core-tests/tests_virtualization.cpp	native	parameter	container	container	standard	105
shadowlist-core-tests	packages/shadowlist-core-tests/tests_virtualization.cpp	native	parameter	heights	heights	standard	105
shadowlist-core-tests	packages/shadowlist-core-tests/tests_virtualization.cpp	native	variable	index	index	standard	106
shadowlist-core-tests	packages/shadowlist-core-tests/tests_virtualization.cpp	native	variable	count	count	standard	111
shadowlist-core-tests	packages/shadowlist-core-tests/tests_virtualization.cpp	native	parameter	count	count	standard	111
shadowlist-core-tests	packages/shadowlist-core-tests/tests_virtualization.cpp	native	variable	index	index	standard	114
shadowlist-core-tests	packages/shadowlist-core-tests/tests_virtualization.cpp	native	variable	total	total	standard	140
shadowlist-core-tests	packages/shadowlist-core-tests/tests_virtualization.cpp	native	variable	offset	offset	standard	141
shadowlist-core-tests	packages/shadowlist-core-tests/tests_virtualization.cpp	native	variable	index	index	standard	156
shadowlist-core-tests	packages/shadowlist-core-tests/tests_virtualization.cpp	native	variable	width	width	standard	157
shadowlist-core-tests	packages/shadowlist-core-tests/tests_virtualization.cpp	native	variable	total	total	standard	161
shadowlist-core-tests	packages/shadowlist-core-tests/tests_virtualization.cpp	native	variable	offset	offset	standard	162
shadowlist-core-tests	packages/shadowlist-core-tests/tests_virtualization.cpp	native	variable	total	total	standard	177
shadowlist-core-tests	packages/shadowlist-core-tests/tests_virtualization.cpp	native	variable	offset	offset	standard	178
shadowlist-core-tests	packages/shadowlist-core-tests/tests_virtualization.cpp	native	parameter	offset	offset	standard	179
shadowlist-core-tests	packages/shadowlist-core-tests/tests_virtualization.cpp	native	variable	index	index	standard	194
shadowlist-core-tests	packages/shadowlist-core-tests/tests_virtualization.cpp	native	variable	height	height	standard	196
shadowlist-core-tests	packages/shadowlist-core-tests/tests_virtualization.cpp	native	variable	total	total	standard	200
shadowlist-core-tests	packages/shadowlist-core-tests/tests_virtualization.cpp	native	variable	offset	offset	standard	201
shadowlist-core-tests	packages/shadowlist-core-tests/tests_virtualization.cpp	native	variable	offsetInsideTallRow	offsetInsideTallRow	standard	222
shadowlist-core-tests	packages/shadowlist-core-tests/tests_virtualization.cpp	native	variable	window	window	standard	225
shadowlist-core-tests	packages/shadowlist-core-tests/tests_virtualization.cpp	native	variable	index	index	standard	261
shadowlist-core-tests	packages/shadowlist-core-tests/tests_virtualization.cpp	native	variable	index	index	standard	269
shadowlist-core-tests	packages/shadowlist-core-tests/tests_virtualization.cpp	native	variable	index	index	standard	287
shadowlist-core-tests	packages/shadowlist-core-tests/tests_virtualization.cpp	native	variable	offsetBefore	offsetBefore	standard	290
shadowlist-core-tests	packages/shadowlist-core-tests/tests_virtualization.cpp	native	variable	totalBefore	totalBefore	standard	291
shadowlist-core-tests	packages/shadowlist-core-tests/tests_virtualization.cpp	native	variable	repeat	repeat	standard	293
shadowlist-core-tests	packages/shadowlist-core-tests/tests_virtualization.cpp	native	variable	index	index	standard	294
shadowlist-core-tests	packages/shadowlist-core-tests/tests_virtualization.cpp	native	variable	index	index	standard	300
shadowlist-core-tests	packages/shadowlist-core-tests/tests_virtualization.cpp	native	variable	index	index	standard	315
shadowlist-core-tests	packages/shadowlist-core-tests/tests_virtualization.cpp	native	variable	index	index	standard	321
shadowlist-core-tests	packages/shadowlist-core-tests/tests_virtualization.cpp	native	variable	index	index	standard	324
shadowlist-core-tests	packages/shadowlist-core-tests/tests_virtualization.cpp	native	variable	index	index	standard	361
shadowlist-core-tests	packages/shadowlist-core-tests/tests_virtualization.cpp	native	variable	index	index	standard	371
shadowlist-core-tests	packages/shadowlist-core-tests/tests_virtualization.cpp	native	variable	liveIndex	liveIndex	standard	376
shadowlist-core-tests	packages/shadowlist-core-tests/tests_virtualization.cpp	native	variable	checkMap	checkMap	standard	390
shadowlist-core-tests	packages/shadowlist-core-tests/tests_virtualization.cpp	native	variable	index	index	standard	391
shadowlist-core-tests	packages/shadowlist-core-tests/tests_virtualization.cpp	native	variable	found	found	standard	393
shadowlist-core-tests	packages/shadowlist-core-tests/tests_virtualization.cpp	native	variable	offset	offset	standard	470
shadowlist-core-tests	packages/shadowlist-core-tests/tests_virtualization.cpp	native	variable	movedIndex	movedIndex	standard	478
shadowlist-core-tests	packages/shadowlist-core-tests/tests_virtualization.cpp	native	parameter	fixture	fixture	standard	490
shadowlist-core-tests	packages/shadowlist-core-tests/tests_virtualization.cpp	native	variable	headerSize	headerSize	standard	490
shadowlist-core-tests	packages/shadowlist-core-tests/tests_virtualization.cpp	native	parameter	headerSize	headerSize	standard	490
shadowlist-core-tests	packages/shadowlist-core-tests/tests_virtualization.cpp	native	variable	restIndex	restIndex	standard	490
shadowlist-core-tests	packages/shadowlist-core-tests/tests_virtualization.cpp	native	parameter	restIndex	restIndex	standard	490
shadowlist-core-tests	packages/shadowlist-core-tests/tests_virtualization.cpp	native	variable	frame	frame	standard	493
shadowlist-core-tests	packages/shadowlist-core-tests/tests_virtualization.cpp	native	variable	offset	offset	standard	493
shadowlist-core-tests	packages/shadowlist-core-tests/tests_virtualization.cpp	native	variable	currentOffset	currentOffset	standard	498
shadowlist-core-tests	packages/shadowlist-core-tests/tests_virtualization.cpp	native	variable	count	count	standard	502
shadowlist-core-tests	packages/shadowlist-core-tests/tests_virtualization.cpp	native	variable	measureAll	measureAll	standard	502
shadowlist-core-tests	packages/shadowlist-core-tests/tests_virtualization.cpp	native	variable	index	index	standard	503
shadowlist-core-tests	packages/shadowlist-core-tests/tests_virtualization.cpp	native	variable	offset	offset	standard	513
shadowlist-core-tests	packages/shadowlist-core-tests/tests_virtualization.cpp	native	variable	restKeyScreenPosition	restKeyScreenPosition	standard	516
shadowlist-core-tests	packages/shadowlist-core-tests/tests_virtualization.cpp	native	variable	movedIndex	movedIndex	standard	522
shadowlist-core-tests	packages/shadowlist-core-tests/tests_virtualization.cpp	native	variable	corrected	corrected	standard	529
shadowlist-core-tests	packages/shadowlist-core-tests/tests_virtualization.cpp	native	variable	offset	offset	standard	570
shadowlist-core-tests	packages/shadowlist-core-tests/tests_virtualization.cpp	native	variable	frame	frame	standard	571
shadowlist-core-tests	packages/shadowlist-core-tests/tests_virtualization.cpp	native	variable	maxOffset	maxOffset	standard	578
shadowlist-core-tests	packages/shadowlist-core-tests/tests_virtualization.cpp	native	variable	offset	offset	standard	594
shadowlist-core-tests	packages/shadowlist-core-tests/tests_virtualization.cpp	native	variable	frame	frame	standard	595
shadowlist-core-tests	packages/shadowlist-core-tests/tests_virtualization.cpp	native	variable	window	window	standard	605
shadowlist-core-tests	packages/shadowlist-core-tests/tests_virtualization.cpp	native	variable	offset	offset	standard	625
shadowlist-core-tests	packages/shadowlist-core-tests/tests_virtualization.cpp	native	variable	frame	frame	standard	626
shadowlist-core-tests	packages/shadowlist-core-tests/tests_virtualization.cpp	native	variable	bottom	bottom	standard	651
shadowlist-core-tests	packages/shadowlist-core-tests/tests_virtualization.cpp	native	variable	dragged	dragged	standard	655
shadowlist-core-tests	packages/shadowlist-core-tests/tests_virtualization.cpp	native	variable	flush	flush	standard	662
shadowlist-core-tests	packages/shadowlist-core-tests/tests_virtualization.cpp	native	variable	bottom	bottom	standard	681
shadowlist-core-tests	packages/shadowlist-core-tests/tests_virtualization.cpp	native	variable	dragged	dragged	standard	683
shadowlist-core-tests	packages/shadowlist-core-tests/tests_virtualization.cpp	native	variable	flush	flush	standard	690
shadowlist-core-tests	packages/shadowlist-core-tests/tests_virtualization.cpp	native	variable	bottom	bottom	standard	712
shadowlist-core-tests	packages/shadowlist-core-tests/tests_virtualization.cpp	native	variable	offset	offset	standard	726
shadowlist-core-tests	packages/shadowlist-core-tests/tests_virtualization.cpp	native	variable	frame	frame	standard	727
shadowlist-core-tests	packages/shadowlist-core-tests/tests_virtualization.cpp	native	variable	bottom	bottom	standard	746
shadowlist-core-tests	packages/shadowlist-core-tests/tests_virtualization.cpp	native	variable	flush	flush	standard	755
shadowlist-core-tests	packages/shadowlist-core-tests/tests_virtualization.cpp	native	variable	flush	flush	standard	784
shadowlist-core-tests	packages/shadowlist-core-tests/tests_virtualization.cpp	native	variable	headRows	headRows	standard	807
shadowlist-core-tests	packages/shadowlist-core-tests/tests_virtualization.cpp	native	variable	bottom	bottom	standard	809
shadowlist-core-tests	packages/shadowlist-core-tests/tests_virtualization.cpp	native	variable	parked	parked	standard	810
shadowlist-core-tests	packages/shadowlist-core-tests/tests_virtualization.cpp	native	variable	shrunk	shrunk	standard	817
shadowlist-core-tests	packages/shadowlist-core-tests/tests_virtualization.cpp	native	variable	flush	flush	standard	822
shadowlist-core-tests	packages/shadowlist-core-tests/tests_virtualization.cpp	native	variable	bottom	bottom	standard	844
shadowlist-core-tests	packages/shadowlist-core-tests/tests_virtualization.cpp	native	variable	parked	parked	standard	845
shadowlist-core-tests	packages/shadowlist-core-tests/tests_virtualization.cpp	native	variable	emptied	emptied	standard	853
shadowlist-core-tests	packages/shadowlist-core-tests/tests_virtualization.cpp	native	variable	shrunkBottom	shrunkBottom	standard	855
shadowlist-core-tests	packages/shadowlist-core-tests/tests_virtualization.cpp	native	variable	rested	rested	standard	867
shadowlist-core-tests	packages/shadowlist-core-tests/tests_virtualization.cpp	native	variable	flush	flush	standard	868
shadowlist-core-tests	packages/shadowlist-core-tests/tests_virtualization.cpp	native	variable	startReached	startReached	standard	884
shadowlist-core-tests	packages/shadowlist-core-tests/tests_virtualization.cpp	native	variable	endReached	endReached	standard	885
shadowlist-core-tests	packages/shadowlist-core-tests/tests_virtualization.cpp	native	variable	bottom	bottom	standard	891
shadowlist-core-tests	packages/shadowlist-core-tests/tests_virtualization.cpp	native	variable	startAtBottom	startAtBottom	standard	894
shadowlist-core-tests	packages/shadowlist-core-tests/tests_virtualization.cpp	native	variable	round	round	standard	898
shadowlist-core-tests	packages/shadowlist-core-tests/tests_virtualization.cpp	native	variable	bottom	bottom	standard	928
shadowlist-core-tests	packages/shadowlist-core-tests/tests_virtualization.cpp	native	variable	offset	offset	standard	930
shadowlist-core-tests	packages/shadowlist-core-tests/tests_virtualization.cpp	native	variable	frame	frame	standard	931
shadowlist-core-tests	packages/shadowlist-core-tests/tests_virtualization.cpp	native	variable	frame	frame	standard	954
shadowlist-core-tests	packages/shadowlist-core-tests/tests_virtualization.cpp	native	variable	bottom	bottom	standard	974
shadowlist-core-tests	packages/shadowlist-core-tests/tests_virtualization.cpp	native	variable	parked	parked	standard	988
shadowlist-core-tests	packages/shadowlist-core-tests/tests_virtualization.cpp	native	variable	offset	offset	standard	1002
shadowlist-core-tests	packages/shadowlist-core-tests/tests_virtualization.cpp	native	variable	frame	frame	standard	1003
shadowlist-core-tests	packages/shadowlist-core-tests/tests_virtualization.cpp	native	variable	targetIndex	targetIndex	standard	1008
shadowlist-core-tests	packages/shadowlist-core-tests/tests_virtualization.cpp	native	variable	deepOffset	deepOffset	standard	1020
shadowlist-core-tests	packages/shadowlist-core-tests/tests_virtualization.cpp	native	variable	offset	offset	standard	1024
shadowlist-core-tests	packages/shadowlist-core-tests/tests_virtualization.cpp	native	variable	frame	frame	standard	1025
shadowlist-core-tests	packages/shadowlist-core-tests/tests_virtualization.cpp	native	variable	maxOffset	maxOffset	standard	1030
shadowlist-core-tests	packages/shadowlist-core-tests/tests_virtualization.cpp	native	variable	index	index	standard	1050
shadowlist-core-tests	packages/shadowlist-core-tests/tests_virtualization.cpp	native	variable	viewable	viewable	standard	1105
shadowlist-core-tests	packages/shadowlist-core-tests/tests_virtualization.cpp	native	variable	viewportStart	viewportStart	standard	1107
shadowlist-core-tests	packages/shadowlist-core-tests/tests_virtualization.cpp	native	variable	viewportEnd	viewportEnd	standard	1108
shadowlist-core-tests	packages/shadowlist-core-tests/tests_virtualization.cpp	native	variable	index	index	standard	1109
shadowlist-core-tests	packages/shadowlist-core-tests/tests_virtualization.cpp	native	variable	start	start	standard	1110
shadowlist-core-tests	packages/shadowlist-core-tests/tests_virtualization.cpp	native	variable	end	end	standard	1111
shadowlist-core-tests	packages/shadowlist-core-tests/tests_virtualization.cpp	native	variable	index	index	standard	1130
shadowlist-core-tests	packages/shadowlist-core-tests/tests_virtualization.cpp	native	variable	index	index	standard	1135
shadowlist-core-tests	packages/shadowlist-core-tests/tests_virtualization.cpp	native	variable	index	index	standard	1144
shadowlist-core-tests	packages/shadowlist-core-tests/tests_virtualization.cpp	native	variable	totalBefore	totalBefore	standard	1151
shadowlist-core-tests	packages/shadowlist-core-tests/tests_virtualization.cpp	native	variable	lastOffsetBefore	lastOffsetBefore	standard	1152
shadowlist-core-tests	packages/shadowlist-core-tests/tests_virtualization.cpp	native	variable	repeat	repeat	standard	1153
shadowlist-core-tests	packages/shadowlist-core-tests/tests_virtualization.cpp	native	variable	index	index	standard	1169
shadowlist-core-tests	packages/shadowlist-core-tests/tests_virtualization.cpp	native	variable	index	index	standard	1174
shadowlist-core-tests	packages/shadowlist-core-tests/tests_virtualization.cpp	native	variable	trackSize	trackSize	standard	1189
shadowlist-core-tests	packages/shadowlist-core-tests/tests_virtualization.cpp	native	variable	index	index	standard	1190
shadowlist-core-tests	packages/shadowlist-core-tests/tests_virtualization.cpp	native	variable	seed	seed	standard	1227
shadowlist-core-tests	packages/shadowlist-core-tests/tests_virtualization.cpp	native	variable	nextRandom	nextRandom	standard	1228
shadowlist-core-tests	packages/shadowlist-core-tests/tests_virtualization.cpp	native	variable	offset	offset	standard	1233
shadowlist-core-tests	packages/shadowlist-core-tests/tests_virtualization.cpp	native	variable	freshCounter	freshCounter	standard	1234
shadowlist-core-tests	packages/shadowlist-core-tests/tests_virtualization.cpp	native	variable	windowFresh	windowFresh	standard	1238
shadowlist-core-tests	packages/shadowlist-core-tests/tests_virtualization.cpp	native	variable	step	step	standard	1240
shadowlist-core-tests	packages/shadowlist-core-tests/tests_virtualization.cpp	native	variable	total	total	standard	1243
shadowlist-core-tests	packages/shadowlist-core-tests/tests_virtualization.cpp	native	variable	index	index	standard	1256
shadowlist-core-tests	packages/shadowlist-core-tests/tests_virtualization.cpp	native	variable	height	height	standard	1257
shadowlist-core-tests	packages/shadowlist-core-tests/tests_virtualization.cpp	native	variable	at	at	standard	1264
shadowlist-core-tests	packages/shadowlist-core-tests/tests_virtualization.cpp	native	variable	index	index	standard	1266
shadowlist-core-tests	packages/shadowlist-core-tests/tests_virtualization.cpp	native	variable	at	at	standard	1278
shadowlist-core-tests	packages/shadowlist-core-tests/tests_virtualization.cpp	native	variable	from	from	standard	1288
shadowlist-core-tests	packages/shadowlist-core-tests/tests_virtualization.cpp	native	variable	to	to	standard	1289
shadowlist-core-tests	packages/shadowlist-core-tests/tests_virtualization.cpp	native	variable	frame	frame	standard	1320
shadowlist-core-tests	packages/shadowlist-core-tests/tests_virtualization.cpp	native	variable	inserted	inserted	standard	1335
shadowlist-core-tests	packages/shadowlist-core-tests/tests_virtualization.cpp	native	variable	token	token	standard	1358
shadowlist-core-tests	packages/shadowlist-core-tests/tests_virtualization.cpp	native	variable	firstOld	firstOld	standard	1377
shadowlist-core-tests	packages/shadowlist-core-tests/tests_virtualization.cpp	native	variable	bottom	bottom	standard	1393
shadowlist-core-tests	packages/shadowlist-core-tests/tests_virtualization.cpp	native	variable	index	index	standard	1397
shadowlist-core-tests	packages/shadowlist-core-tests/tests_virtualization.cpp	native	variable	offset	offset	standard	1401
shadowlist-core-tests	packages/shadowlist-core-tests/tests_virtualization.cpp	native	variable	frame	frame	standard	1402
shadowlist-core-tests	packages/shadowlist-core-tests/tests_virtualization.cpp	native	variable	index	index	standard	1405
shadowlist-core-tests	packages/shadowlist-core-tests/tests_virtualization.cpp	native	variable	newBottom	newBottom	standard	1412
shadowlist-core-tests	packages/shadowlist-core-tests/tests_virtualization.cpp	native	variable	bottom	bottom	standard	1428
shadowlist-core-tests	packages/shadowlist-core-tests/tests_virtualization.cpp	native	variable	index	index	standard	1431
shadowlist-core-tests	packages/shadowlist-core-tests/tests_virtualization.cpp	native	variable	offset	offset	standard	1434
shadowlist-core-tests	packages/shadowlist-core-tests/tests_virtualization.cpp	native	variable	frame	frame	standard	1435
shadowlist-core-tests	packages/shadowlist-core-tests/tests_virtualization.cpp	native	variable	index	index	standard	1438
shadowlist-core-tests	packages/shadowlist-core-tests/tests_virtualization.cpp	native	variable	bottom	bottom	standard	1459
shadowlist-core-tests	packages/shadowlist-core-tests/tests_virtualization.cpp	native	variable	parked	parked	standard	1461
shadowlist-core-tests	packages/shadowlist-core-tests/tests_virtualization.cpp	native	variable	frame	frame	standard	1471
shadowlist-core-tests	packages/shadowlist-core-tests/tests_virtualization.cpp	native	variable	offset	offset	standard	1490
shadowlist-core-tests	packages/shadowlist-core-tests/tests_virtualization.cpp	native	variable	frame	frame	standard	1492
shadowlist-core-tests	packages/shadowlist-core-tests/tests_virtualization.cpp	native	variable	windowHeight	windowHeight	standard	1492
shadowlist-core-tests	packages/shadowlist-core-tests/tests_virtualization.cpp	native	variable	settle	settle	standard	1501
shadowlist-core-tests	packages/shadowlist-core-tests/tests_virtualization.cpp	native	variable	windowHeight	windowHeight	standard	1510
shadowlist-core-tests	packages/shadowlist-core-tests/tests_virtualization.cpp	native	variable	line	line	standard	1511
shadowlist-core-tests	packages/shadowlist-core-tests/tests_virtualization.cpp	native	variable	settle	settle	standard	1521
shadowlist-core-tests	packages/shadowlist-core-tests/tests_virtualization.cpp	native	variable	settle	settle	standard	1529
shadowlist-core-tests	packages/shadowlist-core-tests/tests_virtualization.cpp	native	variable	bottom	bottom	standard	1546
shadowlist-core-tests	packages/shadowlist-core-tests/tests_virtualization.cpp	native	variable	parked	parked	standard	1548
shadowlist-core-tests	packages/shadowlist-core-tests/tests_virtualization.cpp	native	variable	frame	frame	standard	1555
shadowlist-core-tests	packages/shadowlist-core-tests/tests_virtualization.cpp	native	variable	maxOffset	maxOffset	standard	1574
shadowlist-core-tests	packages/shadowlist-core-tests/tests_virtualization.cpp	native	variable	token	token	standard	1598
shadowlist-core-tests	packages/shadowlist-core-tests/tests_virtualization.cpp	native	variable	target	target	standard	1623
shadowlist-core-tests	packages/shadowlist-core-tests/tests_virtualization.cpp	native	variable	offset	offset	standard	1650
shadowlist-core-tests	packages/shadowlist-core-tests/tests_virtualization.cpp	native	variable	frame	frame	standard	1651
shadowlist-core-tests	packages/shadowlist-core-tests/tests_virtualization.cpp	native	variable	maxOffset	maxOffset	standard	1653
shadowlist-core-tests	packages/shadowlist-core-tests/tests_virtualization.cpp	native	parameter	container	container	standard	1664
shadowlist-core-tests	packages/shadowlist-core-tests/tests_virtualization.cpp	native	parameter	keys	keys	standard	1664
shadowlist-core-tests	packages/shadowlist-core-tests/tests_virtualization.cpp	native	variable	index	index	standard	1665
shadowlist-core-tests	packages/shadowlist-core-tests/tests_virtualization.cpp	native	variable	bottom	bottom	standard	1680
shadowlist-core-tests	packages/shadowlist-core-tests/tests_virtualization.cpp	native	variable	offset	offset	standard	1684
shadowlist-core-tests	packages/shadowlist-core-tests/tests_virtualization.cpp	native	variable	bottom	bottom	standard	1696
shadowlist-core-tests	packages/shadowlist-core-tests/tests_virtualization.cpp	native	variable	anchorRow	anchorRow	standard	1704
shadowlist-core-tests	packages/shadowlist-core-tests/tests_virtualization.cpp	native	variable	anchorDelta	anchorDelta	standard	1705
shadowlist-core-tests	packages/shadowlist-core-tests/tests_virtualization.cpp	native	variable	offset	offset	standard	1708
shadowlist-core-tests	packages/shadowlist-core-tests/tests_virtualization.cpp	native	variable	straddling	straddling	standard	1722
shadowlist-core-tests	packages/shadowlist-core-tests/tests_virtualization.cpp	native	variable	belowOnScreen	belowOnScreen	standard	1730
shadowlist-core-tests	packages/shadowlist-core-tests/tests_virtualization.cpp	native	constant	TOP_EDGE_HEADER	TOP_EDGE_HEADER	standard	1742
shadowlist-core-tests	packages/shadowlist-core-tests/tests_virtualization.cpp	native	constant	TOP_EDGE_ROW_HEIGHT	TOP_EDGE_ROW_HEIGHT	standard	1743
shadowlist-core-tests	packages/shadowlist-core-tests/tests_virtualization.cpp	native	variable	offset	offset	standard	1748
shadowlist-core-tests	packages/shadowlist-core-tests/tests_virtualization.cpp	native	variable	echoedToken	echoedToken	standard	1751
shadowlist-core-tests	packages/shadowlist-core-tests/tests_virtualization.cpp	native	parameter	container	container	standard	1762
shadowlist-core-tests	packages/shadowlist-core-tests/tests_virtualization.cpp	native	parameter	report	report	standard	1762
shadowlist-core-tests	packages/shadowlist-core-tests/tests_virtualization.cpp	native	parameter	container	container	standard	1771
shadowlist-core-tests	packages/shadowlist-core-tests/tests_virtualization.cpp	native	parameter	fixture	fixture	standard	1771
shadowlist-core-tests	packages/shadowlist-core-tests/tests_virtualization.cpp	native	parameter	keys	keys	standard	1771
shadowlist-core-tests	packages/shadowlist-core-tests/tests_virtualization.cpp	native	variable	frame	frame	standard	1774
shadowlist-core-tests	packages/shadowlist-core-tests/tests_virtualization.cpp	native	parameter	keys	keys	standard	1779
shadowlist-core-tests	packages/shadowlist-core-tests/tests_virtualization.cpp	native	parameter	prefix	prefix	standard	1779
shadowlist-core-tests	packages/shadowlist-core-tests/tests_virtualization.cpp	native	parameter	container	container	standard	1786
shadowlist-core-tests	packages/shadowlist-core-tests/tests_virtualization.cpp	native	parameter	key	key	standard	1786
shadowlist-core-tests	packages/shadowlist-core-tests/tests_virtualization.cpp	native	parameter	container	container	standard	1792
shadowlist-core-tests	packages/shadowlist-core-tests/tests_virtualization.cpp	native	variable	height	height	standard	1792
shadowlist-core-tests	packages/shadowlist-core-tests/tests_virtualization.cpp	native	parameter	height	height	standard	1792
shadowlist-core-tests	packages/shadowlist-core-tests/tests_virtualization.cpp	native	parameter	keys	keys	standard	1792
shadowlist-core-tests	packages/shadowlist-core-tests/tests_virtualization.cpp	native	variable	lowestChangedIndex	lowestChangedIndex	standard	1796
shadowlist-core-tests	packages/shadowlist-core-tests/tests_virtualization.cpp	native	variable	index	index	standard	1798
shadowlist-core-tests	packages/shadowlist-core-tests/tests_virtualization.cpp	native	variable	from	from	standard	1809
shadowlist-core-tests	packages/shadowlist-core-tests/tests_virtualization.cpp	native	parameter	from	from	standard	1809
shadowlist-core-tests	packages/shadowlist-core-tests/tests_virtualization.cpp	native	parameter	keys	keys	standard	1809
shadowlist-core-tests	packages/shadowlist-core-tests/tests_virtualization.cpp	native	variable	to	to	standard	1809
shadowlist-core-tests	packages/shadowlist-core-tests/tests_virtualization.cpp	native	parameter	to	to	standard	1809
shadowlist-core-tests	packages/shadowlist-core-tests/tests_virtualization.cpp	native	variable	offset	offset	standard	1825
shadowlist-core-tests	packages/shadowlist-core-tests/tests_virtualization.cpp	native	variable	firstRowBelowTop	firstRowBelowTop	standard	1828
shadowlist-core-tests	packages/shadowlist-core-tests/tests_virtualization.cpp	native	variable	token	token	standard	1837
shadowlist-core-tests	packages/shadowlist-core-tests/tests_virtualization.cpp	native	variable	applied	applied	standard	1852
shadowlist-core-tests	packages/shadowlist-core-tests/tests_virtualization.cpp	native	variable	firstRowBelowTop	firstRowBelowTop	standard	1873
shadowlist-core-tests	packages/shadowlist-core-tests/tests_virtualization.cpp	native	variable	token	token	standard	1880
shadowlist-core-tests	packages/shadowlist-core-tests/tests_virtualization.cpp	native	variable	applied	applied	standard	1890
shadowlist-core-tests	packages/shadowlist-core-tests/tests_virtualization.cpp	native	variable	rest	rest	standard	1897
shadowlist-core-tests	packages/shadowlist-core-tests/tests_virtualization.cpp	native	variable	firstRowBelowTop	firstRowBelowTop	standard	1915
shadowlist-core-tests	packages/shadowlist-core-tests/tests_virtualization.cpp	native	variable	token	token	standard	1921
shadowlist-core-tests	packages/shadowlist-core-tests/tests_virtualization.cpp	native	variable	applied	applied	standard	1940
shadowlist-core-tests	packages/shadowlist-core-tests/tests_virtualization.cpp	native	variable	token	token	standard	1966
shadowlist-core-tests	packages/shadowlist-core-tests/tests_virtualization.cpp	native	variable	firstTarget	firstTarget	standard	1968
shadowlist-core-tests	packages/shadowlist-core-tests/tests_virtualization.cpp	native	variable	retarget	retarget	standard	1973
shadowlist-core-tests	packages/shadowlist-core-tests/tests_virtualization.cpp	native	variable	echoed	echoed	standard	1976
shadowlist-core-tests	packages/shadowlist-core-tests/tests_virtualization.cpp	native	variable	rest	rest	standard	1982
shadowlist-core-tests	packages/shadowlist-core-tests/tests_virtualization.cpp	native	variable	token	token	standard	2006
shadowlist-core-tests	packages/shadowlist-core-tests/tests_virtualization.cpp	native	variable	applied	applied	standard	2016
shadowlist-core-tests	packages/shadowlist-core-tests/tests_virtualization.cpp	native	variable	firstRowBelowTop	firstRowBelowTop	standard	2038
shadowlist-core-tests	packages/shadowlist-core-tests/tests_virtualization.cpp	native	variable	token	token	standard	2045
shadowlist-core-tests	packages/shadowlist-core-tests/tests_virtualization.cpp	native	variable	firstTarget	firstTarget	standard	2047
shadowlist-core-tests	packages/shadowlist-core-tests/tests_virtualization.cpp	native	variable	retarget	retarget	standard	2052
shadowlist-core	packages/shadowlist-core/Constants.hpp	native	constant	UNDEFINED_INDEX	UNDEFINED_INDEX	standard	9
shadowlist-core	packages/shadowlist-core/Constants.hpp	native	constant	REVISION_COUNT_FIRST	REVISION_COUNT_FIRST	standard	12
shadowlist-core	packages/shadowlist-core/Constants.hpp	native	constant	OFFSET_MOVED_THRESHOLD	OFFSET_MOVED_THRESHOLD	standard	15
shadowlist-core	packages/shadowlist-core/Constants.hpp	native	constant	OFFSET_ARRIVED_THRESHOLD	OFFSET_ARRIVED_THRESHOLD	standard	18
shadowlist-core	packages/shadowlist-core/Constants.hpp	native	constant	INVERTED_FOLLOW_BAND	INVERTED_FOLLOW_BAND	standard	23
shadowlist-core	packages/shadowlist-core/Constants.hpp	native	constant	SCROLL_TO_END_INDEX	SCROLL_TO_END_INDEX	standard	29
shadowlist-core	packages/shadowlist-core/Container.cpp	native	parameter	elements	elements	standard	12
shadowlist-core	packages/shadowlist-core/Container.cpp	native	variable	index	index	standard	12
shadowlist-core	packages/shadowlist-core/Container.cpp	native	parameter	index	index	standard	12
shadowlist-core	packages/shadowlist-core/Container.cpp	native	variable	containerOffset	containerOffset	standard	27
shadowlist-core	packages/shadowlist-core/Container.cpp	native	variable	windowSize	windowSize	standard	28
shadowlist-core	packages/shadowlist-core/Container.cpp	native	variable	totalSize	totalSize	standard	29
shadowlist-core	packages/shadowlist-core/Container.cpp	native	variable	reachingLowEdge	reachingLowEdge	standard	31
shadowlist-core	packages/shadowlist-core/Container.cpp	native	variable	reachingHighEdge	reachingHighEdge	standard	32
shadowlist-core	packages/shadowlist-core/Container.cpp	native	variable	reachedEnd	reachedEnd	standard	37
shadowlist-core	packages/shadowlist-core/Container.cpp	native	variable	reachedStart	reachedStart	standard	38
shadowlist-core	packages/shadowlist-core/Container.cpp	native	variable	elementsSize	elementsSize	standard	46
shadowlist-core	packages/shadowlist-core/Container.cpp	native	variable	index	index	standard	68
shadowlist-core	packages/shadowlist-core/Container.cpp	native	variable	viewPosition	viewPosition	standard	68
shadowlist-core	packages/shadowlist-core/Container.cpp	native	variable	commandIndex	commandIndex	standard	83
shadowlist-core	packages/shadowlist-core/Container.cpp	native	variable	commandSequence	commandSequence	standard	83
shadowlist-core	packages/shadowlist-core/Container.cpp	native	variable	commandViewPosition	commandViewPosition	standard	83
shadowlist-core	packages/shadowlist-core/Container.cpp	native	variable	propIndex	propIndex	standard	83
shadowlist-core	packages/shadowlist-core/Container.cpp	native	variable	fired	fired	standard	85
shadowlist-core	packages/shadowlist-core/Container.cpp	native	variable	viewPosition	viewPosition	standard	95
shadowlist-core	packages/shadowlist-core/Container.cpp	native	variable	previousContainerOffsetX	previousContainerOffsetX	standard	111
shadowlist-core	packages/shadowlist-core/Container.cpp	native	variable	previousContainerOffsetY	previousContainerOffsetY	standard	112
shadowlist-core	packages/shadowlist-core/Container.cpp	native	variable	previousTotalContainerWidth	previousTotalContainerWidth	standard	113
shadowlist-core	packages/shadowlist-core/Container.cpp	native	variable	previousTotalContainerHeight	previousTotalContainerHeight	standard	114
shadowlist-core	packages/shadowlist-core/Container.cpp	native	variable	corrected	corrected	standard	117
shadowlist-core	packages/shadowlist-core/Container.cpp	native	variable	sizeChanged	sizeChanged	standard	118
shadowlist-core	packages/shadowlist-core/Container.cpp	native	variable	footerSize	footerSize	standard	144
shadowlist-core	packages/shadowlist-core/Container.cpp	native	variable	totalSize	totalSize	standard	145
shadowlist-core	packages/shadowlist-core/Container.cpp	native	variable	windowSize	windowSize	standard	150
shadowlist-core	packages/shadowlist-core/Container.cpp	native	variable	totalSize	totalSize	standard	151
shadowlist-core	packages/shadowlist-core/Container.cpp	native	variable	elementsSize	elementsSize	standard	177
shadowlist-core	packages/shadowlist-core/Container.cpp	native	variable	maxOffset	maxOffset	standard	182
shadowlist-core	packages/shadowlist-core/Container.cpp	native	variable	nextElementIndex	nextElementIndex	standard	190
shadowlist-core	packages/shadowlist-core/Container.cpp	native	variable	elementOffset	elementOffset	standard	192
shadowlist-core	packages/shadowlist-core/Container.cpp	native	variable	elementSize	elementSize	standard	193
shadowlist-core	packages/shadowlist-core/Container.cpp	native	variable	target	target	standard	195
shadowlist-core	packages/shadowlist-core/Container.cpp	native	variable	visibleIndices	visibleIndices	standard	244
shadowlist-core	packages/shadowlist-core/Container.cpp	native	variable	viewableIndices	viewableIndices	standard	258
shadowlist-core	packages/shadowlist-core/Container.cpp	native	variable	containerOffsetX	containerOffsetX	standard	268
shadowlist-core	packages/shadowlist-core/Container.cpp	native	variable	containerOffsetY	containerOffsetY	standard	269
shadowlist-core	packages/shadowlist-core/Container.cpp	native	variable	index	index	standard	279
shadowlist-core	packages/shadowlist-core/Container.cpp	native	variable	startIndex	startIndex	standard	292
shadowlist-core	packages/shadowlist-core/Container.cpp	native	variable	endIndex	endIndex	standard	293
shadowlist-core	packages/shadowlist-core/Container.cpp	native	variable	measuredStartIndex	measuredStartIndex	standard	303
shadowlist-core	packages/shadowlist-core/Container.cpp	native	variable	measuredEndIndex	measuredEndIndex	standard	304
shadowlist-core	packages/shadowlist-core/Container.cpp	native	variable	viewportStart	viewportStart	standard	310
shadowlist-core	packages/shadowlist-core/Container.cpp	native	variable	windowSize	windowSize	standard	311
shadowlist-core	packages/shadowlist-core/Container.cpp	native	variable	viewportEnd	viewportEnd	standard	312
shadowlist-core	packages/shadowlist-core/Container.cpp	native	variable	windowLow	windowLow	standard	315
shadowlist-core	packages/shadowlist-core/Container.cpp	native	variable	windowHigh	windowHigh	standard	316
shadowlist-core	packages/shadowlist-core/Container.cpp	native	variable	firstViewable	firstViewable	standard	318
shadowlist-core	packages/shadowlist-core/Container.cpp	native	variable	lastViewable	lastViewable	standard	319
shadowlist-core	packages/shadowlist-core/Container.cpp	native	variable	nextElementIndex	nextElementIndex	standard	321
shadowlist-core	packages/shadowlist-core/Container.cpp	native	variable	elementStart	elementStart	standard	323
shadowlist-core	packages/shadowlist-core/Container.cpp	native	variable	elementSize	elementSize	standard	324
shadowlist-core	packages/shadowlist-core/Container.cpp	native	variable	elementEnd	elementEnd	standard	328
shadowlist-core	packages/shadowlist-core/Container.cpp	native	variable	overlapStart	overlapStart	standard	330
shadowlist-core	packages/shadowlist-core/Container.cpp	native	variable	overlapEnd	overlapEnd	standard	331
shadowlist-core	packages/shadowlist-core/Container.cpp	native	variable	visible	visible	standard	332
shadowlist-core	packages/shadowlist-core/Container.cpp	native	variable	referenceSize	referenceSize	standard	336
shadowlist-core	packages/shadowlist-core/Container.cpp	native	variable	index	index	standard	363
shadowlist-core	packages/shadowlist-core/Container.cpp	native	variable	index	index	standard	372
shadowlist-core	packages/shadowlist-core/Container.cpp	native	variable	index	index	standard	381
shadowlist-core	packages/shadowlist-core/Container.cpp	native	variable	enabled	enabled	standard	398
shadowlist-core	packages/shadowlist-core/Container.cpp	native	variable	enabled	enabled	standard	402
shadowlist-core	packages/shadowlist-core/Container.hpp	native	variable	changed	changed	standard	21
shadowlist-core	packages/shadowlist-core/Container.hpp	native	variable	applyContainerOffset	applyContainerOffset	standard	24
shadowlist-core	packages/shadowlist-core/Container.hpp	native	variable	containerOffsetX	containerOffsetX	standard	26
shadowlist-core	packages/shadowlist-core/Container.hpp	native	variable	containerOffsetY	containerOffsetY	standard	27
shadowlist-core	packages/shadowlist-core/Container.hpp	native	variable	totalContainerWidth	totalContainerWidth	standard	28
shadowlist-core	packages/shadowlist-core/Container.hpp	native	variable	totalContainerHeight	totalContainerHeight	standard	29
shadowlist-core	packages/shadowlist-core/Container.hpp	native	variable	commitToken	commitToken	standard	32
shadowlist-core	packages/shadowlist-core/Container.hpp	native	variable	endReachedEnabled	endReachedEnabled	standard	57
shadowlist-core	packages/shadowlist-core/Container.hpp	native	variable	startReachedEnabled	startReachedEnabled	standard	58
shadowlist-core	packages/shadowlist-core/Container.hpp	native	variable	revisionCount	revisionCount	standard	62
shadowlist-core	packages/shadowlist-core/Container.hpp	native	variable	inverted	inverted	standard	65
shadowlist-core	packages/shadowlist-core/Container.hpp	native	variable	horizontal	horizontal	standard	67
shadowlist-core	packages/shadowlist-core/Container.hpp	native	variable	columns	columns	standard	69
shadowlist-core	packages/shadowlist-core/Container.hpp	native	variable	overscan	overscan	standard	73
shadowlist-core	packages/shadowlist-core/Container.hpp	native	variable	snapToItem	snapToItem	standard	77
shadowlist-core	packages/shadowlist-core/Container.hpp	native	variable	snapAlignment	snapAlignment	standard	78
shadowlist-core	packages/shadowlist-core/Container.hpp	native	variable	startReachedThreshold	startReachedThreshold	standard	81
shadowlist-core	packages/shadowlist-core/Container.hpp	native	variable	endReachedThreshold	endReachedThreshold	standard	82
shadowlist-core	packages/shadowlist-core/Container.hpp	native	variable	viewablePercentThreshold	viewablePercentThreshold	standard	85
shadowlist-core	packages/shadowlist-core/Container.hpp	native	variable	headerSize	headerSize	standard	88
shadowlist-core	packages/shadowlist-core/Container.hpp	native	variable	footerSize	footerSize	standard	91
shadowlist-core	packages/shadowlist-core/Container.hpp	native	variable	lastDragEventSequence	lastDragEventSequence	standard	97
shadowlist-core	packages/shadowlist-core/Container.hpp	native	variable	scrollToIndexTarget	scrollToIndexTarget	standard	103
shadowlist-core	packages/shadowlist-core/Container.hpp	native	variable	scrollToIndexViewPosition	scrollToIndexViewPosition	standard	107
shadowlist-core	packages/shadowlist-core/Container.hpp	native	variable	pendingScrollToEnd	pendingScrollToEnd	standard	112
shadowlist-core	packages/shadowlist-core/Container.hpp	native	variable	pendingScrollToStart	pendingScrollToStart	standard	114
shadowlist-core	packages/shadowlist-core/Container.hpp	native	variable	pendingScrollToEndLastTotal	pendingScrollToEndLastTotal	standard	116
shadowlist-core	packages/shadowlist-core/Container.hpp	native	variable	invertedInitialized	invertedInitialized	standard	120
shadowlist-core	packages/shadowlist-core/Container.hpp	native	variable	invertedBottomReleased	invertedBottomReleased	standard	126
shadowlist-core	packages/shadowlist-core/Container.hpp	native	variable	gestureActive	gestureActive	standard	131
shadowlist-core	packages/shadowlist-core/Container.hpp	native	variable	gestureOperationId	gestureOperationId	standard	137
shadowlist-core	packages/shadowlist-core/Container.hpp	native	variable	invertedOpeningPin	invertedOpeningPin	standard	143
shadowlist-core	packages/shadowlist-core/Container.hpp	native	variable	restingAtInvertedBottom	restingAtInvertedBottom	standard	146
shadowlist-core	packages/shadowlist-core/Container.hpp	native	variable	anchorFirstMeasurementDelta	anchorFirstMeasurementDelta	standard	151
shadowlist-core	packages/shadowlist-core/Container.hpp	native	variable	containerOffsetCorrected	containerOffsetCorrected	standard	157
shadowlist-core	packages/shadowlist-core/Container.hpp	native	variable	operation	operation	standard	165
shadowlist-core	packages/shadowlist-core/Container.hpp	native	variable	nextOperationId	nextOperationId	standard	168
shadowlist-core	packages/shadowlist-core/Container.hpp	native	parameter	key	key	standard	178
shadowlist-core	packages/shadowlist-core/Container.hpp	native	parameter	size	size	standard	178
shadowlist-core	packages/shadowlist-core/Container.hpp	native	variable	lastLayoutHeaderSize	lastLayoutHeaderSize	standard	186
shadowlist-core	packages/shadowlist-core/Container.hpp	native	variable	lastLayoutFooterSize	lastLayoutFooterSize	standard	187
shadowlist-core	packages/shadowlist-core/Container.hpp	native	variable	lastLayoutWindowWidth	lastLayoutWindowWidth	standard	188
shadowlist-core	packages/shadowlist-core/Container.hpp	native	variable	lastLayoutWindowHeight	lastLayoutWindowHeight	standard	189
shadowlist-core	packages/shadowlist-core/Container.hpp	native	variable	lastLayoutColumns	lastLayoutColumns	standard	190
shadowlist-core	packages/shadowlist-core/Container.hpp	native	variable	lastLayoutHorizontal	lastLayoutHorizontal	standard	191
shadowlist-core	packages/shadowlist-core/Container.hpp	native	variable	lastFallbackWidth	lastFallbackWidth	standard	195
shadowlist-core	packages/shadowlist-core/Container.hpp	native	variable	lastFallbackHeight	lastFallbackHeight	standard	196
shadowlist-core	packages/shadowlist-core/Container.hpp	native	variable	geometryVersion	geometryVersion	standard	200
shadowlist-core	packages/shadowlist-core/Container.hpp	native	variable	elementsStructureDirty	elementsStructureDirty	standard	204
shadowlist-core	packages/shadowlist-core/Container.hpp	native	variable	elementsSizeDirtyFromIndex	elementsSizeDirtyFromIndex	standard	208
shadowlist-core	packages/shadowlist-core/Container.hpp	native	variable	elementsSizeDirtyToIndex	elementsSizeDirtyToIndex	standard	213
shadowlist-core	packages/shadowlist-core/Container.hpp	native	variable	index	index	standard	217
shadowlist-core	packages/shadowlist-core/Container.hpp	native	parameter	index	index	standard	217
shadowlist-core	packages/shadowlist-core/Container.hpp	native	variable	index	index	standard	226
shadowlist-core	packages/shadowlist-core/Container.hpp	native	parameter	index	index	standard	226
shadowlist-core	packages/shadowlist-core/Container.hpp	native	variable	maxCrossAxisExtent	maxCrossAxisExtent	standard	234
shadowlist-core	packages/shadowlist-core/Container.hpp	native	variable	lastReportedOffset	lastReportedOffset	standard	239
shadowlist-core	packages/shadowlist-core/Container.hpp	native	variable	index	index	standard	252
shadowlist-core	packages/shadowlist-core/Container.hpp	native	parameter	index	index	standard	252
shadowlist-core	packages/shadowlist-core/Container.hpp	native	variable	index	index	standard	255
shadowlist-core	packages/shadowlist-core/Container.hpp	native	parameter	index	index	standard	255
shadowlist-core	packages/shadowlist-core/Container.hpp	native	variable	index	index	standard	256
shadowlist-core	packages/shadowlist-core/Container.hpp	native	parameter	index	index	standard	256
shadowlist-core	packages/shadowlist-core/Container.hpp	native	variable	index	index	standard	270
shadowlist-core	packages/shadowlist-core/Container.hpp	native	parameter	index	index	standard	270
shadowlist-core	packages/shadowlist-core/Container.hpp	native	variable	enabled	enabled	standard	272
shadowlist-core	packages/shadowlist-core/Container.hpp	native	parameter	enabled	enabled	standard	272
shadowlist-core	packages/shadowlist-core/Container.hpp	native	variable	enabled	enabled	standard	273
shadowlist-core	packages/shadowlist-core/Container.hpp	native	parameter	enabled	enabled	standard	273
shadowlist-core	packages/shadowlist-core/Container.hpp	native	variable	index	index	standard	276
shadowlist-core	packages/shadowlist-core/Container.hpp	native	parameter	index	index	standard	276
shadowlist-core	packages/shadowlist-core/Container.hpp	native	variable	viewPosition	viewPosition	standard	276
shadowlist-core	packages/shadowlist-core/Container.hpp	native	parameter	viewPosition	viewPosition	standard	276
shadowlist-core	packages/shadowlist-core/Container.hpp	native	variable	commandIndex	commandIndex	standard	286
shadowlist-core	packages/shadowlist-core/Container.hpp	native	parameter	commandIndex	commandIndex	standard	286
shadowlist-core	packages/shadowlist-core/Container.hpp	native	variable	commandSequence	commandSequence	standard	286
shadowlist-core	packages/shadowlist-core/Container.hpp	native	parameter	commandSequence	commandSequence	standard	286
shadowlist-core	packages/shadowlist-core/Container.hpp	native	variable	commandViewPosition	commandViewPosition	standard	286
shadowlist-core	packages/shadowlist-core/Container.hpp	native	parameter	commandViewPosition	commandViewPosition	standard	286
shadowlist-core	packages/shadowlist-core/Container.hpp	native	variable	propIndex	propIndex	standard	286
shadowlist-core	packages/shadowlist-core/Container.hpp	native	parameter	propIndex	propIndex	standard	286
shadowlist-core	packages/shadowlist-core/Container.hpp	native	variable	previousContainerOffsetX	previousContainerOffsetX	standard	290
shadowlist-core	packages/shadowlist-core/Container.hpp	native	variable	previousContainerOffsetY	previousContainerOffsetY	standard	291
shadowlist-core	packages/shadowlist-core/Container.hpp	native	variable	previousTotalContainerWidth	previousTotalContainerWidth	standard	292
shadowlist-core	packages/shadowlist-core/Container.hpp	native	variable	previousTotalContainerHeight	previousTotalContainerHeight	standard	293
shadowlist-core	packages/shadowlist-core/Container.hpp	native	variable	footerSize	footerSize	standard	296
shadowlist-core	packages/shadowlist-core/Container.hpp	native	parameter	footerSize	footerSize	standard	296
shadowlist-core	packages/shadowlist-core/Container.hpp	native	parameter	key	key	standard	304
shadowlist-core	packages/shadowlist-core/Container.hpp	native	parameter	key	key	standard	307
shadowlist-core	packages/shadowlist-core/Container.hpp	native	variable	snapCacheVersion	snapCacheVersion	standard	320
shadowlist-core	packages/shadowlist-core/Container.hpp	native	variable	snapCacheSnapToItem	snapCacheSnapToItem	standard	321
shadowlist-core	packages/shadowlist-core/Container.hpp	native	variable	snapCacheAlignment	snapCacheAlignment	standard	322
shadowlist-core	packages/shadowlist-core/Container.hpp	native	variable	snapCacheWindowSize	snapCacheWindowSize	standard	323
shadowlist-core	packages/shadowlist-core/Container.hpp	native	variable	snapCacheTotalSize	snapCacheTotalSize	standard	324
shadowlist-core	packages/shadowlist-core/Container.hpp	native	variable	snapCacheHorizontal	snapCacheHorizontal	standard	325
shadowlist-core	packages/shadowlist-core/Container.hpp	native	variable	previousVisibleStartIndex	previousVisibleStartIndex	standard	328
shadowlist-core	packages/shadowlist-core/Container.hpp	native	variable	previousVisibleEndIndex	previousVisibleEndIndex	standard	329
shadowlist-core	packages/shadowlist-core/Container.hpp	native	variable	previousViewableStartIndex	previousViewableStartIndex	standard	332
shadowlist-core	packages/shadowlist-core/Container.hpp	native	variable	previousViewableEndIndex	previousViewableEndIndex	standard	333
shadowlist-core	packages/shadowlist-core/Container.hpp	native	variable	previousReachedStart	previousReachedStart	standard	337
shadowlist-core	packages/shadowlist-core/Container.hpp	native	variable	previousReachedEnd	previousReachedEnd	standard	338
shadowlist-core	packages/shadowlist-core/Container.hpp	native	variable	previousReachedElementsSize	previousReachedElementsSize	standard	339
shadowlist-core	packages/shadowlist-core/Container.hpp	native	variable	previousContainerOffsetX	previousContainerOffsetX	standard	342
shadowlist-core	packages/shadowlist-core/Container.hpp	native	variable	previousContainerOffsetY	previousContainerOffsetY	standard	343
shadowlist-core	packages/shadowlist-core/Container.hpp	native	variable	previousContainerOffsetValid	previousContainerOffsetValid	standard	344
shadowlist-core	packages/shadowlist-core/Container.hpp	native	variable	previousScrollToIndexSequence	previousScrollToIndexSequence	standard	347
shadowlist-core	packages/shadowlist-core/Container.hpp	native	variable	previousScrollToIndexProp	previousScrollToIndexProp	standard	350
shadowlist-core	packages/shadowlist-core/Element.hpp	native	variable	width	width	standard	9
shadowlist-core	packages/shadowlist-core/Element.hpp	native	variable	height	height	standard	10
shadowlist-core	packages/shadowlist-core/Element.hpp	native	variable	index	index	standard	18
shadowlist-core	packages/shadowlist-core/Element.hpp	native	variable	width	width	standard	20
shadowlist-core	packages/shadowlist-core/Element.hpp	native	variable	height	height	standard	21
shadowlist-core	packages/shadowlist-core/Element.hpp	native	variable	offsetX	offsetX	standard	24
shadowlist-core	packages/shadowlist-core/Element.hpp	native	variable	offsetY	offsetY	standard	25
shadowlist-core	packages/shadowlist-core/Element.hpp	native	variable	estimated	estimated	standard	28
shadowlist-core	packages/shadowlist-core/Element.hpp	native	variable	measured	measured	standard	31
shadowlist-core	packages/shadowlist-core/Element.hpp	native	variable	predicted	predicted	standard	36
shadowlist-core	packages/shadowlist-core/Operation.hpp	native	variable	subOffset	subOffset	standard	20
shadowlist-core	packages/shadowlist-core/Operation.hpp	native	variable	id	id	standard	46
shadowlist-core	packages/shadowlist-core/Operation.hpp	native	variable	viewPosition	viewPosition	standard	52
shadowlist-core	packages/shadowlist-core/Revision.hpp	native	variable	indexBias	indexBias	standard	23
shadowlist-core	packages/shadowlist-core/Revision.hpp	native	parameter	key	key	standard	26
shadowlist-core	packages/shadowlist-core/Revision.hpp	native	variable	entry	entry	standard	27
shadowlist-core	packages/shadowlist-core/Revision.hpp	native	variable	index	index	standard	35
shadowlist-core	packages/shadowlist-core/Revision.hpp	native	parameter	index	index	standard	35
shadowlist-core	packages/shadowlist-core/Revision.hpp	native	parameter	key	key	standard	35
shadowlist-core	packages/shadowlist-core/Revision.hpp	native	variable	containerOffsetX	containerOffsetX	standard	39
shadowlist-core	packages/shadowlist-core/Revision.hpp	native	variable	containerOffsetY	containerOffsetY	standard	40
shadowlist-core	packages/shadowlist-core/Revision.hpp	native	variable	measurementElementStartIndex	measurementElementStartIndex	standard	43
shadowlist-core	packages/shadowlist-core/Revision.hpp	native	variable	measurementElementEndIndex	measurementElementEndIndex	standard	44
shadowlist-core	packages/shadowlist-core/Revision.hpp	native	variable	averageElementWidth	averageElementWidth	standard	47
shadowlist-core	packages/shadowlist-core/Revision.hpp	native	variable	averageElementHeight	averageElementHeight	standard	48
shadowlist-core	packages/shadowlist-core/Revision.hpp	native	variable	measuredRealCount	measuredRealCount	standard	51
shadowlist-core	packages/shadowlist-core/Revision.hpp	native	variable	measuredRealTotalWidth	measuredRealTotalWidth	standard	52
shadowlist-core	packages/shadowlist-core/Revision.hpp	native	variable	measuredRealTotalHeight	measuredRealTotalHeight	standard	53
shadowlist-core	packages/shadowlist-core/Revision.hpp	native	variable	windowContainerHeight	windowContainerHeight	standard	56
shadowlist-core	packages/shadowlist-core/Revision.hpp	native	variable	windowContainerWidth	windowContainerWidth	standard	57
shadowlist-core	packages/shadowlist-core/Revision.hpp	native	variable	totalContainerHeight	totalContainerHeight	standard	60
shadowlist-core	packages/shadowlist-core/Revision.hpp	native	variable	totalContainerWidth	totalContainerWidth	standard	61
shadowlist-core	packages/shadowlist-core/Virtualizer.cpp	native	parameter	container	container	standard	16
shadowlist-core	packages/shadowlist-core/Virtualizer.cpp	native	variable	index	index	standard	16
shadowlist-core	packages/shadowlist-core/Virtualizer.cpp	native	parameter	index	index	standard	16
shadowlist-core	packages/shadowlist-core/Virtualizer.cpp	native	parameter	container	container	standard	30
shadowlist-core	packages/shadowlist-core/Virtualizer.cpp	native	parameter	container	container	standard	39
shadowlist-core	packages/shadowlist-core/Virtualizer.cpp	native	parameter	container	container	standard	44
shadowlist-core	packages/shadowlist-core/Virtualizer.cpp	native	variable	offset	offset	standard	44
shadowlist-core	packages/shadowlist-core/Virtualizer.cpp	native	parameter	offset	offset	standard	44
shadowlist-core	packages/shadowlist-core/Virtualizer.cpp	native	parameter	container	container	standard	53
shadowlist-core	packages/shadowlist-core/Virtualizer.cpp	native	variable	offset	offset	standard	53
shadowlist-core	packages/shadowlist-core/Virtualizer.cpp	native	parameter	offset	offset	standard	53
shadowlist-core	packages/shadowlist-core/Virtualizer.cpp	native	variable	probe	probe	standard	53
shadowlist-core	packages/shadowlist-core/Virtualizer.cpp	native	parameter	probe	probe	standard	53
shadowlist-core	packages/shadowlist-core/Virtualizer.cpp	native	parameter	container	container	standard	62
shadowlist-core	packages/shadowlist-core/Virtualizer.cpp	native	variable	delta	delta	standard	62
shadowlist-core	packages/shadowlist-core/Virtualizer.cpp	native	parameter	delta	delta	standard	62
shadowlist-core	packages/shadowlist-core/Virtualizer.cpp	native	variable	offset	offset	standard	72
shadowlist-core	packages/shadowlist-core/Virtualizer.cpp	native	parameter	offset	offset	standard	72
shadowlist-core	packages/shadowlist-core/Virtualizer.cpp	native	variable	total	total	standard	72
shadowlist-core	packages/shadowlist-core/Virtualizer.cpp	native	parameter	total	total	standard	72
shadowlist-core	packages/shadowlist-core/Virtualizer.cpp	native	variable	window	window	standard	72
shadowlist-core	packages/shadowlist-core/Virtualizer.cpp	native	parameter	window	window	standard	72
shadowlist-core	packages/shadowlist-core/Virtualizer.cpp	native	parameter	container	container	standard	77
shadowlist-core	packages/shadowlist-core/Virtualizer.cpp	native	variable	index	index	standard	77
shadowlist-core	packages/shadowlist-core/Virtualizer.cpp	native	parameter	index	index	standard	77
shadowlist-core	packages/shadowlist-core/Virtualizer.cpp	native	variable	nextElementIndex	nextElementIndex	standard	82
shadowlist-core	packages/shadowlist-core/Virtualizer.cpp	native	parameter	container	container	standard	94
shadowlist-core	packages/shadowlist-core/Virtualizer.cpp	native	variable	scanColumns	scanColumns	standard	96
shadowlist-core	packages/shadowlist-core/Virtualizer.cpp	native	variable	scanFrom	scanFrom	standard	97
shadowlist-core	packages/shadowlist-core/Virtualizer.cpp	native	variable	nextElementIndex	nextElementIndex	standard	99
shadowlist-core	packages/shadowlist-core/Virtualizer.cpp	native	variable	nextElementIndex	nextElementIndex	standard	113
shadowlist-core	packages/shadowlist-core/Virtualizer.cpp	native	variable	fromIndex	fromIndex	standard	152
shadowlist-core	packages/shadowlist-core/Virtualizer.cpp	native	variable	elementsSize	elementsSize	standard	153
shadowlist-core	packages/shadowlist-core/Virtualizer.cpp	native	variable	changedThroughIndex	changedThroughIndex	standard	154
shadowlist-core	packages/shadowlist-core/Virtualizer.cpp	native	variable	canStopEarly	canStopEarly	standard	155
shadowlist-core	packages/shadowlist-core/Virtualizer.cpp	native	variable	nextOffset	nextOffset	standard	156
shadowlist-core	packages/shadowlist-core/Virtualizer.cpp	native	variable	nextElementIndex	nextElementIndex	standard	159
shadowlist-core	packages/shadowlist-core/Virtualizer.cpp	native	variable	crossExtent	crossExtent	standard	172
shadowlist-core	packages/shadowlist-core/Virtualizer.cpp	native	variable	fromIndex	fromIndex	standard	183
shadowlist-core	packages/shadowlist-core/Virtualizer.cpp	native	variable	trackSize	trackSize	standard	184
shadowlist-core	packages/shadowlist-core/Virtualizer.cpp	native	variable	columns	columns	standard	188
shadowlist-core	packages/shadowlist-core/Virtualizer.cpp	native	variable	seedIndex	seedIndex	standard	195
shadowlist-core	packages/shadowlist-core/Virtualizer.cpp	native	variable	nextElementIndex	nextElementIndex	standard	200
shadowlist-core	packages/shadowlist-core/Virtualizer.cpp	native	variable	trackIndex	trackIndex	standard	204
shadowlist-core	packages/shadowlist-core/Virtualizer.cpp	native	variable	crossExtent	crossExtent	standard	214
shadowlist-core	packages/shadowlist-core/Virtualizer.cpp	native	variable	anchorIndex	anchorIndex	standard	227
shadowlist-core	packages/shadowlist-core/Virtualizer.cpp	native	parameter	anchorIndex	anchorIndex	standard	227
shadowlist-core	packages/shadowlist-core/Virtualizer.cpp	native	parameter	container	container	standard	227
shadowlist-core	packages/shadowlist-core/Virtualizer.cpp	native	parameter	operation	operation	standard	227
shadowlist-core	packages/shadowlist-core/Virtualizer.cpp	native	variable	freeSpace	freeSpace	standard	231
shadowlist-core	packages/shadowlist-core/Virtualizer.cpp	native	parameter	container	container	standard	241
shadowlist-core	packages/shadowlist-core/Virtualizer.cpp	native	variable	maxOffset	maxOffset	standard	241
shadowlist-core	packages/shadowlist-core/Virtualizer.cpp	native	parameter	maxOffset	maxOffset	standard	241
shadowlist-core	packages/shadowlist-core/Virtualizer.cpp	native	parameter	operation	operation	standard	241
shadowlist-core	packages/shadowlist-core/Virtualizer.cpp	native	parameter	outOffset	outOffset	standard	241
shadowlist-core	packages/shadowlist-core/Virtualizer.cpp	native	variable	anchorIndex	anchorIndex	standard	246
shadowlist-core	packages/shadowlist-core/Virtualizer.cpp	native	variable	previousHeaderSize	previousHeaderSize	standard	273
shadowlist-core	packages/shadowlist-core/Virtualizer.cpp	native	variable	inputOffset	inputOffset	standard	307
shadowlist-core	packages/shadowlist-core/Virtualizer.cpp	native	variable	coreOffsetWrite	coreOffsetWrite	standard	313
shadowlist-core	packages/shadowlist-core/Virtualizer.cpp	native	variable	userMovedOffset	userMovedOffset	standard	316
shadowlist-core	packages/shadowlist-core/Virtualizer.cpp	native	variable	gestureTakeover	gestureTakeover	standard	323
shadowlist-core	packages/shadowlist-core/Virtualizer.cpp	native	variable	dragTakeover	dragTakeover	standard	332
shadowlist-core	packages/shadowlist-core/Virtualizer.cpp	native	variable	scrollCommandInFlight	scrollCommandInFlight	standard	335
shadowlist-core	packages/shadowlist-core/Virtualizer.cpp	native	variable	maintainingAnchor	maintainingAnchor	standard	345
shadowlist-core	packages/shadowlist-core/Virtualizer.cpp	native	variable	echoesOperation	echoesOperation	standard	348
shadowlist-core	packages/shadowlist-core/Virtualizer.cpp	native	variable	keepsAnchorCorrection	keepsAnchorCorrection	standard	366
shadowlist-core	packages/shadowlist-core/Virtualizer.cpp	native	variable	restingAtBottom	restingAtBottom	standard	379
shadowlist-core	packages/shadowlist-core/Virtualizer.cpp	native	variable	previousOffset	previousOffset	standard	391
shadowlist-core	packages/shadowlist-core/Virtualizer.cpp	native	variable	bottomTotal	bottomTotal	standard	392
shadowlist-core	packages/shadowlist-core/Virtualizer.cpp	native	variable	bottomWindow	bottomWindow	standard	394
shadowlist-core	packages/shadowlist-core/Virtualizer.cpp	native	variable	atBottom	atBottom	standard	396
shadowlist-core	packages/shadowlist-core/Virtualizer.cpp	native	variable	scrollable	scrollable	standard	398
shadowlist-core	packages/shadowlist-core/Virtualizer.cpp	native	variable	hadElementsBefore	hadElementsBefore	standard	422
shadowlist-core	packages/shadowlist-core/Virtualizer.cpp	native	variable	anchorDelta	anchorDelta	standard	426
shadowlist-core	packages/shadowlist-core/Virtualizer.cpp	native	variable	previousSize	previousSize	standard	434
shadowlist-core	packages/shadowlist-core/Virtualizer.cpp	native	variable	nextSize	nextSize	standard	435
shadowlist-core	packages/shadowlist-core/Virtualizer.cpp	native	variable	frontChanged	frontChanged	standard	436
shadowlist-core	packages/shadowlist-core/Virtualizer.cpp	native	variable	previousFrontNextIndex	previousFrontNextIndex	standard	438
shadowlist-core	packages/shadowlist-core/Virtualizer.cpp	native	variable	nextElementIndex	nextElementIndex	standard	441
shadowlist-core	packages/shadowlist-core/Virtualizer.cpp	native	variable	keysChanged	keysChanged	standard	461
shadowlist-core	packages/shadowlist-core/Virtualizer.cpp	native	variable	nextElementIndex	nextElementIndex	standard	463
shadowlist-core	packages/shadowlist-core/Virtualizer.cpp	native	variable	previousLastIndex	previousLastIndex	standard	499
shadowlist-core	packages/shadowlist-core/Virtualizer.cpp	native	variable	previousWindowSize	previousWindowSize	standard	514
shadowlist-core	packages/shadowlist-core/Virtualizer.cpp	native	variable	headerMovedOffset	headerMovedOffset	standard	526
shadowlist-core	packages/shadowlist-core/Virtualizer.cpp	native	variable	offsetBeforeHeader	offsetBeforeHeader	standard	528
shadowlist-core	packages/shadowlist-core/Virtualizer.cpp	native	variable	offsetConfirmed	offsetConfirmed	standard	549
shadowlist-core	packages/shadowlist-core/Virtualizer.cpp	native	variable	scrollCorrected	scrollCorrected	standard	550
shadowlist-core	packages/shadowlist-core/Virtualizer.cpp	native	variable	long	long	standard	569
shadowlist-core	packages/shadowlist-core/Virtualizer.cpp	native	variable	windowFromOffset	windowFromOffset	standard	578
shadowlist-core	packages/shadowlist-core/Virtualizer.cpp	native	variable	elementsSize	elementsSize	standard	606
shadowlist-core	packages/shadowlist-core/Virtualizer.cpp	native	variable	windowSize	windowSize	standard	607
shadowlist-core	packages/shadowlist-core/Virtualizer.cpp	native	variable	effectiveColumns	effectiveColumns	standard	608
shadowlist-core	packages/shadowlist-core/Virtualizer.cpp	native	variable	measuredMinIndex	measuredMinIndex	standard	610
shadowlist-core	packages/shadowlist-core/Virtualizer.cpp	native	variable	measuredMaxIndex	measuredMaxIndex	standard	611
shadowlist-core	packages/shadowlist-core/Virtualizer.cpp	native	variable	accumulated	accumulated	standard	612
shadowlist-core	packages/shadowlist-core/Virtualizer.cpp	native	variable	iteration	iteration	standard	615
shadowlist-core	packages/shadowlist-core/Virtualizer.cpp	native	variable	nextElementIndex	nextElementIndex	standard	616
shadowlist-core	packages/shadowlist-core/Virtualizer.cpp	native	variable	elementsSize	elementsSize	standard	634
shadowlist-core	packages/shadowlist-core/Virtualizer.cpp	native	variable	containerOffset	containerOffset	standard	635
shadowlist-core	packages/shadowlist-core/Virtualizer.cpp	native	variable	windowSize	windowSize	standard	636
shadowlist-core	packages/shadowlist-core/Virtualizer.cpp	native	variable	overscanSize	overscanSize	standard	642
shadowlist-core	packages/shadowlist-core/Virtualizer.cpp	native	variable	lowerBound	lowerBound	standard	643
shadowlist-core	packages/shadowlist-core/Virtualizer.cpp	native	variable	upperBound	upperBound	standard	644
shadowlist-core	packages/shadowlist-core/Virtualizer.cpp	native	variable	measuredMinIndex	measuredMinIndex	standard	646
shadowlist-core	packages/shadowlist-core/Virtualizer.cpp	native	variable	measuredMaxIndex	measuredMaxIndex	standard	647
shadowlist-core	packages/shadowlist-core/Virtualizer.cpp	native	variable	geometryOrdered	geometryOrdered	standard	650
shadowlist-core	packages/shadowlist-core/Virtualizer.cpp	native	variable	elementOffsetAt	elementOffsetAt	standard	652
shadowlist-core	packages/shadowlist-core/Virtualizer.cpp	native	variable	index	index	standard	652
shadowlist-core	packages/shadowlist-core/Virtualizer.cpp	native	variable	elementSizeAt	elementSizeAt	standard	656
shadowlist-core	packages/shadowlist-core/Virtualizer.cpp	native	variable	index	index	standard	656
shadowlist-core	packages/shadowlist-core/Virtualizer.cpp	native	variable	nextElementIndex	nextElementIndex	standard	661
shadowlist-core	packages/shadowlist-core/Virtualizer.cpp	native	variable	visit	visit	standard	661
shadowlist-core	packages/shadowlist-core/Virtualizer.cpp	native	variable	first	first	standard	669
shadowlist-core	packages/shadowlist-core/Virtualizer.cpp	native	variable	seekTrack	seekTrack	standard	669
shadowlist-core	packages/shadowlist-core/Virtualizer.cpp	native	variable	step	step	standard	669
shadowlist-core	packages/shadowlist-core/Virtualizer.cpp	native	variable	low	low	standard	670
shadowlist-core	packages/shadowlist-core/Virtualizer.cpp	native	variable	high	high	standard	671
shadowlist-core	packages/shadowlist-core/Virtualizer.cpp	native	variable	mid	mid	standard	673
shadowlist-core	packages/shadowlist-core/Virtualizer.cpp	native	variable	index	index	standard	674
shadowlist-core	packages/shadowlist-core/Virtualizer.cpp	native	variable	nextElementIndex	nextElementIndex	standard	685
shadowlist-core	packages/shadowlist-core/Virtualizer.cpp	native	variable	track	track	standard	693
shadowlist-core	packages/shadowlist-core/Virtualizer.cpp	native	variable	stepsPast	stepsPast	standard	694
shadowlist-core	packages/shadowlist-core/Virtualizer.cpp	native	variable	nextElementIndex	nextElementIndex	standard	695
shadowlist-core	packages/shadowlist-core/Virtualizer.cpp	native	variable	nextElementIndex	nextElementIndex	standard	706
shadowlist-core	packages/shadowlist-core/Virtualizer.cpp	native	variable	elementOffset	elementOffset	standard	707
shadowlist-core	packages/shadowlist-core/Virtualizer.cpp	native	variable	elementSize	elementSize	standard	708
shadowlist-core	packages/shadowlist-core/Virtualizer.cpp	native	variable	measuredMaxIndex	measuredMaxIndex	standard	721
shadowlist-core	packages/shadowlist-core/Virtualizer.cpp	native	variable	measuredMinIndex	measuredMinIndex	standard	721
shadowlist-core	packages/shadowlist-core/Virtualizer.cpp	native	variable	elementsSize	elementsSize	standard	733
shadowlist-core	packages/shadowlist-core/Virtualizer.cpp	native	variable	trackSize	trackSize	standard	735
shadowlist-core	packages/shadowlist-core/Virtualizer.cpp	native	variable	layoutParamsChanged	layoutParamsChanged	standard	742
shadowlist-core	packages/shadowlist-core/Virtualizer.cpp	native	variable	fallbackDimensionsChanged	fallbackDimensionsChanged	standard	755
shadowlist-core	packages/shadowlist-core/Virtualizer.cpp	native	variable	anyNewlyEstimated	anyNewlyEstimated	standard	759
shadowlist-core	packages/shadowlist-core/Virtualizer.cpp	native	variable	fallbackSize	fallbackSize	standard	765
shadowlist-core	packages/shadowlist-core/Virtualizer.cpp	native	variable	nextElementIndex	nextElementIndex	standard	766
shadowlist-core	packages/shadowlist-core/Virtualizer.cpp	native	variable	nextElementIndex	nextElementIndex	standard	778
shadowlist-core	packages/shadowlist-core/Virtualizer.cpp	native	variable	sizesDirty	sizesDirty	standard	794
shadowlist-core	packages/shadowlist-core/Virtualizer.cpp	native	variable	reflowFrom	reflowFrom	standard	801
shadowlist-core	packages/shadowlist-core/Virtualizer.cpp	native	variable	changedThroughIndex	changedThroughIndex	standard	819
shadowlist-core	packages/shadowlist-core/Virtualizer.cpp	native	variable	fromIndex	fromIndex	standard	819
shadowlist-core	packages/shadowlist-core/Virtualizer.cpp	native	variable	anyOffsetChanged	anyOffsetChanged	standard	827
shadowlist-core	packages/shadowlist-core/Virtualizer.cpp	native	variable	elementsSize	elementsSize	standard	829
shadowlist-core	packages/shadowlist-core/Virtualizer.cpp	native	variable	crossMax	crossMax	standard	832
shadowlist-core	packages/shadowlist-core/Virtualizer.cpp	native	variable	trackSize	trackSize	standard	840
shadowlist-core	packages/shadowlist-core/Virtualizer.cpp	native	variable	nextOffset	nextOffset	standard	852
shadowlist-core	packages/shadowlist-core/Virtualizer.cpp	native	variable	canStopEarly	canStopEarly	standard	873
shadowlist-core	packages/shadowlist-core/Virtualizer.cpp	native	variable	index	index	standard	928
shadowlist-core	packages/shadowlist-core/Virtualizer.cpp	native	variable	previousWidth	previousWidth	standard	937
shadowlist-core	packages/shadowlist-core/Virtualizer.cpp	native	variable	previousHeight	previousHeight	standard	938
shadowlist-core	packages/shadowlist-core/Virtualizer.cpp	native	variable	wasMeasured	wasMeasured	standard	939
shadowlist-core	packages/shadowlist-core/Virtualizer.cpp	native	variable	dimensionsChanged	dimensionsChanged	standard	940
shadowlist-core	packages/shadowlist-core/Virtualizer.cpp	native	variable	index	index	standard	992
shadowlist-core	packages/shadowlist-core/Virtualizer.cpp	native	variable	dimensionsChanged	dimensionsChanged	standard	1007
shadowlist-core	packages/shadowlist-core/Virtualizer.cpp	native	variable	fromIndex	fromIndex	standard	1024
shadowlist-core	packages/shadowlist-core/Virtualizer.cpp	native	variable	compensationDelta	compensationDelta	standard	1041
shadowlist-core	packages/shadowlist-core/Virtualizer.cpp	native	variable	anchorIndex	anchorIndex	standard	1042
shadowlist-core	packages/shadowlist-core/Virtualizer.cpp	native	variable	rawAnchoredOffset	rawAnchoredOffset	standard	1045
shadowlist-core	packages/shadowlist-core/Virtualizer.cpp	native	variable	anchoredOffset	anchoredOffset	standard	1057
shadowlist-core	packages/shadowlist-core/Virtualizer.cpp	native	variable	followBottom	followBottom	standard	1072
shadowlist-core	packages/shadowlist-core/Virtualizer.cpp	native	variable	contentEnd	contentEnd	standard	1081
shadowlist-core	packages/shadowlist-core/Virtualizer.cpp	native	variable	total	total	standard	1082
shadowlist-core	packages/shadowlist-core/Virtualizer.cpp	native	variable	bottom	bottom	standard	1083
shadowlist-core	packages/shadowlist-core/Virtualizer.cpp	native	variable	previousHeaderSize	previousHeaderSize	standard	1088
shadowlist-core	packages/shadowlist-core/Virtualizer.cpp	native	variable	delta	delta	standard	1091
shadowlist-core	packages/shadowlist-core/Virtualizer.cpp	native	variable	offset	offset	standard	1096
shadowlist-core	packages/shadowlist-core/Virtualizer.cpp	native	variable	anchorIndex	anchorIndex	standard	1103
shadowlist-core	packages/shadowlist-core/Virtualizer.cpp	native	variable	target	target	standard	1105
shadowlist-core	packages/shadowlist-core/Virtualizer.cpp	native	variable	long	long	standard	1109
shadowlist-core	packages/shadowlist-core/Virtualizer.cpp	native	variable	previousWindowSize	previousWindowSize	standard	1131
shadowlist-core	packages/shadowlist-core/Virtualizer.cpp	native	variable	windowSize	windowSize	standard	1134
shadowlist-core	packages/shadowlist-core/Virtualizer.cpp	native	variable	total	total	standard	1143
shadowlist-core	packages/shadowlist-core/Virtualizer.cpp	native	variable	offset	offset	standard	1144
shadowlist-core	packages/shadowlist-core/Virtualizer.cpp	native	variable	bottom	bottom	standard	1154
shadowlist-core	packages/shadowlist-core/Virtualizer.cpp	native	variable	index	index	standard	1164
shadowlist-core	packages/shadowlist-core/Virtualizer.cpp	native	variable	tracePreviousTotal	tracePreviousTotal	standard	1168
shadowlist-core	packages/shadowlist-core/Virtualizer.cpp	native	variable	tracePreviousSize	tracePreviousSize	standard	1169
shadowlist-core	packages/shadowlist-core/Virtualizer.cpp	native	variable	anyCleared	anyCleared	standard	1192
shadowlist-core	packages/shadowlist-core/Virtualizer.cpp	native	variable	entry	entry	standard	1220
shadowlist-core	packages/shadowlist-core/Virtualizer.cpp	native	variable	predictedIndex	predictedIndex	standard	1221
shadowlist-core	packages/shadowlist-core/Virtualizer.cpp	native	variable	isAppend	isAppend	standard	1268
shadowlist-core	packages/shadowlist-core/Virtualizer.cpp	native	variable	nextElementIndex	nextElementIndex	standard	1269
shadowlist-core	packages/shadowlist-core/Virtualizer.cpp	native	variable	nextElementIndex	nextElementIndex	standard	1280
shadowlist-core	packages/shadowlist-core/Virtualizer.cpp	native	variable	prependCount	prependCount	standard	1299
shadowlist-core	packages/shadowlist-core/Virtualizer.cpp	native	variable	isPrepend	isPrepend	standard	1301
shadowlist-core	packages/shadowlist-core/Virtualizer.cpp	native	variable	nextElementIndex	nextElementIndex	standard	1302
shadowlist-core	packages/shadowlist-core/Virtualizer.cpp	native	variable	nextElementIndex	nextElementIndex	standard	1311
shadowlist-core	packages/shadowlist-core/Virtualizer.cpp	native	variable	nextElementIndex	nextElementIndex	standard	1326
shadowlist-core	packages/shadowlist-core/Virtualizer.cpp	native	variable	previousIndexBias	previousIndexBias	standard	1352
shadowlist-core	packages/shadowlist-core/Virtualizer.cpp	native	variable	survivorCount	survivorCount	standard	1354
shadowlist-core	packages/shadowlist-core/Virtualizer.cpp	native	variable	nextElementIndex	nextElementIndex	standard	1356
shadowlist-core	packages/shadowlist-core/Virtualizer.cpp	native	variable	firstOccurrence	firstOccurrence	standard	1363
shadowlist-core	packages/shadowlist-core/Virtualizer.cpp	native	variable	previousElementEntry	previousElementEntry	standard	1365
shadowlist-core	packages/shadowlist-core/Virtualizer.cpp	native	variable	previousElementIndex	previousElementIndex	standard	1366
shadowlist-core	packages/shadowlist-core/Virtualizer.cpp	native	variable	survives	survives	standard	1369
shadowlist-core	packages/shadowlist-core/Virtualizer.cpp	native	variable	inputOffset	inputOffset	standard	1410
shadowlist-core	packages/shadowlist-core/Virtualizer.cpp	native	variable	anchorIndex	anchorIndex	standard	1413
shadowlist-core	packages/shadowlist-core/Virtualizer.cpp	native	variable	viewportEnd	viewportEnd	standard	1423
shadowlist-core	packages/shadowlist-core/Virtualizer.cpp	native	variable	columns	columns	standard	1424
shadowlist-core	packages/shadowlist-core/Virtualizer.cpp	native	variable	tracksPast	tracksPast	standard	1425
shadowlist-core	packages/shadowlist-core/Virtualizer.cpp	native	variable	index	index	standard	1426
shadowlist-core	packages/shadowlist-core/Virtualizer.cpp	native	variable	elementOffset	elementOffset	standard	1427
shadowlist-core	packages/shadowlist-core/Virtualizer.cpp	native	variable	inputOffset	inputOffset	standard	1439
shadowlist-core	packages/shadowlist-core/Virtualizer.cpp	native	variable	elementOffsetOf	elementOffsetOf	standard	1447
shadowlist-core	packages/shadowlist-core/Virtualizer.cpp	native	variable	elementSizeOf	elementSizeOf	standard	1450
shadowlist-core	packages/shadowlist-core/Virtualizer.cpp	native	variable	scanStart	scanStart	standard	1460
shadowlist-core	packages/shadowlist-core/Virtualizer.cpp	native	variable	low	low	standard	1462
shadowlist-core	packages/shadowlist-core/Virtualizer.cpp	native	variable	high	high	standard	1463
shadowlist-core	packages/shadowlist-core/Virtualizer.cpp	native	variable	mid	mid	standard	1465
shadowlist-core	packages/shadowlist-core/Virtualizer.cpp	native	variable	previousElementIndex	previousElementIndex	standard	1477
shadowlist-core	packages/shadowlist-core/Virtualizer.cpp	native	variable	elementOffset	elementOffset	standard	1479
shadowlist-core	packages/shadowlist-core/Virtualizer.cpp	native	variable	elementSize	elementSize	standard	1480
shadowlist-core	packages/shadowlist-core/Virtualizer.cpp	native	variable	viewportEnd	viewportEnd	standard	1498
shadowlist-core	packages/shadowlist-core/Virtualizer.cpp	native	variable	laterIndex	laterIndex	standard	1499
shadowlist-core	packages/shadowlist-core/Virtualizer.cpp	native	variable	reverse	reverse	standard	1520
shadowlist-core	packages/shadowlist-core/Virtualizer.cpp	native	variable	anchorDelta	anchorDelta	standard	1533
shadowlist-core	packages/shadowlist-core/Virtualizer.cpp	native	variable	hadElementsBefore	hadElementsBefore	standard	1534
shadowlist-core	packages/shadowlist-core/Virtualizer.cpp	native	variable	offsetConfirmed	offsetConfirmed	standard	1535
shadowlist-core	packages/shadowlist-core/Virtualizer.cpp	native	variable	elementsSize	elementsSize	standard	1536
shadowlist-core	packages/shadowlist-core/Virtualizer.cpp	native	variable	windowSize	windowSize	standard	1548
shadowlist-core	packages/shadowlist-core/Virtualizer.cpp	native	variable	totalSize	totalSize	standard	1549
shadowlist-core	packages/shadowlist-core/Virtualizer.cpp	native	variable	currentOffset	currentOffset	standard	1550
shadowlist-core	packages/shadowlist-core/Virtualizer.cpp	native	variable	maxOffset	maxOffset	standard	1551
shadowlist-core	packages/shadowlist-core/Virtualizer.cpp	native	variable	previousTotalForScrollToEnd	previousTotalForScrollToEnd	standard	1557
shadowlist-core	packages/shadowlist-core/Virtualizer.cpp	native	variable	clampOffset	clampOffset	standard	1560
shadowlist-core	packages/shadowlist-core/Virtualizer.cpp	native	variable	offset	offset	standard	1560
shadowlist-core	packages/shadowlist-core/Virtualizer.cpp	native	variable	operationId	operationId	standard	1574
shadowlist-core	packages/shadowlist-core/Virtualizer.cpp	native	variable	requestFixed	requestFixed	standard	1584
shadowlist-core	packages/shadowlist-core/Virtualizer.cpp	native	variable	delta	delta	standard	1597
shadowlist-core	packages/shadowlist-core/Virtualizer.cpp	native	variable	requestAnchor	requestAnchor	standard	1597
shadowlist-core	packages/shadowlist-core/Virtualizer.cpp	native	variable	viewPosition	viewPosition	standard	1597
shadowlist-core	packages/shadowlist-core/Virtualizer.cpp	native	variable	commandRequestedThisFrame	commandRequestedThisFrame	standard	1610
shadowlist-core	packages/shadowlist-core/Virtualizer.cpp	native	variable	anchorPlacesView	anchorPlacesView	standard	1625
shadowlist-core	packages/shadowlist-core/Virtualizer.cpp	native	variable	anchorIndex	anchorIndex	standard	1629
shadowlist-core	packages/shadowlist-core/Virtualizer.cpp	native	variable	leading	leading	standard	1663
shadowlist-core	packages/shadowlist-core/Virtualizer.cpp	native	variable	atBottom	atBottom	standard	1699
shadowlist-core	packages/shadowlist-core/Virtualizer.cpp	native	variable	totalStable	totalStable	standard	1700
shadowlist-core	packages/shadowlist-core/Virtualizer.cpp	native	variable	rawTarget	rawTarget	standard	1713
shadowlist-core	packages/shadowlist-core/Virtualizer.cpp	native	variable	target	target	standard	1717
shadowlist-core	packages/shadowlist-core/Virtualizer.cpp	native	variable	reportedAtTarget	reportedAtTarget	standard	1723
shadowlist-core	packages/shadowlist-core/Virtualizer.cpp	native	variable	anchorIndex	anchorIndex	standard	1752
shadowlist-core	packages/shadowlist-core/Virtualizer.cpp	native	variable	invertedBottomAnchor	invertedBottomAnchor	standard	1763
shadowlist-core	packages/shadowlist-core/Virtualizer.cpp	native	variable	rawAnchoredOffset	rawAnchoredOffset	standard	1771
shadowlist-core	packages/shadowlist-core/Virtualizer.hpp	native	variable	keysUnchanged	keysUnchanged	standard	31
shadowlist-core	packages/shadowlist-core/Virtualizer.hpp	native	variable	containerOffsetX	containerOffsetX	standard	33
shadowlist-core	packages/shadowlist-core/Virtualizer.hpp	native	variable	containerOffsetY	containerOffsetY	standard	34
shadowlist-core	packages/shadowlist-core/Virtualizer.hpp	native	variable	windowContainerWidth	windowContainerWidth	standard	35
shadowlist-core	packages/shadowlist-core/Virtualizer.hpp	native	variable	windowContainerHeight	windowContainerHeight	standard	36
shadowlist-core	packages/shadowlist-core/Virtualizer.hpp	native	variable	headerSize	headerSize	standard	37
shadowlist-core	packages/shadowlist-core/Virtualizer.hpp	native	variable	footerSize	footerSize	standard	38
shadowlist-core	packages/shadowlist-core/Virtualizer.hpp	native	variable	inverted	inverted	standard	39
shadowlist-core	packages/shadowlist-core/Virtualizer.hpp	native	variable	followAppends	followAppends	standard	42
shadowlist-core	packages/shadowlist-core/Virtualizer.hpp	native	variable	horizontal	horizontal	standard	43
shadowlist-core	packages/shadowlist-core/Virtualizer.hpp	native	variable	columns	columns	standard	44
shadowlist-core	packages/shadowlist-core/Virtualizer.hpp	native	variable	overscan	overscan	standard	47
shadowlist-core	packages/shadowlist-core/Virtualizer.hpp	native	variable	startReachedThreshold	startReachedThreshold	standard	52
shadowlist-core	packages/shadowlist-core/Virtualizer.hpp	native	variable	endReachedThreshold	endReachedThreshold	standard	53
shadowlist-core	packages/shadowlist-core/Virtualizer.hpp	native	variable	viewablePercentThreshold	viewablePercentThreshold	standard	54
shadowlist-core	packages/shadowlist-core/Virtualizer.hpp	native	variable	snapToItem	snapToItem	standard	59
shadowlist-core	packages/shadowlist-core/Virtualizer.hpp	native	variable	snapAlignment	snapAlignment	standard	60
shadowlist-core	packages/shadowlist-core/Virtualizer.hpp	native	variable	userScrolled	userScrolled	standard	63
shadowlist-core	packages/shadowlist-core/Virtualizer.hpp	native	variable	containerOffsetEnabled	containerOffsetEnabled	standard	67
shadowlist-core	packages/shadowlist-core/Virtualizer.hpp	native	variable	commitToken	commitToken	standard	70
shadowlist-core	packages/shadowlist-core/Virtualizer.hpp	native	parameter	container	container	standard	93
shadowlist-core	packages/shadowlist-core/Virtualizer.hpp	native	parameter	input	input	standard	93
shadowlist-core	packages/shadowlist-core/Virtualizer.hpp	native	parameter	container	container	standard	97
shadowlist-core	packages/shadowlist-core/Virtualizer.hpp	native	variable	windowFromOffset	windowFromOffset	standard	97
shadowlist-core	packages/shadowlist-core/Virtualizer.hpp	native	parameter	windowFromOffset	windowFromOffset	standard	97
shadowlist-core	packages/shadowlist-core/Virtualizer.hpp	native	parameter	container	container	standard	100
shadowlist-core	packages/shadowlist-core/Virtualizer.hpp	native	parameter	container	container	standard	103
shadowlist-core	packages/shadowlist-core/Virtualizer.hpp	native	parameter	nextKeys	nextKeys	standard	103
shadowlist-core	packages/shadowlist-core/Virtualizer.hpp	native	parameter	container	container	standard	107
shadowlist-core	packages/shadowlist-core/Virtualizer.hpp	native	variable	index	index	standard	107
shadowlist-core	packages/shadowlist-core/Virtualizer.hpp	native	parameter	index	index	standard	107
shadowlist-core	packages/shadowlist-core/Virtualizer.hpp	native	parameter	size	size	standard	107
shadowlist-core	packages/shadowlist-core/Virtualizer.hpp	native	parameter	container	container	standard	112
shadowlist-core	packages/shadowlist-core/Virtualizer.hpp	native	variable	index	index	standard	112
shadowlist-core	packages/shadowlist-core/Virtualizer.hpp	native	parameter	index	index	standard	112
shadowlist-core	packages/shadowlist-core/Virtualizer.hpp	native	parameter	size	size	standard	112
shadowlist-core	packages/shadowlist-core/Virtualizer.hpp	native	parameter	container	container	standard	119
shadowlist-core	packages/shadowlist-core/Virtualizer.hpp	native	parameter	key	key	standard	119
shadowlist-core	packages/shadowlist-core/Virtualizer.hpp	native	parameter	size	size	standard	119
shadowlist-core	packages/shadowlist-core/Virtualizer.hpp	native	parameter	container	container	standard	124
shadowlist-core	packages/shadowlist-core/Virtualizer.hpp	native	parameter	container	container	standard	128
shadowlist-core	packages/shadowlist-core/Virtualizer.hpp	native	variable	fromIndex	fromIndex	standard	128
shadowlist-core	packages/shadowlist-core/Virtualizer.hpp	native	parameter	fromIndex	fromIndex	standard	128
shadowlist-core	packages/shadowlist-core/Virtualizer.hpp	native	parameter	container	container	standard	134
shadowlist-core	packages/shadowlist-core/Virtualizer.hpp	native	variable	previousHeaderSize	previousHeaderSize	standard	134
shadowlist-core	packages/shadowlist-core/Virtualizer.hpp	native	parameter	previousHeaderSize	previousHeaderSize	standard	134
shadowlist-core	packages/shadowlist-core/Virtualizer.hpp	native	parameter	container	container	standard	139
shadowlist-core	packages/shadowlist-core/Virtualizer.hpp	native	variable	previousWindowSize	previousWindowSize	standard	139
shadowlist-core	packages/shadowlist-core/Virtualizer.hpp	native	parameter	previousWindowSize	previousWindowSize	standard	139
shadowlist-core	packages/shadowlist-core/Virtualizer.hpp	native	variable	fromIndex	fromIndex	standard	144
shadowlist-core	packages/shadowlist-core/Virtualizer.hpp	native	variable	changedThroughIndex	changedThroughIndex	standard	145
shadowlist-core	packages/shadowlist-core/Virtualizer.hpp	native	parameter	container	container	standard	149
shadowlist-core	packages/shadowlist-core/Virtualizer.hpp	native	parameter	container	container	standard	152
shadowlist-core	packages/shadowlist-core/Virtualizer.hpp	native	parameter	container	container	standard	155
shadowlist-core	packages/shadowlist-core/Virtualizer.hpp	native	parameter	container	container	standard	158
shadowlist-core	packages/shadowlist-core/Virtualizer.hpp	native	variable	measuredMaxIndex	measuredMaxIndex	standard	158
shadowlist-core	packages/shadowlist-core/Virtualizer.hpp	native	parameter	measuredMaxIndex	measuredMaxIndex	standard	158
shadowlist-core	packages/shadowlist-core/Virtualizer.hpp	native	variable	measuredMinIndex	measuredMinIndex	standard	158
shadowlist-core	packages/shadowlist-core/Virtualizer.hpp	native	parameter	measuredMinIndex	measuredMinIndex	standard	158
shadowlist-core	packages/shadowlist-core/Virtualizer.hpp	native	parameter	container	container	standard	161
shadowlist-core	packages/shadowlist-core/Virtualizer.hpp	native	parameter	container	container	standard	164
shadowlist-core	packages/shadowlist-core/Virtualizer.hpp	native	variable	inputOffset	inputOffset	standard	164
shadowlist-core	packages/shadowlist-core/Virtualizer.hpp	native	parameter	inputOffset	inputOffset	standard	164
shadowlist-core	packages/shadowlist-core/Virtualizer.hpp	native	parameter	container	container	standard	168
shadowlist-core	packages/shadowlist-core/Virtualizer.hpp	native	variable	inputOffset	inputOffset	standard	168
shadowlist-core	packages/shadowlist-core/Virtualizer.hpp	native	parameter	inputOffset	inputOffset	standard	168
shadowlist-core	packages/shadowlist-core/Virtualizer.hpp	native	variable	anchorDelta	anchorDelta	standard	175
shadowlist-core	packages/shadowlist-core/Virtualizer.hpp	native	variable	hadElementsBefore	hadElementsBefore	standard	176
shadowlist-core	packages/shadowlist-core/Virtualizer.hpp	native	variable	offsetConfirmed	offsetConfirmed	standard	177
shadowlist-fabric-example	packages/shadowlist-fabric-example/babel.config.js	javascript	constant	path	path	standard	1
shadowlist-fabric-example	packages/shadowlist-fabric-example/babel.config.js	javascript	constant	getConfig	getConfig	standard	2
shadowlist-fabric-example	packages/shadowlist-fabric-example/babel.config.js	javascript	constant	pkg	pkg	standard	3
shadowlist-fabric-example	packages/shadowlist-fabric-example/babel.config.js	javascript	constant	root	root	standard	5
shadowlist-fabric-example	packages/shadowlist-fabric-example/ios/ShadowListExample/AppDelegate.swift	native	parameter	bridge	bridge	standard	37
shadowlist-fabric-example	packages/shadowlist-fabric-example/metro.config.js	javascript	constant	path	path	standard	1
shadowlist-fabric-example	packages/shadowlist-fabric-example/metro.config.js	javascript	constant	getDefaultConfig	getDefaultConfig	standard	2
shadowlist-fabric-example	packages/shadowlist-fabric-example/metro.config.js	javascript	constant	withMetroConfig	withMetroConfig	standard	3
shadowlist-fabric-example	packages/shadowlist-fabric-example/metro.config.js	javascript	constant	monorepoRoot	monorepoRoot	standard	5
shadowlist-fabric-example	packages/shadowlist-fabric-example/metro.config.js	javascript	constant	libraryRoot	libraryRoot	standard	6
shadowlist-fabric-example	packages/shadowlist-fabric-example/metro.config.js	javascript	constant	utilsRoot	utilsRoot	standard	7
shadowlist-fabric-example	packages/shadowlist-fabric-example/metro.config.js	javascript	constant	config	config	standard	15
shadowlist-fabric-example	packages/shadowlist-fabric-example/react-native.config.js	javascript	constant	path	path	standard	1
shadowlist-fabric-example	packages/shadowlist-fabric-example/react-native.config.js	javascript	constant	pkg	pkg	standard	2
shadowlist-fabric-example	packages/shadowlist-fabric-example/src/ActivityScreen.tsx	javascript	constant	ActivityScreen	ActivityScreen	standard	28
shadowlist-fabric-example	packages/shadowlist-fabric-example/src/ActivityScreen.tsx	javascript	constant	styles	styles	standard	29
shadowlist-fabric-example	packages/shadowlist-fabric-example/src/ActivityScreen.tsx	javascript	constant	colors	colors	standard	30
shadowlist-fabric-example	packages/shadowlist-fabric-example/src/ActivityScreen.tsx	javascript	constant	shadowlistRef	shadowlistRef	standard	31
shadowlist-fabric-example	packages/shadowlist-fabric-example/src/ActivityScreen.tsx	javascript	constant	activity	activity	standard	33
shadowlist-fabric-example	packages/shadowlist-fabric-example/src/ActivityScreen.tsx	javascript	constant	refreshActivity	refreshActivity	standard	34
shadowlist-fabric-example	packages/shadowlist-fabric-example/src/ActivityScreen.tsx	javascript	constant	list	list	standard	35
shadowlist-fabric-example	packages/shadowlist-fabric-example/src/ActivityScreen.tsx	javascript	constant	deleteActivities	deleteActivities	standard	36
shadowlist-fabric-example	packages/shadowlist-fabric-example/src/ActivityScreen.tsx	javascript	constant	setViewableLabel	setViewableLabel	standard	38
shadowlist-fabric-example	packages/shadowlist-fabric-example/src/ActivityScreen.tsx	javascript	constant	viewableLabel	viewableLabel	standard	38
shadowlist-fabric-example	packages/shadowlist-fabric-example/src/ActivityScreen.tsx	javascript	constant	setStartThreshold	setStartThreshold	standard	39
shadowlist-fabric-example	packages/shadowlist-fabric-example/src/ActivityScreen.tsx	javascript	constant	startThreshold	startThreshold	standard	39
shadowlist-fabric-example	packages/shadowlist-fabric-example/src/ActivityScreen.tsx	javascript	constant	endThreshold	endThreshold	standard	40
shadowlist-fabric-example	packages/shadowlist-fabric-example/src/ActivityScreen.tsx	javascript	constant	setEndThreshold	setEndThreshold	standard	40
shadowlist-fabric-example	packages/shadowlist-fabric-example/src/ActivityScreen.tsx	javascript	constant	headerHidden	headerHidden	standard	42
shadowlist-fabric-example	packages/shadowlist-fabric-example/src/ActivityScreen.tsx	javascript	constant	onScroll	onScroll	standard	42
shadowlist-fabric-example	packages/shadowlist-fabric-example/src/ActivityScreen.tsx	javascript	constant	handleViewableItemsChanged	handleViewableItemsChanged	standard	46
shadowlist-fabric-example	packages/shadowlist-fabric-example/src/ActivityScreen.tsx	javascript	parameter	viewableItems	viewableItems	standard	47
shadowlist-fabric-example	packages/shadowlist-fabric-example/src/ActivityScreen.tsx	javascript	constant	range	range	standard	48
shadowlist-fabric-example	packages/shadowlist-fabric-example/src/ActivityScreen.tsx	javascript	constant	dataRef	dataRef	standard	54
shadowlist-fabric-example	packages/shadowlist-fabric-example/src/ActivityScreen.tsx	javascript	constant	handleRemoveItems	handleRemoveItems	standard	57
shadowlist-fabric-example	packages/shadowlist-fabric-example/src/ActivityScreen.tsx	javascript	constant	ids	ids	standard	58
shadowlist-fabric-example	packages/shadowlist-fabric-example/src/ActivityScreen.tsx	javascript	parameter	index	index	standard	58
shadowlist-fabric-example	packages/shadowlist-fabric-example/src/ActivityScreen.tsx	javascript	constant	row	row	standard	59
shadowlist-fabric-example	packages/shadowlist-fabric-example/src/ActivityScreen.tsx	javascript	constant	header	header	standard	65
shadowlist-fabric-example	packages/shadowlist-fabric-example/src/ActivityScreen.tsx	javascript	parameter	previous	previous	standard	82
shadowlist-fabric-example	packages/shadowlist-fabric-example/src/ActivityScreen.tsx	javascript	parameter	previous	previous	standard	89
shadowlist-fabric-example	packages/shadowlist-fabric-example/src/ActivityScreen.tsx	javascript	constant	isFetchingNextPage	isFetchingNextPage	standard	100
shadowlist-fabric-example	packages/shadowlist-fabric-example/src/ActivityScreen.tsx	javascript	constant	footer	footer	standard	101
shadowlist-fabric-example	packages/shadowlist-fabric-example/src/ActivityScreen.tsx	javascript	parameter	colors	colors	standard	141
shadowlist-fabric-example	packages/shadowlist-fabric-example/src/ActivityScreen.tsx	javascript	parameter	typography	typography	standard	141
shadowlist-fabric-example	packages/shadowlist-fabric-example/src/ActivityScreen.tsx	javascript	constant	useStyles	useStyles	standard	141
shadowlist-fabric-example	packages/shadowlist-fabric-example/src/api/activity.ts	javascript	constant	PAGE_SIZE	PAGE_SIZE	standard	7
shadowlist-fabric-example	packages/shadowlist-fabric-example/src/api/activity.ts	javascript	constant	NEW_ACTIVITY_PER_REFRESH	NEW_ACTIVITY_PER_REFRESH	standard	8
shadowlist-fabric-example	packages/shadowlist-fabric-example/src/api/activity.ts	javascript	variable	generatedCount	generatedCount	standard	10
shadowlist-fabric-example	packages/shadowlist-fabric-example/src/api/activity.ts	javascript	parameter	count	count	standard	11
shadowlist-fabric-example	packages/shadowlist-fabric-example/src/api/activity.ts	javascript	constant	generateActivity	generateActivity	standard	11
shadowlist-fabric-example	packages/shadowlist-fabric-example/src/api/activity.ts	javascript	constant	activity	activity	standard	14
shadowlist-fabric-example	packages/shadowlist-fabric-example/src/api/activity.ts	javascript	variable	headReads	headReads	standard	19
shadowlist-fabric-example	packages/shadowlist-fabric-example/src/api/activity.ts	javascript	parameter	cursor	cursor	standard	21
shadowlist-fabric-example	packages/shadowlist-fabric-example/src/api/activity.ts	javascript	parameter	signal	signal	standard	22
shadowlist-fabric-example	packages/shadowlist-fabric-example/src/api/activity.ts	javascript	parameter	ids	ids	standard	33
shadowlist-fabric-example	packages/shadowlist-fabric-example/src/api/assistant.ts	javascript	constant	HISTORY_PAGE_PAIRS	HISTORY_PAGE_PAIRS	standard	9
shadowlist-fabric-example	packages/shadowlist-fabric-example/src/api/assistant.ts	javascript	parameter	page	page	standard	12
shadowlist-fabric-example	packages/shadowlist-fabric-example/src/api/assistant.ts	javascript	parameter	signal	signal	standard	13
shadowlist-fabric-example	packages/shadowlist-fabric-example/src/api/assistant.ts	javascript	constant	feedbackByMessage	feedbackByMessage	standard	22
shadowlist-fabric-example	packages/shadowlist-fabric-example/src/api/assistant.ts	javascript	parameter	messageId	messageId	standard	24
shadowlist-fabric-example	packages/shadowlist-fabric-example/src/api/assistant.ts	javascript	parameter	feedback	feedback	standard	25
shadowlist-fabric-example	packages/shadowlist-fabric-example/src/api/chat.ts	javascript	constant	PAGE_SIZE	PAGE_SIZE	standard	12
shadowlist-fabric-example	packages/shadowlist-fabric-example/src/api/chat.ts	javascript	constant	HISTORY_SIZE	HISTORY_SIZE	standard	13
shadowlist-fabric-example	packages/shadowlist-fabric-example/src/api/chat.ts	javascript	variable	generatedCount	generatedCount	standard	15
shadowlist-fabric-example	packages/shadowlist-fabric-example/src/api/chat.ts	javascript	parameter	count	count	standard	16
shadowlist-fabric-example	packages/shadowlist-fabric-example/src/api/chat.ts	javascript	constant	generateMessages	generateMessages	standard	16
shadowlist-fabric-example	packages/shadowlist-fabric-example/src/api/chat.ts	javascript	constant	messages	messages	standard	19
shadowlist-fabric-example	packages/shadowlist-fabric-example/src/api/chat.ts	javascript	parameter	cursor	cursor	standard	24
shadowlist-fabric-example	packages/shadowlist-fabric-example/src/api/chat.ts	javascript	parameter	signal	signal	standard	25
shadowlist-fabric-example	packages/shadowlist-fabric-example/src/api/chat.ts	javascript	parameter	text	text	standard	36
shadowlist-fabric-example	packages/shadowlist-fabric-example/src/api/chat.ts	javascript	constant	FAIL_TAG	FAIL_TAG	standard	48
shadowlist-fabric-example	packages/shadowlist-fabric-example/src/api/chat.ts	javascript	parameter	message	message	standard	50
shadowlist-fabric-example	packages/shadowlist-fabric-example/src/api/chat.ts	javascript	constant	stored	stored	standard	58
shadowlist-fabric-example	packages/shadowlist-fabric-example/src/api/chat.ts	javascript	parameter	incoming	incoming	standard	65
shadowlist-fabric-example	packages/shadowlist-fabric-example/src/api/chat.ts	javascript	constant	incomingListeners	incomingListeners	standard	65
shadowlist-fabric-example	packages/shadowlist-fabric-example/src/api/chat.ts	javascript	parameter	listener	listener	standard	67
shadowlist-fabric-example	packages/shadowlist-fabric-example/src/api/chat.ts	javascript	parameter	incoming	incoming	standard	68
shadowlist-fabric-example	packages/shadowlist-fabric-example/src/api/chat.ts	javascript	parameter	count	count	standard	76
shadowlist-fabric-example	packages/shadowlist-fabric-example/src/api/chat.ts	javascript	constant	incoming	incoming	standard	78
shadowlist-fabric-example	packages/shadowlist-fabric-example/src/api/chat.ts	javascript	parameter	listener	listener	standard	80
shadowlist-fabric-example	packages/shadowlist-fabric-example/src/api/Collection.ts	javascript	parameter	page	page	standard	16
shadowlist-fabric-example	packages/shadowlist-fabric-example/src/api/Collection.ts	javascript	parameter	page	page	standard	22
shadowlist-fabric-example	packages/shadowlist-fabric-example/src/api/Collection.ts	javascript	parameter	count	count	standard	37
shadowlist-fabric-example	packages/shadowlist-fabric-example/src/api/Collection.ts	javascript	parameter	options	options	standard	44
shadowlist-fabric-example	packages/shadowlist-fabric-example/src/api/Collection.ts	javascript	parameter	index	index	standard	52
shadowlist-fabric-example	packages/shadowlist-fabric-example/src/api/Collection.ts	javascript	parameter	item	item	standard	52
shadowlist-fabric-example	packages/shadowlist-fabric-example/src/api/Collection.ts	javascript	parameter	match	match	standard	58
shadowlist-fabric-example	packages/shadowlist-fabric-example/src/api/Collection.ts	javascript	parameter	row	row	standard	58
shadowlist-fabric-example	packages/shadowlist-fabric-example/src/api/Collection.ts	javascript	constant	index	index	standard	59
shadowlist-fabric-example	packages/shadowlist-fabric-example/src/api/Collection.ts	javascript	parameter	row	row	standard	64
shadowlist-fabric-example	packages/shadowlist-fabric-example/src/api/Collection.ts	javascript	parameter	cursor	cursor	standard	69
shadowlist-fabric-example	packages/shadowlist-fabric-example/src/api/Collection.ts	javascript	parameter	from	from	standard	71
shadowlist-fabric-example	packages/shadowlist-fabric-example/src/api/Collection.ts	javascript	parameter	limit	limit	standard	71
shadowlist-fabric-example	packages/shadowlist-fabric-example/src/api/Collection.ts	javascript	constant	extend	extend	standard	73
shadowlist-fabric-example	packages/shadowlist-fabric-example/src/api/Collection.ts	javascript	parameter	row	row	standard	75
shadowlist-fabric-example	packages/shadowlist-fabric-example/src/api/Collection.ts	javascript	constant	start	start	standard	75
shadowlist-fabric-example	packages/shadowlist-fabric-example/src/api/Collection.ts	javascript	constant	remaining	remaining	standard	76
shadowlist-fabric-example	packages/shadowlist-fabric-example/src/api/Collection.ts	javascript	constant	rows	rows	standard	80
shadowlist-fabric-example	packages/shadowlist-fabric-example/src/api/Collection.ts	javascript	variable	start	start	standard	81
shadowlist-fabric-example	packages/shadowlist-fabric-example/src/api/Collection.ts	javascript	variable	end	end	standard	82
shadowlist-fabric-example	packages/shadowlist-fabric-example/src/api/Collection.ts	javascript	parameter	row	row	standard	87
shadowlist-fabric-example	packages/shadowlist-fabric-example/src/api/Collection.ts	javascript	parameter	row	row	standard	90
shadowlist-fabric-example	packages/shadowlist-fabric-example/src/api/Collection.ts	javascript	constant	hasRows	hasRows	standard	94
shadowlist-fabric-example	packages/shadowlist-fabric-example/src/api/Collection.ts	javascript	constant	hasMoreAfter	hasMoreAfter	standard	96
shadowlist-fabric-example	packages/shadowlist-fabric-example/src/api/Collection.ts	javascript	parameter	row	row	standard	98
shadowlist-fabric-example	packages/shadowlist-fabric-example/src/api/Collection.ts	javascript	parameter	items	items	standard	104
shadowlist-fabric-example	packages/shadowlist-fabric-example/src/api/Collection.ts	javascript	constant	rows	rows	standard	105
shadowlist-fabric-example	packages/shadowlist-fabric-example/src/api/Collection.ts	javascript	constant	first	first	standard	106
shadowlist-fabric-example	packages/shadowlist-fabric-example/src/api/Collection.ts	javascript	parameter	index	index	standard	108
shadowlist-fabric-example	packages/shadowlist-fabric-example/src/api/Collection.ts	javascript	parameter	item	item	standard	108
shadowlist-fabric-example	packages/shadowlist-fabric-example/src/api/Collection.ts	javascript	parameter	items	items	standard	115
shadowlist-fabric-example	packages/shadowlist-fabric-example/src/api/Collection.ts	javascript	constant	rows	rows	standard	116
shadowlist-fabric-example	packages/shadowlist-fabric-example/src/api/Collection.ts	javascript	constant	last	last	standard	117
shadowlist-fabric-example	packages/shadowlist-fabric-example/src/api/Collection.ts	javascript	parameter	index	index	standard	119
shadowlist-fabric-example	packages/shadowlist-fabric-example/src/api/Collection.ts	javascript	parameter	item	item	standard	119
shadowlist-fabric-example	packages/shadowlist-fabric-example/src/api/Collection.ts	javascript	parameter	ids	ids	standard	123
shadowlist-fabric-example	packages/shadowlist-fabric-example/src/api/Collection.ts	javascript	constant	removed	removed	standard	124
shadowlist-fabric-example	packages/shadowlist-fabric-example/src/api/Collection.ts	javascript	parameter	row	row	standard	125
shadowlist-fabric-example	packages/shadowlist-fabric-example/src/api/Collection.ts	javascript	parameter	id	id	standard	129
shadowlist-fabric-example	packages/shadowlist-fabric-example/src/api/Collection.ts	javascript	parameter	item	item	standard	129
shadowlist-fabric-example	packages/shadowlist-fabric-example/src/api/Collection.ts	javascript	parameter	update	update	standard	129
shadowlist-fabric-example	packages/shadowlist-fabric-example/src/api/Collection.ts	javascript	parameter	candidate	candidate	standard	130
shadowlist-fabric-example	packages/shadowlist-fabric-example/src/api/Collection.ts	javascript	constant	row	row	standard	130
shadowlist-fabric-example	packages/shadowlist-fabric-example/src/api/Collection.ts	javascript	parameter	ids	ids	standard	137
shadowlist-fabric-example	packages/shadowlist-fabric-example/src/api/Collection.ts	javascript	constant	byId	byId	standard	138
shadowlist-fabric-example	packages/shadowlist-fabric-example/src/api/Collection.ts	javascript	parameter	row	row	standard	138
shadowlist-fabric-example	packages/shadowlist-fabric-example/src/api/Collection.ts	javascript	parameter	id	id	standard	139
shadowlist-fabric-example	packages/shadowlist-fabric-example/src/api/Collection.ts	javascript	parameter	index	index	standard	139
shadowlist-fabric-example	packages/shadowlist-fabric-example/src/api/Collection.ts	javascript	constant	item	item	standard	140
shadowlist-fabric-example	packages/shadowlist-fabric-example/src/api/contacts.ts	javascript	variable	generatedCount	generatedCount	standard	8
shadowlist-fabric-example	packages/shadowlist-fabric-example/src/api/contacts.ts	javascript	parameter	count	count	standard	9
shadowlist-fabric-example	packages/shadowlist-fabric-example/src/api/contacts.ts	javascript	constant	generateContacts	generateContacts	standard	9
shadowlist-fabric-example	packages/shadowlist-fabric-example/src/api/contacts.ts	javascript	constant	contacts	contacts	standard	13
shadowlist-fabric-example	packages/shadowlist-fabric-example/src/api/contacts.ts	javascript	parameter	signal	signal	standard	17
shadowlist-fabric-example	packages/shadowlist-fabric-example/src/api/contacts.ts	javascript	parameter	count	count	standard	21
shadowlist-fabric-example	packages/shadowlist-fabric-example/src/api/contacts.ts	javascript	parameter	position	position	standard	22
shadowlist-fabric-example	packages/shadowlist-fabric-example/src/api/contacts.ts	javascript	constant	created	created	standard	29
shadowlist-fabric-example	packages/shadowlist-fabric-example/src/api/contacts.ts	javascript	parameter	id	id	standard	36
shadowlist-fabric-example	packages/shadowlist-fabric-example/src/api/contacts.ts	javascript	constant	favorites	favorites	standard	41
shadowlist-fabric-example	packages/shadowlist-fabric-example/src/api/contacts.ts	javascript	parameter	_	_	standard	42
shadowlist-fabric-example	packages/shadowlist-fabric-example/src/api/contacts.ts	javascript	parameter	index	index	standard	42
shadowlist-fabric-example	packages/shadowlist-fabric-example/src/api/contacts.ts	javascript	parameter	signal	signal	standard	45
shadowlist-fabric-example	packages/shadowlist-fabric-example/src/api/contacts.ts	javascript	parameter	ids	ids	standard	49
shadowlist-fabric-example	packages/shadowlist-fabric-example/src/api/feed.ts	javascript	constant	PAGE_SIZE	PAGE_SIZE	standard	6
shadowlist-fabric-example	packages/shadowlist-fabric-example/src/api/feed.ts	javascript	constant	NEW_POSTS_PER_REFRESH	NEW_POSTS_PER_REFRESH	standard	8
shadowlist-fabric-example	packages/shadowlist-fabric-example/src/api/feed.ts	javascript	variable	generatedCount	generatedCount	standard	10
shadowlist-fabric-example	packages/shadowlist-fabric-example/src/api/feed.ts	javascript	parameter	count	count	standard	11
shadowlist-fabric-example	packages/shadowlist-fabric-example/src/api/feed.ts	javascript	constant	generatePosts	generatePosts	standard	11
shadowlist-fabric-example	packages/shadowlist-fabric-example/src/api/feed.ts	javascript	constant	posts	posts	standard	14
shadowlist-fabric-example	packages/shadowlist-fabric-example/src/api/feed.ts	javascript	variable	headReads	headReads	standard	19
shadowlist-fabric-example	packages/shadowlist-fabric-example/src/api/feed.ts	javascript	parameter	cursor	cursor	standard	21
shadowlist-fabric-example	packages/shadowlist-fabric-example/src/api/feed.ts	javascript	parameter	signal	signal	standard	22
shadowlist-fabric-example	packages/shadowlist-fabric-example/src/api/feed.ts	javascript	parameter	count	count	standard	34
shadowlist-fabric-example	packages/shadowlist-fabric-example/src/api/feed.ts	javascript	constant	created	created	standard	36
shadowlist-fabric-example	packages/shadowlist-fabric-example/src/api/files.ts	javascript	variable	tree	tree	standard	5
shadowlist-fabric-example	packages/shadowlist-fabric-example/src/api/files.ts	javascript	parameter	signal	signal	standard	7
shadowlist-fabric-example	packages/shadowlist-fabric-example/src/api/gallery.ts	javascript	constant	PHOTO_PAGE_SIZE	PHOTO_PAGE_SIZE	standard	8
shadowlist-fabric-example	packages/shadowlist-fabric-example/src/api/gallery.ts	javascript	variable	photoCount	photoCount	standard	10
shadowlist-fabric-example	packages/shadowlist-fabric-example/src/api/gallery.ts	javascript	parameter	count	count	standard	11
shadowlist-fabric-example	packages/shadowlist-fabric-example/src/api/gallery.ts	javascript	constant	generatePhotos	generatePhotos	standard	11
shadowlist-fabric-example	packages/shadowlist-fabric-example/src/api/gallery.ts	javascript	constant	photos	photos	standard	14
shadowlist-fabric-example	packages/shadowlist-fabric-example/src/api/gallery.ts	javascript	parameter	cursor	cursor	standard	19
shadowlist-fabric-example	packages/shadowlist-fabric-example/src/api/gallery.ts	javascript	parameter	signal	signal	standard	20
shadowlist-fabric-example	packages/shadowlist-fabric-example/src/api/gallery.ts	javascript	parameter	count	count	standard	29
shadowlist-fabric-example	packages/shadowlist-fabric-example/src/api/gallery.ts	javascript	constant	created	created	standard	31
shadowlist-fabric-example	packages/shadowlist-fabric-example/src/api/gallery.ts	javascript	constant	SHELF_PAGE_SIZE	SHELF_PAGE_SIZE	standard	38
shadowlist-fabric-example	packages/shadowlist-fabric-example/src/api/gallery.ts	javascript	variable	shelfCount	shelfCount	standard	40
shadowlist-fabric-example	packages/shadowlist-fabric-example/src/api/gallery.ts	javascript	parameter	count	count	standard	41
shadowlist-fabric-example	packages/shadowlist-fabric-example/src/api/gallery.ts	javascript	constant	generateShelves	generateShelves	standard	41
shadowlist-fabric-example	packages/shadowlist-fabric-example/src/api/gallery.ts	javascript	constant	shelves	shelves	standard	44
shadowlist-fabric-example	packages/shadowlist-fabric-example/src/api/gallery.ts	javascript	parameter	cursor	cursor	standard	49
shadowlist-fabric-example	packages/shadowlist-fabric-example/src/api/gallery.ts	javascript	parameter	signal	signal	standard	50
shadowlist-fabric-example	packages/shadowlist-fabric-example/src/api/network.ts	javascript	constant	network	network	standard	3
shadowlist-fabric-example	packages/shadowlist-fabric-example/src/api/network.ts	javascript	parameter	listener	listener	standard	19
shadowlist-fabric-example	packages/shadowlist-fabric-example/src/api/network.ts	javascript	parameter	type	type	standard	19
shadowlist-fabric-example	packages/shadowlist-fabric-example/src/api/network.ts	javascript	parameter	listener	listener	standard	20
shadowlist-fabric-example	packages/shadowlist-fabric-example/src/api/network.ts	javascript	parameter	type	type	standard	20
shadowlist-fabric-example	packages/shadowlist-fabric-example/src/api/network.ts	javascript	parameter	respond	respond	standard	30
shadowlist-fabric-example	packages/shadowlist-fabric-example/src/api/network.ts	javascript	parameter	signal	signal	standard	31
shadowlist-fabric-example	packages/shadowlist-fabric-example/src/api/network.ts	javascript	parameter	reject	reject	standard	34
shadowlist-fabric-example	packages/shadowlist-fabric-example/src/api/network.ts	javascript	parameter	resolve	resolve	standard	34
shadowlist-fabric-example	packages/shadowlist-fabric-example/src/api/network.ts	javascript	constant	max	max	standard	39
shadowlist-fabric-example	packages/shadowlist-fabric-example/src/api/network.ts	javascript	constant	min	min	standard	39
shadowlist-fabric-example	packages/shadowlist-fabric-example/src/api/network.ts	javascript	constant	onAbort	onAbort	standard	40
shadowlist-fabric-example	packages/shadowlist-fabric-example/src/api/network.ts	javascript	constant	timer	timer	standard	44
shadowlist-fabric-example	packages/shadowlist-fabric-example/src/api/network.ts	javascript	catch-binding	error	error	standard	49
shadowlist-fabric-example	packages/shadowlist-fabric-example/src/api/network.ts	javascript	variable	error	error	standard	49
shadowlist-fabric-example	packages/shadowlist-fabric-example/src/App.tsx	javascript	parameter	key	key	standard	47
shadowlist-fabric-example	packages/shadowlist-fabric-example/src/App.tsx	javascript	constant	value	value	standard	49
shadowlist-fabric-example	packages/shadowlist-fabric-example/src/App.tsx	javascript	constant	LAUNCH_ROUTE	LAUNCH_ROUTE	standard	53
shadowlist-fabric-example	packages/shadowlist-fabric-example/src/App.tsx	javascript	constant	launchLatency	launchLatency	standard	54
shadowlist-fabric-example	packages/shadowlist-fabric-example/src/App.tsx	javascript	constant	launchFailureRate	launchFailureRate	standard	58
shadowlist-fabric-example	packages/shadowlist-fabric-example/src/App.tsx	javascript	constant	launchTheme	launchTheme	standard	62
shadowlist-fabric-example	packages/shadowlist-fabric-example/src/App.tsx	javascript	constant	LAUNCH_THEME	LAUNCH_THEME	standard	63
shadowlist-fabric-example	packages/shadowlist-fabric-example/src/App.tsx	javascript	parameter	preference	preference	standard	67
shadowlist-fabric-example	packages/shadowlist-fabric-example/src/App.tsx	javascript	constant	Drawer	Drawer	standard	74
shadowlist-fabric-example	packages/shadowlist-fabric-example/src/App.tsx	javascript	constant	setThemePreference	setThemePreference	standard	77
shadowlist-fabric-example	packages/shadowlist-fabric-example/src/App.tsx	javascript	constant	themePreference	themePreference	standard	77
shadowlist-fabric-example	packages/shadowlist-fabric-example/src/App.tsx	javascript	constant	systemScheme	systemScheme	standard	79
shadowlist-fabric-example	packages/shadowlist-fabric-example/src/App.tsx	javascript	constant	dark	dark	standard	80
shadowlist-fabric-example	packages/shadowlist-fabric-example/src/App.tsx	javascript	constant	theme	theme	standard	84
shadowlist-fabric-example	packages/shadowlist-fabric-example/src/App.tsx	javascript	constant	handleThemePreferenceChange	handleThemePreferenceChange	standard	86
shadowlist-fabric-example	packages/shadowlist-fabric-example/src/App.tsx	javascript	parameter	preference	preference	standard	87
shadowlist-fabric-example	packages/shadowlist-fabric-example/src/App.tsx	javascript	constant	navTheme	navTheme	standard	94
shadowlist-fabric-example	packages/shadowlist-fabric-example/src/App.tsx	javascript	constant	base	base	standard	95
shadowlist-fabric-example	packages/shadowlist-fabric-example/src/App.tsx	javascript	constant	colors	colors	standard	96
shadowlist-fabric-example	packages/shadowlist-fabric-example/src/App.tsx	javascript	constant	screenOptions	screenOptions	standard	110
shadowlist-fabric-example	packages/shadowlist-fabric-example/src/App.tsx	javascript	constant	colors	colors	standard	111
shadowlist-fabric-example	packages/shadowlist-fabric-example/src/App.tsx	javascript	constant	typography	typography	standard	111
shadowlist-fabric-example	packages/shadowlist-fabric-example/src/App.tsx	javascript	constant	renderDrawerContent	renderDrawerContent	standard	125
shadowlist-fabric-example	packages/shadowlist-fabric-example/src/App.tsx	javascript	parameter	props	props	standard	126
shadowlist-fabric-example	packages/shadowlist-fabric-example/src/AssistantScreen.tsx	javascript	constant	KEYBOARD_GAP	KEYBOARD_GAP	standard	62
shadowlist-fabric-example	packages/shadowlist-fabric-example/src/AssistantScreen.tsx	javascript	constant	FOLLOW_ANCHOR_WINDOW	FOLLOW_ANCHOR_WINDOW	standard	65
shadowlist-fabric-example	packages/shadowlist-fabric-example/src/AssistantScreen.tsx	javascript	constant	DISENGAGE_MS	DISENGAGE_MS	standard	69
shadowlist-fabric-example	packages/shadowlist-fabric-example/src/AssistantScreen.tsx	javascript	constant	NOTHING_IGNORED	NOTHING_IGNORED	standard	72
shadowlist-fabric-example	packages/shadowlist-fabric-example/src/AssistantScreen.tsx	javascript	constant	EMPTY_LABELS	EMPTY_LABELS	standard	74
shadowlist-fabric-example	packages/shadowlist-fabric-example/src/AssistantScreen.tsx	javascript	parameter	reply	reply	standard	79
shadowlist-fabric-example	packages/shadowlist-fabric-example/src/AssistantScreen.tsx	javascript	parameter	turn	turn	standard	79
shadowlist-fabric-example	packages/shadowlist-fabric-example/src/AssistantScreen.tsx	javascript	parameter	index	index	standard	82
shadowlist-fabric-example	packages/shadowlist-fabric-example/src/AssistantScreen.tsx	javascript	parameter	variant	variant	standard	82
shadowlist-fabric-example	packages/shadowlist-fabric-example/src/AssistantScreen.tsx	javascript	parameter	messageId	messageId	standard	88
shadowlist-fabric-example	packages/shadowlist-fabric-example/src/AssistantScreen.tsx	javascript	parameter	update	update	standard	89
shadowlist-fabric-example	packages/shadowlist-fabric-example/src/AssistantScreen.tsx	javascript	parameter	reply	reply	standard	90
shadowlist-fabric-example	packages/shadowlist-fabric-example/src/AssistantScreen.tsx	javascript	parameter	previous	previous	standard	92
shadowlist-fabric-example	packages/shadowlist-fabric-example/src/AssistantScreen.tsx	javascript	parameter	message	message	standard	93
shadowlist-fabric-example	packages/shadowlist-fabric-example/src/AssistantScreen.tsx	javascript	parameter	messageId	messageId	standard	100
shadowlist-fabric-example	packages/shadowlist-fabric-example/src/AssistantScreen.tsx	javascript	parameter	messages	messages	standard	100
shadowlist-fabric-example	packages/shadowlist-fabric-example/src/AssistantScreen.tsx	javascript	parameter	message	message	standard	102
shadowlist-fabric-example	packages/shadowlist-fabric-example/src/AssistantScreen.tsx	javascript	parameter	messages	messages	standard	108
shadowlist-fabric-example	packages/shadowlist-fabric-example/src/AssistantScreen.tsx	javascript	parameter	replyId	replyId	standard	108
shadowlist-fabric-example	packages/shadowlist-fabric-example/src/AssistantScreen.tsx	javascript	constant	index	index	standard	109
shadowlist-fabric-example	packages/shadowlist-fabric-example/src/AssistantScreen.tsx	javascript	parameter	message	message	standard	109
shadowlist-fabric-example	packages/shadowlist-fabric-example/src/AssistantScreen.tsx	javascript	constant	prompt	prompt	standard	110
shadowlist-fabric-example	packages/shadowlist-fabric-example/src/AssistantScreen.tsx	javascript	parameter	text	text	standard	115
shadowlist-fabric-example	packages/shadowlist-fabric-example/src/AssistantScreen.tsx	javascript	constant	AssistantScreen	AssistantScreen	standard	119
shadowlist-fabric-example	packages/shadowlist-fabric-example/src/AssistantScreen.tsx	javascript	constant	styles	styles	standard	120
shadowlist-fabric-example	packages/shadowlist-fabric-example/src/AssistantScreen.tsx	javascript	constant	shadowlistRef	shadowlistRef	standard	121
shadowlist-fabric-example	packages/shadowlist-fabric-example/src/AssistantScreen.tsx	javascript	constant	composerRef	composerRef	standard	122
shadowlist-fabric-example	packages/shadowlist-fabric-example/src/AssistantScreen.tsx	javascript	constant	liftTranslateY	liftTranslateY	standard	124
shadowlist-fabric-example	packages/shadowlist-fabric-example/src/AssistantScreen.tsx	javascript	constant	store	store	standard	126
shadowlist-fabric-example	packages/shadowlist-fabric-example/src/AssistantScreen.tsx	javascript	constant	streamRef	streamRef	standard	127
shadowlist-fabric-example	packages/shadowlist-fabric-example/src/AssistantScreen.tsx	javascript	constant	settledIdsRef	settledIdsRef	standard	130
shadowlist-fabric-example	packages/shadowlist-fabric-example/src/AssistantScreen.tsx	javascript	constant	setStreaming	setStreaming	standard	132
shadowlist-fabric-example	packages/shadowlist-fabric-example/src/AssistantScreen.tsx	javascript	constant	streaming	streaming	standard	132
shadowlist-fabric-example	packages/shadowlist-fabric-example/src/AssistantScreen.tsx	javascript	constant	modelIndex	modelIndex	standard	133
shadowlist-fabric-example	packages/shadowlist-fabric-example/src/AssistantScreen.tsx	javascript	constant	setModelIndex	setModelIndex	standard	133
shadowlist-fabric-example	packages/shadowlist-fabric-example/src/AssistantScreen.tsx	javascript	constant	setThinking	setThinking	standard	134
shadowlist-fabric-example	packages/shadowlist-fabric-example/src/AssistantScreen.tsx	javascript	constant	thinking	thinking	standard	134
shadowlist-fabric-example	packages/shadowlist-fabric-example/src/AssistantScreen.tsx	javascript	constant	editingId	editingId	standard	135
shadowlist-fabric-example	packages/shadowlist-fabric-example/src/AssistantScreen.tsx	javascript	constant	setEditingId	setEditingId	standard	135
shadowlist-fabric-example	packages/shadowlist-fabric-example/src/AssistantScreen.tsx	javascript	constant	attachments	attachments	standard	136
shadowlist-fabric-example	packages/shadowlist-fabric-example/src/AssistantScreen.tsx	javascript	constant	setAttachments	setAttachments	standard	136
shadowlist-fabric-example	packages/shadowlist-fabric-example/src/AssistantScreen.tsx	javascript	constant	attachCountRef	attachCountRef	standard	137
shadowlist-fabric-example	packages/shadowlist-fabric-example/src/AssistantScreen.tsx	javascript	constant	following	following	standard	139
shadowlist-fabric-example	packages/shadowlist-fabric-example/src/AssistantScreen.tsx	javascript	constant	setFollowing	setFollowing	standard	139
shadowlist-fabric-example	packages/shadowlist-fabric-example/src/AssistantScreen.tsx	javascript	constant	followingRef	followingRef	standard	140
shadowlist-fabric-example	packages/shadowlist-fabric-example/src/AssistantScreen.tsx	javascript	constant	atEndRef	atEndRef	standard	141
shadowlist-fabric-example	packages/shadowlist-fabric-example/src/AssistantScreen.tsx	javascript	constant	disengageTimerRef	disengageTimerRef	standard	142
shadowlist-fabric-example	packages/shadowlist-fabric-example/src/AssistantScreen.tsx	javascript	constant	rewritingOlderRef	rewritingOlderRef	standard	146
shadowlist-fabric-example	packages/shadowlist-fabric-example/src/AssistantScreen.tsx	javascript	constant	modelRef	modelRef	standard	148
shadowlist-fabric-example	packages/shadowlist-fabric-example/src/AssistantScreen.tsx	javascript	constant	thinkingRef	thinkingRef	standard	150
shadowlist-fabric-example	packages/shadowlist-fabric-example/src/AssistantScreen.tsx	javascript	constant	editingIdRef	editingIdRef	standard	152
shadowlist-fabric-example	packages/shadowlist-fabric-example/src/AssistantScreen.tsx	javascript	constant	historyPageRef	historyPageRef	standard	155
shadowlist-fabric-example	packages/shadowlist-fabric-example/src/AssistantScreen.tsx	javascript	constant	suggestionCycleRef	suggestionCycleRef	standard	156
shadowlist-fabric-example	packages/shadowlist-fabric-example/src/AssistantScreen.tsx	javascript	constant	fetchHistoryPage	fetchHistoryPage	standard	158
shadowlist-fabric-example	packages/shadowlist-fabric-example/src/AssistantScreen.tsx	javascript	constant	sendFeedback	sendFeedback	standard	159
shadowlist-fabric-example	packages/shadowlist-fabric-example/src/AssistantScreen.tsx	javascript	constant	list	list	standard	161
shadowlist-fabric-example	packages/shadowlist-fabric-example/src/AssistantScreen.tsx	javascript	constant	page	page	standard	163
shadowlist-fabric-example	packages/shadowlist-fabric-example/src/AssistantScreen.tsx	javascript	constant	history	history	standard	164
shadowlist-fabric-example	packages/shadowlist-fabric-example/src/AssistantScreen.tsx	javascript	constant	append	append	standard	169
shadowlist-fabric-example	packages/shadowlist-fabric-example/src/AssistantScreen.tsx	javascript	constant	setData	setData	standard	169
shadowlist-fabric-example	packages/shadowlist-fabric-example/src/AssistantScreen.tsx	javascript	constant	messagesRef	messagesRef	standard	171
shadowlist-fabric-example	packages/shadowlist-fabric-example/src/AssistantScreen.tsx	javascript	parameter	messageId	messageId	standard	176
shadowlist-fabric-example	packages/shadowlist-fabric-example/src/AssistantScreen.tsx	javascript	constant	data	data	standard	188
shadowlist-fabric-example	packages/shadowlist-fabric-example/src/AssistantScreen.tsx	javascript	constant	nonAnchorKeys	nonAnchorKeys	standard	196
shadowlist-fabric-example	packages/shadowlist-fabric-example/src/AssistantScreen.tsx	javascript	constant	start	start	standard	198
shadowlist-fabric-example	packages/shadowlist-fabric-example/src/AssistantScreen.tsx	javascript	parameter	message	message	standard	200
shadowlist-fabric-example	packages/shadowlist-fabric-example/src/AssistantScreen.tsx	javascript	parameter	next	next	standard	205
shadowlist-fabric-example	packages/shadowlist-fabric-example/src/AssistantScreen.tsx	javascript	constant	setFollowingNow	setFollowingNow	standard	205
shadowlist-fabric-example	packages/shadowlist-fabric-example/src/AssistantScreen.tsx	javascript	constant	startReply	startReply	standard	218
shadowlist-fabric-example	packages/shadowlist-fabric-example/src/AssistantScreen.tsx	javascript	parameter	attempt	attempt	standard	219
shadowlist-fabric-example	packages/shadowlist-fabric-example/src/AssistantScreen.tsx	javascript	parameter	messageId	messageId	standard	219
shadowlist-fabric-example	packages/shadowlist-fabric-example/src/AssistantScreen.tsx	javascript	parameter	prompt	prompt	standard	219
shadowlist-fabric-example	packages/shadowlist-fabric-example/src/AssistantScreen.tsx	javascript	constant	writer	writer	standard	220
shadowlist-fabric-example	packages/shadowlist-fabric-example/src/AssistantScreen.tsx	javascript	parameter	turn	turn	standard	223
shadowlist-fabric-example	packages/shadowlist-fabric-example/src/AssistantScreen.tsx	javascript	parameter	reply	reply	standard	231
shadowlist-fabric-example	packages/shadowlist-fabric-example/src/AssistantScreen.tsx	javascript	constant	sendPrompt	sendPrompt	standard	245
shadowlist-fabric-example	packages/shadowlist-fabric-example/src/AssistantScreen.tsx	javascript	parameter	text	text	standard	246
shadowlist-fabric-example	packages/shadowlist-fabric-example/src/AssistantScreen.tsx	javascript	parameter	promptAttachments	promptAttachments	standard	247
shadowlist-fabric-example	packages/shadowlist-fabric-example/src/AssistantScreen.tsx	javascript	parameter	replaceFromId	replaceFromId	standard	249
shadowlist-fabric-example	packages/shadowlist-fabric-example/src/AssistantScreen.tsx	javascript	constant	prompt	prompt	standard	253
shadowlist-fabric-example	packages/shadowlist-fabric-example/src/AssistantScreen.tsx	javascript	constant	userMessage	userMessage	standard	254
shadowlist-fabric-example	packages/shadowlist-fabric-example/src/AssistantScreen.tsx	javascript	constant	reply	reply	standard	255
shadowlist-fabric-example	packages/shadowlist-fabric-example/src/AssistantScreen.tsx	javascript	parameter	previous	previous	standard	258
shadowlist-fabric-example	packages/shadowlist-fabric-example/src/AssistantScreen.tsx	javascript	constant	index	index	standard	259
shadowlist-fabric-example	packages/shadowlist-fabric-example/src/AssistantScreen.tsx	javascript	parameter	message	message	standard	260
shadowlist-fabric-example	packages/shadowlist-fabric-example/src/AssistantScreen.tsx	javascript	constant	kept	kept	standard	262
shadowlist-fabric-example	packages/shadowlist-fabric-example/src/AssistantScreen.tsx	javascript	constant	handleComposerSend	handleComposerSend	standard	277
shadowlist-fabric-example	packages/shadowlist-fabric-example/src/AssistantScreen.tsx	javascript	parameter	sent	sent	standard	278
shadowlist-fabric-example	packages/shadowlist-fabric-example/src/AssistantScreen.tsx	javascript	parameter	text	text	standard	278
shadowlist-fabric-example	packages/shadowlist-fabric-example/src/AssistantScreen.tsx	javascript	constant	handleAttachPress	handleAttachPress	standard	285
shadowlist-fabric-example	packages/shadowlist-fabric-example/src/AssistantScreen.tsx	javascript	parameter	previous	previous	standard	287
shadowlist-fabric-example	packages/shadowlist-fabric-example/src/AssistantScreen.tsx	javascript	constant	handleRemoveAttachment	handleRemoveAttachment	standard	294
shadowlist-fabric-example	packages/shadowlist-fabric-example/src/AssistantScreen.tsx	javascript	parameter	attachmentId	attachmentId	standard	295
shadowlist-fabric-example	packages/shadowlist-fabric-example/src/AssistantScreen.tsx	javascript	parameter	previous	previous	standard	296
shadowlist-fabric-example	packages/shadowlist-fabric-example/src/AssistantScreen.tsx	javascript	parameter	attachment	attachment	standard	297
shadowlist-fabric-example	packages/shadowlist-fabric-example/src/AssistantScreen.tsx	javascript	constant	handleStop	handleStop	standard	302
shadowlist-fabric-example	packages/shadowlist-fabric-example/src/AssistantScreen.tsx	javascript	constant	releaseFollowingUnlessNewest	releaseFollowingUnlessNewest	standard	306
shadowlist-fabric-example	packages/shadowlist-fabric-example/src/AssistantScreen.tsx	javascript	parameter	messageId	messageId	standard	307
shadowlist-fabric-example	packages/shadowlist-fabric-example/src/AssistantScreen.tsx	javascript	constant	messages	messages	standard	308
shadowlist-fabric-example	packages/shadowlist-fabric-example/src/AssistantScreen.tsx	javascript	constant	handleRegenerate	handleRegenerate	standard	317
shadowlist-fabric-example	packages/shadowlist-fabric-example/src/AssistantScreen.tsx	javascript	parameter	messageId	messageId	standard	318
shadowlist-fabric-example	packages/shadowlist-fabric-example/src/AssistantScreen.tsx	javascript	constant	reply	reply	standard	320
shadowlist-fabric-example	packages/shadowlist-fabric-example/src/AssistantScreen.tsx	javascript	parameter	current	current	standard	326
shadowlist-fabric-example	packages/shadowlist-fabric-example/src/AssistantScreen.tsx	javascript	constant	handleRetry	handleRetry	standard	341
shadowlist-fabric-example	packages/shadowlist-fabric-example/src/AssistantScreen.tsx	javascript	parameter	messageId	messageId	standard	342
shadowlist-fabric-example	packages/shadowlist-fabric-example/src/AssistantScreen.tsx	javascript	constant	reply	reply	standard	344
shadowlist-fabric-example	packages/shadowlist-fabric-example/src/AssistantScreen.tsx	javascript	parameter	current	current	standard	350
shadowlist-fabric-example	packages/shadowlist-fabric-example/src/AssistantScreen.tsx	javascript	constant	handleSelectVariant	handleSelectVariant	standard	361
shadowlist-fabric-example	packages/shadowlist-fabric-example/src/AssistantScreen.tsx	javascript	parameter	messageId	messageId	standard	362
shadowlist-fabric-example	packages/shadowlist-fabric-example/src/AssistantScreen.tsx	javascript	parameter	variantIndex	variantIndex	standard	362
shadowlist-fabric-example	packages/shadowlist-fabric-example/src/AssistantScreen.tsx	javascript	parameter	reply	reply	standard	364
shadowlist-fabric-example	packages/shadowlist-fabric-example/src/AssistantScreen.tsx	javascript	constant	handleFeedback	handleFeedback	standard	375
shadowlist-fabric-example	packages/shadowlist-fabric-example/src/AssistantScreen.tsx	javascript	parameter	feedback	feedback	standard	376
shadowlist-fabric-example	packages/shadowlist-fabric-example/src/AssistantScreen.tsx	javascript	parameter	messageId	messageId	standard	376
shadowlist-fabric-example	packages/shadowlist-fabric-example/src/AssistantScreen.tsx	javascript	constant	previous	previous	standard	377
shadowlist-fabric-example	packages/shadowlist-fabric-example/src/AssistantScreen.tsx	javascript	parameter	reply	reply	standard	378
shadowlist-fabric-example	packages/shadowlist-fabric-example/src/AssistantScreen.tsx	javascript	parameter	reply	reply	standard	384
shadowlist-fabric-example	packages/shadowlist-fabric-example/src/AssistantScreen.tsx	javascript	constant	handleShare	handleShare	standard	395
shadowlist-fabric-example	packages/shadowlist-fabric-example/src/AssistantScreen.tsx	javascript	parameter	text	text	standard	395
shadowlist-fabric-example	packages/shadowlist-fabric-example/src/AssistantScreen.tsx	javascript	constant	handleEdit	handleEdit	standard	399
shadowlist-fabric-example	packages/shadowlist-fabric-example/src/AssistantScreen.tsx	javascript	parameter	messageId	messageId	standard	399
shadowlist-fabric-example	packages/shadowlist-fabric-example/src/AssistantScreen.tsx	javascript	constant	prompt	prompt	standard	401
shadowlist-fabric-example	packages/shadowlist-fabric-example/src/AssistantScreen.tsx	javascript	parameter	message	message	standard	402
shadowlist-fabric-example	packages/shadowlist-fabric-example/src/AssistantScreen.tsx	javascript	constant	handleCancelEdit	handleCancelEdit	standard	410
shadowlist-fabric-example	packages/shadowlist-fabric-example/src/AssistantScreen.tsx	javascript	constant	handleSelectPrompt	handleSelectPrompt	standard	419
shadowlist-fabric-example	packages/shadowlist-fabric-example/src/AssistantScreen.tsx	javascript	parameter	prompt	prompt	standard	420
shadowlist-fabric-example	packages/shadowlist-fabric-example/src/AssistantScreen.tsx	javascript	constant	handleSelectSuggestion	handleSelectSuggestion	standard	427
shadowlist-fabric-example	packages/shadowlist-fabric-example/src/AssistantScreen.tsx	javascript	parameter	suggestion	suggestion	standard	428
shadowlist-fabric-example	packages/shadowlist-fabric-example/src/AssistantScreen.tsx	javascript	constant	handleCycleModel	handleCycleModel	standard	432
shadowlist-fabric-example	packages/shadowlist-fabric-example/src/AssistantScreen.tsx	javascript	parameter	index	index	standard	433
shadowlist-fabric-example	packages/shadowlist-fabric-example/src/AssistantScreen.tsx	javascript	constant	handleViewableItemsChanged	handleViewableItemsChanged	standard	441
shadowlist-fabric-example	packages/shadowlist-fabric-example/src/AssistantScreen.tsx	javascript	parameter	viewableItems	viewableItems	standard	442
shadowlist-fabric-example	packages/shadowlist-fabric-example/src/AssistantScreen.tsx	javascript	constant	endOnScreen	endOnScreen	standard	444
shadowlist-fabric-example	packages/shadowlist-fabric-example/src/AssistantScreen.tsx	javascript	parameter	token	token	standard	445
shadowlist-fabric-example	packages/shadowlist-fabric-example/src/AssistantScreen.tsx	javascript	constant	handleScrollToLatest	handleScrollToLatest	standard	463
shadowlist-fabric-example	packages/shadowlist-fabric-example/src/AssistantScreen.tsx	javascript	constant	suggestion	suggestion	standard	473
shadowlist-fabric-example	packages/shadowlist-fabric-example/src/AssistantScreen.tsx	javascript	constant	hasMessages	hasMessages	standard	485
shadowlist-fabric-example	packages/shadowlist-fabric-example/src/AssistantScreen.tsx	javascript	constant	header	header	standard	487
shadowlist-fabric-example	packages/shadowlist-fabric-example/src/AssistantScreen.tsx	javascript	constant	empty	empty	standard	503
shadowlist-fabric-example	packages/shadowlist-fabric-example/src/AssistantScreen.tsx	javascript	parameter	colors	colors	standard	570
shadowlist-fabric-example	packages/shadowlist-fabric-example/src/AssistantScreen.tsx	javascript	constant	useStyles	useStyles	standard	570
shadowlist-fabric-example	packages/shadowlist-fabric-example/src/CarouselShelf.tsx	javascript	constant	CAROUSEL_SHELF_ID	CAROUSEL_SHELF_ID	standard	7
shadowlist-fabric-example	packages/shadowlist-fabric-example/src/CarouselShelf.tsx	javascript	constant	CarouselShelf	CarouselShelf	standard	16
shadowlist-fabric-example	packages/shadowlist-fabric-example/src/CarouselShelf.tsx	javascript	parameter	item	item	standard	16
shadowlist-fabric-example	packages/shadowlist-fabric-example/src/CarouselShelf.tsx	javascript	constant	styles	styles	standard	17
shadowlist-fabric-example	packages/shadowlist-fabric-example/src/CarouselShelf.tsx	javascript	constant	renderCard	renderCard	standard	19
shadowlist-fabric-example	packages/shadowlist-fabric-example/src/CarouselShelf.tsx	javascript	parameter	element	element	standard	20
shadowlist-fabric-example	packages/shadowlist-fabric-example/src/CarouselShelf.tsx	javascript	constant	header	header	standard	28
shadowlist-fabric-example	packages/shadowlist-fabric-example/src/CarouselShelf.tsx	javascript	parameter	colors	colors	standard	55
shadowlist-fabric-example	packages/shadowlist-fabric-example/src/CarouselShelf.tsx	javascript	parameter	radius	radius	standard	55
shadowlist-fabric-example	packages/shadowlist-fabric-example/src/CarouselShelf.tsx	javascript	parameter	spacing	spacing	standard	55
shadowlist-fabric-example	packages/shadowlist-fabric-example/src/CarouselShelf.tsx	javascript	parameter	typography	typography	standard	55
shadowlist-fabric-example	packages/shadowlist-fabric-example/src/CarouselShelf.tsx	javascript	constant	useStyles	useStyles	standard	55
shadowlist-fabric-example	packages/shadowlist-fabric-example/src/ChatNativeScreen.tsx	javascript	constant	KEYBOARD_GAP	KEYBOARD_GAP	standard	39
shadowlist-fabric-example	packages/shadowlist-fabric-example/src/ChatNativeScreen.tsx	javascript	constant	INCOMING_COUNT	INCOMING_COUNT	standard	40
shadowlist-fabric-example	packages/shadowlist-fabric-example/src/ChatNativeScreen.tsx	javascript	constant	INPUT_LABELS	INPUT_LABELS	standard	41
shadowlist-fabric-example	packages/shadowlist-fabric-example/src/ChatNativeScreen.tsx	javascript	constant	AVATAR_SIZE	AVATAR_SIZE	standard	42
shadowlist-fabric-example	packages/shadowlist-fabric-example/src/ChatNativeScreen.tsx	javascript	constant	GRID_LIMIT	GRID_LIMIT	standard	43
shadowlist-fabric-example	packages/shadowlist-fabric-example/src/ChatNativeScreen.tsx	javascript	parameter	name	name	standard	71
shadowlist-fabric-example	packages/shadowlist-fabric-example/src/ChatNativeScreen.tsx	javascript	constant	words	words	standard	72
shadowlist-fabric-example	packages/shadowlist-fabric-example/src/ChatNativeScreen.tsx	javascript	constant	first	first	standard	73
shadowlist-fabric-example	packages/shadowlist-fabric-example/src/ChatNativeScreen.tsx	javascript	constant	last	last	standard	74
shadowlist-fabric-example	packages/shadowlist-fabric-example/src/ChatNativeScreen.tsx	javascript	parameter	name	name	standard	78
shadowlist-fabric-example	packages/shadowlist-fabric-example/src/ChatNativeScreen.tsx	javascript	parameter	palette	palette	standard	78
shadowlist-fabric-example	packages/shadowlist-fabric-example/src/ChatNativeScreen.tsx	javascript	variable	hash	hash	standard	79
shadowlist-fabric-example	packages/shadowlist-fabric-example/src/ChatNativeScreen.tsx	javascript	variable	index	index	standard	80
shadowlist-fabric-example	packages/shadowlist-fabric-example/src/ChatNativeScreen.tsx	javascript	constant	STATUS_LABELS	STATUS_LABELS	standard	86
shadowlist-fabric-example	packages/shadowlist-fabric-example/src/ChatNativeScreen.tsx	javascript	parameter	status	status	standard	92
shadowlist-fabric-example	packages/shadowlist-fabric-example/src/ChatNativeScreen.tsx	javascript	parameter	tracked	tracked	standard	92
shadowlist-fabric-example	packages/shadowlist-fabric-example/src/ChatNativeScreen.tsx	javascript	parameter	message	message	standard	100
shadowlist-fabric-example	packages/shadowlist-fabric-example/src/ChatNativeScreen.tsx	javascript	parameter	caption	caption	standard	101
shadowlist-fabric-example	packages/shadowlist-fabric-example/src/ChatNativeScreen.tsx	javascript	parameter	palette	palette	standard	102
shadowlist-fabric-example	packages/shadowlist-fabric-example/src/ChatNativeScreen.tsx	javascript	parameter	tracked	tracked	standard	103
shadowlist-fabric-example	packages/shadowlist-fabric-example/src/ChatNativeScreen.tsx	javascript	constant	images	images	standard	106
shadowlist-fabric-example	packages/shadowlist-fabric-example/src/ChatNativeScreen.tsx	javascript	constant	kind	kind	standard	107
shadowlist-fabric-example	packages/shadowlist-fabric-example/src/ChatNativeScreen.tsx	javascript	constant	counts	counts	standard	128
shadowlist-fabric-example	packages/shadowlist-fabric-example/src/ChatNativeScreen.tsx	javascript	constant	ChatNativeScreen	ChatNativeScreen	standard	141
shadowlist-fabric-example	packages/shadowlist-fabric-example/src/ChatNativeScreen.tsx	javascript	constant	listRef	listRef	standard	142
shadowlist-fabric-example	packages/shadowlist-fabric-example/src/ChatNativeScreen.tsx	javascript	constant	theme	theme	standard	143
shadowlist-fabric-example	packages/shadowlist-fabric-example/src/ChatNativeScreen.tsx	javascript	constant	colors	colors	standard	144
shadowlist-fabric-example	packages/shadowlist-fabric-example/src/ChatNativeScreen.tsx	javascript	constant	styles	styles	standard	145
shadowlist-fabric-example	packages/shadowlist-fabric-example/src/ChatNativeScreen.tsx	javascript	constant	liftTranslateY	liftTranslateY	standard	146
shadowlist-fabric-example	packages/shadowlist-fabric-example/src/ChatNativeScreen.tsx	javascript	constant	ordinals	ordinals	standard	147
shadowlist-fabric-example	packages/shadowlist-fabric-example/src/ChatNativeScreen.tsx	javascript	constant	initialRows	initialRows	standard	149
shadowlist-fabric-example	packages/shadowlist-fabric-example/src/ChatNativeScreen.tsx	javascript	constant	setInitialRows	setInitialRows	standard	149
shadowlist-fabric-example	packages/shadowlist-fabric-example/src/ChatNativeScreen.tsx	javascript	constant	error	error	standard	150
shadowlist-fabric-example	packages/shadowlist-fabric-example/src/ChatNativeScreen.tsx	javascript	constant	setError	setError	standard	150
shadowlist-fabric-example	packages/shadowlist-fabric-example/src/ChatNativeScreen.tsx	javascript	constant	loadingEarlier	loadingEarlier	standard	151
shadowlist-fabric-example	packages/shadowlist-fabric-example/src/ChatNativeScreen.tsx	javascript	constant	setLoadingEarlier	setLoadingEarlier	standard	151
shadowlist-fabric-example	packages/shadowlist-fabric-example/src/ChatNativeScreen.tsx	javascript	constant	hasEarlier	hasEarlier	standard	152
shadowlist-fabric-example	packages/shadowlist-fabric-example/src/ChatNativeScreen.tsx	javascript	constant	setHasEarlier	setHasEarlier	standard	152
shadowlist-fabric-example	packages/shadowlist-fabric-example/src/ChatNativeScreen.tsx	javascript	constant	cursorRef	cursorRef	standard	153
shadowlist-fabric-example	packages/shadowlist-fabric-example/src/ChatNativeScreen.tsx	javascript	constant	loadingRef	loadingRef	standard	154
shadowlist-fabric-example	packages/shadowlist-fabric-example/src/ChatNativeScreen.tsx	javascript	constant	outgoingRef	outgoingRef	standard	156
shadowlist-fabric-example	packages/shadowlist-fabric-example/src/ChatNativeScreen.tsx	javascript	constant	palette	palette	standard	158
shadowlist-fabric-example	packages/shadowlist-fabric-example/src/ChatNativeScreen.tsx	javascript	constant	loadFirstPage	loadFirstPage	standard	160
shadowlist-fabric-example	packages/shadowlist-fabric-example/src/ChatNativeScreen.tsx	javascript	parameter	page	page	standard	163
shadowlist-fabric-example	packages/shadowlist-fabric-example/src/ChatNativeScreen.tsx	javascript	parameter	message	message	standard	167
shadowlist-fabric-example	packages/shadowlist-fabric-example/src/ChatNativeScreen.tsx	javascript	parameter	failure	failure	standard	172
shadowlist-fabric-example	packages/shadowlist-fabric-example/src/ChatNativeScreen.tsx	javascript	constant	loadEarlier	loadEarlier	standard	182
shadowlist-fabric-example	packages/shadowlist-fabric-example/src/ChatNativeScreen.tsx	javascript	constant	cursor	cursor	standard	183
shadowlist-fabric-example	packages/shadowlist-fabric-example/src/ChatNativeScreen.tsx	javascript	parameter	page	page	standard	188
shadowlist-fabric-example	packages/shadowlist-fabric-example/src/ChatNativeScreen.tsx	javascript	constant	captions	captions	standard	192
shadowlist-fabric-example	packages/shadowlist-fabric-example/src/ChatNativeScreen.tsx	javascript	variable	index	index	standard	193
shadowlist-fabric-example	packages/shadowlist-fabric-example/src/ChatNativeScreen.tsx	javascript	parameter	index	index	standard	197
shadowlist-fabric-example	packages/shadowlist-fabric-example/src/ChatNativeScreen.tsx	javascript	parameter	message	message	standard	197
shadowlist-fabric-example	packages/shadowlist-fabric-example/src/ChatNativeScreen.tsx	javascript	parameter	messages	messages	standard	212
shadowlist-fabric-example	packages/shadowlist-fabric-example/src/ChatNativeScreen.tsx	javascript	parameter	message	message	standard	214
shadowlist-fabric-example	packages/shadowlist-fabric-example/src/ChatNativeScreen.tsx	javascript	constant	deliver	deliver	standard	220
shadowlist-fabric-example	packages/shadowlist-fabric-example/src/ChatNativeScreen.tsx	javascript	parameter	message	message	standard	220
shadowlist-fabric-example	packages/shadowlist-fabric-example/src/ChatNativeScreen.tsx	javascript	constant	list	list	standard	221
shadowlist-fabric-example	packages/shadowlist-fabric-example/src/ChatNativeScreen.tsx	javascript	constant	keys	keys	standard	228
shadowlist-fabric-example	packages/shadowlist-fabric-example/src/ChatNativeScreen.tsx	javascript	constant	handleSend	handleSend	standard	236
shadowlist-fabric-example	packages/shadowlist-fabric-example/src/ChatNativeScreen.tsx	javascript	parameter	text	text	standard	237
shadowlist-fabric-example	packages/shadowlist-fabric-example/src/ChatNativeScreen.tsx	javascript	constant	message	message	standard	238
shadowlist-fabric-example	packages/shadowlist-fabric-example/src/ChatNativeScreen.tsx	javascript	constant	handleElementPress	handleElementPress	standard	250
shadowlist-fabric-example	packages/shadowlist-fabric-example/src/ChatNativeScreen.tsx	javascript	parameter	key	key	standard	251
shadowlist-fabric-example	packages/shadowlist-fabric-example/src/ChatNativeScreen.tsx	javascript	parameter	action	action	standard	252
shadowlist-fabric-example	packages/shadowlist-fabric-example/src/ChatNativeScreen.tsx	javascript	parameter	item	item	standard	253
shadowlist-fabric-example	packages/shadowlist-fabric-example/src/ChatNativeScreen.tsx	javascript	constant	message	message	standard	257
shadowlist-fabric-example	packages/shadowlist-fabric-example/src/ChatNativeScreen.tsx	javascript	constant	preview	preview	standard	262
shadowlist-fabric-example	packages/shadowlist-fabric-example/src/ChatNativeScreen.tsx	javascript	constant	templates	templates	standard	284
shadowlist-fabric-example	packages/shadowlist-fabric-example/src/ChatNativeScreen.tsx	javascript	constant	avatar	avatar	standard	285
shadowlist-fabric-example	packages/shadowlist-fabric-example/src/ChatNativeScreen.tsx	javascript	constant	failedLine	failedLine	standard	296
shadowlist-fabric-example	packages/shadowlist-fabric-example/src/ChatNativeScreen.tsx	javascript	constant	captionLine	captionLine	standard	305
shadowlist-fabric-example	packages/shadowlist-fabric-example/src/ChatNativeScreen.tsx	javascript	parameter	own	own	standard	305
shadowlist-fabric-example	packages/shadowlist-fabric-example/src/ChatNativeScreen.tsx	javascript	parameter	own	own	standard	311
shadowlist-fabric-example	packages/shadowlist-fabric-example/src/ChatNativeScreen.tsx	javascript	constant	textBubble	textBubble	standard	311
shadowlist-fabric-example	packages/shadowlist-fabric-example/src/ChatNativeScreen.tsx	javascript	constant	imageBubble	imageBubble	standard	337
shadowlist-fabric-example	packages/shadowlist-fabric-example/src/ChatNativeScreen.tsx	javascript	parameter	own	own	standard	337
shadowlist-fabric-example	packages/shadowlist-fabric-example/src/ChatNativeScreen.tsx	javascript	constant	gridBubble	gridBubble	standard	353
shadowlist-fabric-example	packages/shadowlist-fabric-example/src/ChatNativeScreen.tsx	javascript	parameter	own	own	standard	353
shadowlist-fabric-example	packages/shadowlist-fabric-example/src/ChatNativeScreen.tsx	javascript	parameter	content	content	standard	373
shadowlist-fabric-example	packages/shadowlist-fabric-example/src/ChatNativeScreen.tsx	javascript	parameter	own	own	standard	373
shadowlist-fabric-example	packages/shadowlist-fabric-example/src/ChatNativeScreen.tsx	javascript	constant	row	row	standard	373
shadowlist-fabric-example	packages/shadowlist-fabric-example/src/ChatNativeScreen.tsx	javascript	constant	header	header	standard	394
shadowlist-fabric-example	packages/shadowlist-fabric-example/src/ChatNativeScreen.tsx	javascript	constant	footer	footer	standard	406
shadowlist-fabric-example	packages/shadowlist-fabric-example/src/ChatNativeScreen.tsx	javascript	constant	useStyles	useStyles	standard	440
shadowlist-fabric-example	packages/shadowlist-fabric-example/src/ChatNativeScreen.tsx	javascript	parameter	colors	colors	standard	441
shadowlist-fabric-example	packages/shadowlist-fabric-example/src/ChatNativeScreen.tsx	javascript	parameter	fontWeight	fontWeight	standard	441
shadowlist-fabric-example	packages/shadowlist-fabric-example/src/ChatNativeScreen.tsx	javascript	parameter	radius	radius	standard	441
shadowlist-fabric-example	packages/shadowlist-fabric-example/src/ChatNativeScreen.tsx	javascript	parameter	spacing	spacing	standard	441
shadowlist-fabric-example	packages/shadowlist-fabric-example/src/ChatNativeScreen.tsx	javascript	parameter	typography	typography	standard	441
shadowlist-fabric-example	packages/shadowlist-fabric-example/src/ChatScreen.tsx	javascript	constant	KEYBOARD_GAP	KEYBOARD_GAP	standard	26
shadowlist-fabric-example	packages/shadowlist-fabric-example/src/ChatScreen.tsx	javascript	constant	INCOMING_COUNT	INCOMING_COUNT	standard	27
shadowlist-fabric-example	packages/shadowlist-fabric-example/src/ChatScreen.tsx	javascript	constant	INPUT_LABELS	INPUT_LABELS	standard	28
shadowlist-fabric-example	packages/shadowlist-fabric-example/src/ChatScreen.tsx	javascript	constant	ChatScreen	ChatScreen	standard	30
shadowlist-fabric-example	packages/shadowlist-fabric-example/src/ChatScreen.tsx	javascript	constant	shadowlistRef	shadowlistRef	standard	31
shadowlist-fabric-example	packages/shadowlist-fabric-example/src/ChatScreen.tsx	javascript	constant	theme	theme	standard	32
shadowlist-fabric-example	packages/shadowlist-fabric-example/src/ChatScreen.tsx	javascript	constant	styles	styles	standard	33
shadowlist-fabric-example	packages/shadowlist-fabric-example/src/ChatScreen.tsx	javascript	constant	liftTranslateY	liftTranslateY	standard	34
shadowlist-fabric-example	packages/shadowlist-fabric-example/src/ChatScreen.tsx	javascript	constant	messages	messages	standard	36
shadowlist-fabric-example	packages/shadowlist-fabric-example/src/ChatScreen.tsx	javascript	constant	list	list	standard	37
shadowlist-fabric-example	packages/shadowlist-fabric-example/src/ChatScreen.tsx	javascript	constant	sendMessage	sendMessage	standard	38
shadowlist-fabric-example	packages/shadowlist-fabric-example/src/ChatScreen.tsx	javascript	constant	sentIdRef	sentIdRef	standard	43
shadowlist-fabric-example	packages/shadowlist-fabric-example/src/ChatScreen.tsx	javascript	constant	handleSendMessage	handleSendMessage	standard	44
shadowlist-fabric-example	packages/shadowlist-fabric-example/src/ChatScreen.tsx	javascript	parameter	text	text	standard	45
shadowlist-fabric-example	packages/shadowlist-fabric-example/src/ChatScreen.tsx	javascript	constant	message	message	standard	46
shadowlist-fabric-example	packages/shadowlist-fabric-example/src/ChatScreen.tsx	javascript	constant	lastMessage	lastMessage	standard	52
shadowlist-fabric-example	packages/shadowlist-fabric-example/src/ChatScreen.tsx	javascript	constant	lastId	lastId	standard	53
shadowlist-fabric-example	packages/shadowlist-fabric-example/src/ChatScreen.tsx	javascript	constant	lastFailed	lastFailed	standard	63
shadowlist-fabric-example	packages/shadowlist-fabric-example/src/ChatScreen.tsx	javascript	constant	ordinals	ordinals	standard	72
shadowlist-fabric-example	packages/shadowlist-fabric-example/src/ChatScreen.tsx	javascript	constant	labelOf	labelOf	standard	73
shadowlist-fabric-example	packages/shadowlist-fabric-example/src/ChatScreen.tsx	javascript	constant	handleRetry	handleRetry	standard	76
shadowlist-fabric-example	packages/shadowlist-fabric-example/src/ChatScreen.tsx	javascript	parameter	message	message	standard	77
shadowlist-fabric-example	packages/shadowlist-fabric-example/src/ChatScreen.tsx	javascript	constant	renderBubble	renderBubble	standard	81
shadowlist-fabric-example	packages/shadowlist-fabric-example/src/ChatScreen.tsx	javascript	parameter	element	element	standard	82
shadowlist-fabric-example	packages/shadowlist-fabric-example/src/ChatScreen.tsx	javascript	constant	getSizeSpec	getSizeSpec	standard	94
shadowlist-fabric-example	packages/shadowlist-fabric-example/src/ChatScreen.tsx	javascript	parameter	message	message	standard	95
shadowlist-fabric-example	packages/shadowlist-fabric-example/src/ChatScreen.tsx	javascript	constant	hasPreviousPage	hasPreviousPage	standard	109
shadowlist-fabric-example	packages/shadowlist-fabric-example/src/ChatScreen.tsx	javascript	constant	isFetchingPreviousPage	isFetchingPreviousPage	standard	109
shadowlist-fabric-example	packages/shadowlist-fabric-example/src/ChatScreen.tsx	javascript	constant	header	header	standard	110
shadowlist-fabric-example	packages/shadowlist-fabric-example/src/ChatScreen.tsx	javascript	constant	footer	footer	standard	122
shadowlist-fabric-example	packages/shadowlist-fabric-example/src/ChatScreen.tsx	javascript	parameter	colors	colors	standard	155
shadowlist-fabric-example	packages/shadowlist-fabric-example/src/ChatScreen.tsx	javascript	constant	useStyles	useStyles	standard	155
shadowlist-fabric-example	packages/shadowlist-fabric-example/src/ContactsScreen.tsx	javascript	constant	ContactsScreen	ContactsScreen	standard	15
shadowlist-fabric-example	packages/shadowlist-fabric-example/src/ContactsScreen.tsx	javascript	constant	styles	styles	standard	16
shadowlist-fabric-example	packages/shadowlist-fabric-example/src/ContactsScreen.tsx	javascript	constant	shadowlistRef	shadowlistRef	standard	17
shadowlist-fabric-example	packages/shadowlist-fabric-example/src/ContactsScreen.tsx	javascript	constant	contacts	contacts	standard	19
shadowlist-fabric-example	packages/shadowlist-fabric-example/src/ContactsScreen.tsx	javascript	constant	addContacts	addContacts	standard	20
shadowlist-fabric-example	packages/shadowlist-fabric-example/src/ContactsScreen.tsx	javascript	constant	deleteContact	deleteContact	standard	21
shadowlist-fabric-example	packages/shadowlist-fabric-example/src/DrawerContent.tsx	javascript	constant	OPTIONS	OPTIONS	standard	12
shadowlist-fabric-example	packages/shadowlist-fabric-example/src/DrawerContent.tsx	javascript	parameter	value	value	standard	20
shadowlist-fabric-example	packages/shadowlist-fabric-example/src/DrawerContent.tsx	javascript	parameter	onChange	onChange	standard	23
shadowlist-fabric-example	packages/shadowlist-fabric-example/src/DrawerContent.tsx	javascript	constant	ThemeSwitcher	ThemeSwitcher	standard	23
shadowlist-fabric-example	packages/shadowlist-fabric-example/src/DrawerContent.tsx	javascript	parameter	value	value	standard	23
shadowlist-fabric-example	packages/shadowlist-fabric-example/src/DrawerContent.tsx	javascript	constant	styles	styles	standard	24
shadowlist-fabric-example	packages/shadowlist-fabric-example/src/DrawerContent.tsx	javascript	parameter	option	option	standard	36
shadowlist-fabric-example	packages/shadowlist-fabric-example/src/DrawerContent.tsx	javascript	constant	selected	selected	standard	37
shadowlist-fabric-example	packages/shadowlist-fabric-example/src/DrawerContent.tsx	javascript	parameter	pressed	pressed	standard	45
shadowlist-fabric-example	packages/shadowlist-fabric-example/src/DrawerContent.tsx	javascript	constant	DrawerContent	DrawerContent	standard	67
shadowlist-fabric-example	packages/shadowlist-fabric-example/src/DrawerContent.tsx	javascript	parameter	themePreference	themePreference	standard	67
shadowlist-fabric-example	packages/shadowlist-fabric-example/src/DrawerContent.tsx	javascript	parameter	onThemePreferenceChange	onThemePreferenceChange	standard	68
shadowlist-fabric-example	packages/shadowlist-fabric-example/src/DrawerContent.tsx	javascript	parameter	props	props	standard	70
shadowlist-fabric-example	packages/shadowlist-fabric-example/src/DrawerContent.tsx	javascript	parameter	value	value	standard	73
shadowlist-fabric-example	packages/shadowlist-fabric-example/src/DrawerContent.tsx	javascript	constant	styles	styles	standard	75
shadowlist-fabric-example	packages/shadowlist-fabric-example/src/DrawerContent.tsx	javascript	constant	insets	insets	standard	76
shadowlist-fabric-example	packages/shadowlist-fabric-example/src/DrawerContent.tsx	javascript	parameter	colors	colors	standard	92
shadowlist-fabric-example	packages/shadowlist-fabric-example/src/DrawerContent.tsx	javascript	parameter	radius	radius	standard	92
shadowlist-fabric-example	packages/shadowlist-fabric-example/src/DrawerContent.tsx	javascript	parameter	spacing	spacing	standard	92
shadowlist-fabric-example	packages/shadowlist-fabric-example/src/DrawerContent.tsx	javascript	parameter	typography	typography	standard	92
shadowlist-fabric-example	packages/shadowlist-fabric-example/src/DrawerContent.tsx	javascript	constant	useStyles	useStyles	standard	92
shadowlist-fabric-example	packages/shadowlist-fabric-example/src/FeedNativeScreen.tsx	javascript	constant	PUBLISH_COUNT	PUBLISH_COUNT	standard	32
shadowlist-fabric-example	packages/shadowlist-fabric-example/src/FeedNativeScreen.tsx	javascript	constant	AVATAR_SIZE	AVATAR_SIZE	standard	33
shadowlist-fabric-example	packages/shadowlist-fabric-example/src/FeedNativeScreen.tsx	javascript	constant	GALLERY_SLOTS	GALLERY_SLOTS	standard	34
shadowlist-fabric-example	packages/shadowlist-fabric-example/src/FeedNativeScreen.tsx	javascript	constant	SINGLE_IMAGE_HEIGHT	SINGLE_IMAGE_HEIGHT	standard	35
shadowlist-fabric-example	packages/shadowlist-fabric-example/src/FeedNativeScreen.tsx	javascript	parameter	name	name	standard	63
shadowlist-fabric-example	packages/shadowlist-fabric-example/src/FeedNativeScreen.tsx	javascript	constant	words	words	standard	64
shadowlist-fabric-example	packages/shadowlist-fabric-example/src/FeedNativeScreen.tsx	javascript	constant	first	first	standard	65
shadowlist-fabric-example	packages/shadowlist-fabric-example/src/FeedNativeScreen.tsx	javascript	constant	last	last	standard	66
shadowlist-fabric-example	packages/shadowlist-fabric-example/src/FeedNativeScreen.tsx	javascript	parameter	name	name	standard	70
shadowlist-fabric-example	packages/shadowlist-fabric-example/src/FeedNativeScreen.tsx	javascript	parameter	palette	palette	standard	70
shadowlist-fabric-example	packages/shadowlist-fabric-example/src/FeedNativeScreen.tsx	javascript	variable	hash	hash	standard	71
shadowlist-fabric-example	packages/shadowlist-fabric-example/src/FeedNativeScreen.tsx	javascript	variable	index	index	standard	72
shadowlist-fabric-example	packages/shadowlist-fabric-example/src/FeedNativeScreen.tsx	javascript	parameter	item	item	standard	78
shadowlist-fabric-example	packages/shadowlist-fabric-example/src/FeedNativeScreen.tsx	javascript	parameter	palette	palette	standard	78
shadowlist-fabric-example	packages/shadowlist-fabric-example/src/FeedNativeScreen.tsx	javascript	parameter	image	image	standard	79
shadowlist-fabric-example	packages/shadowlist-fabric-example/src/FeedNativeScreen.tsx	javascript	constant	images	images	standard	79
shadowlist-fabric-example	packages/shadowlist-fabric-example/src/FeedNativeScreen.tsx	javascript	parameter	row	row	standard	100
shadowlist-fabric-example	packages/shadowlist-fabric-example/src/FeedNativeScreen.tsx	javascript	constant	FeedNativeScreen	FeedNativeScreen	standard	107
shadowlist-fabric-example	packages/shadowlist-fabric-example/src/FeedNativeScreen.tsx	javascript	constant	screenStyles	screenStyles	standard	108
shadowlist-fabric-example	packages/shadowlist-fabric-example/src/FeedNativeScreen.tsx	javascript	constant	styles	styles	standard	109
shadowlist-fabric-example	packages/shadowlist-fabric-example/src/FeedNativeScreen.tsx	javascript	constant	colors	colors	standard	110
shadowlist-fabric-example	packages/shadowlist-fabric-example/src/FeedNativeScreen.tsx	javascript	constant	listRef	listRef	standard	111
shadowlist-fabric-example	packages/shadowlist-fabric-example/src/FeedNativeScreen.tsx	javascript	constant	nameAccent	nameAccent	standard	112
shadowlist-fabric-example	packages/shadowlist-fabric-example/src/FeedNativeScreen.tsx	javascript	constant	setNameAccent	setNameAccent	standard	112
shadowlist-fabric-example	packages/shadowlist-fabric-example/src/FeedNativeScreen.tsx	javascript	constant	publishedRef	publishedRef	standard	113
shadowlist-fabric-example	packages/shadowlist-fabric-example/src/FeedNativeScreen.tsx	javascript	constant	paletteRef	paletteRef	standard	116
shadowlist-fabric-example	packages/shadowlist-fabric-example/src/FeedNativeScreen.tsx	javascript	constant	initialRows	initialRows	standard	119
shadowlist-fabric-example	packages/shadowlist-fabric-example/src/FeedNativeScreen.tsx	javascript	constant	setInitialRows	setInitialRows	standard	119
shadowlist-fabric-example	packages/shadowlist-fabric-example/src/FeedNativeScreen.tsx	javascript	constant	error	error	standard	120
shadowlist-fabric-example	packages/shadowlist-fabric-example/src/FeedNativeScreen.tsx	javascript	constant	setError	setError	standard	120
shadowlist-fabric-example	packages/shadowlist-fabric-example/src/FeedNativeScreen.tsx	javascript	constant	hasNextPage	hasNextPage	standard	121
shadowlist-fabric-example	packages/shadowlist-fabric-example/src/FeedNativeScreen.tsx	javascript	constant	setHasNextPage	setHasNextPage	standard	121
shadowlist-fabric-example	packages/shadowlist-fabric-example/src/FeedNativeScreen.tsx	javascript	constant	refreshing	refreshing	standard	122
shadowlist-fabric-example	packages/shadowlist-fabric-example/src/FeedNativeScreen.tsx	javascript	constant	setRefreshing	setRefreshing	standard	122
shadowlist-fabric-example	packages/shadowlist-fabric-example/src/FeedNativeScreen.tsx	javascript	constant	cursorRef	cursorRef	standard	123
shadowlist-fabric-example	packages/shadowlist-fabric-example/src/FeedNativeScreen.tsx	javascript	constant	loadingRef	loadingRef	standard	124
shadowlist-fabric-example	packages/shadowlist-fabric-example/src/FeedNativeScreen.tsx	javascript	constant	heldPageRef	heldPageRef	standard	125
shadowlist-fabric-example	packages/shadowlist-fabric-example/src/FeedNativeScreen.tsx	javascript	constant	generationRef	generationRef	standard	127
shadowlist-fabric-example	packages/shadowlist-fabric-example/src/FeedNativeScreen.tsx	javascript	constant	editsRef	editsRef	standard	128
shadowlist-fabric-example	packages/shadowlist-fabric-example/src/FeedNativeScreen.tsx	javascript	constant	edit	edit	standard	134
shadowlist-fabric-example	packages/shadowlist-fabric-example/src/FeedNativeScreen.tsx	javascript	parameter	key	key	standard	134
shadowlist-fabric-example	packages/shadowlist-fabric-example/src/FeedNativeScreen.tsx	javascript	parameter	patch	patch	standard	134
shadowlist-fabric-example	packages/shadowlist-fabric-example/src/FeedNativeScreen.tsx	javascript	constant	patches	patches	standard	135
shadowlist-fabric-example	packages/shadowlist-fabric-example/src/FeedNativeScreen.tsx	javascript	constant	hide	hide	standard	140
shadowlist-fabric-example	packages/shadowlist-fabric-example/src/FeedNativeScreen.tsx	javascript	parameter	keys	keys	standard	140
shadowlist-fabric-example	packages/shadowlist-fabric-example/src/FeedNativeScreen.tsx	javascript	constant	key	key	standard	141
shadowlist-fabric-example	packages/shadowlist-fabric-example/src/FeedNativeScreen.tsx	javascript	parameter	items	items	standard	145
shadowlist-fabric-example	packages/shadowlist-fabric-example/src/FeedNativeScreen.tsx	javascript	constant	rowsOf	rowsOf	standard	145
shadowlist-fabric-example	packages/shadowlist-fabric-example/src/FeedNativeScreen.tsx	javascript	constant	hidden	hidden	standard	146
shadowlist-fabric-example	packages/shadowlist-fabric-example/src/FeedNativeScreen.tsx	javascript	constant	patches	patches	standard	146
shadowlist-fabric-example	packages/shadowlist-fabric-example/src/FeedNativeScreen.tsx	javascript	parameter	item	item	standard	148
shadowlist-fabric-example	packages/shadowlist-fabric-example/src/FeedNativeScreen.tsx	javascript	parameter	item	item	standard	149
shadowlist-fabric-example	packages/shadowlist-fabric-example/src/FeedNativeScreen.tsx	javascript	parameter	page	page	standard	155
shadowlist-fabric-example	packages/shadowlist-fabric-example/src/FeedNativeScreen.tsx	javascript	constant	takePage	takePage	standard	155
shadowlist-fabric-example	packages/shadowlist-fabric-example/src/FeedNativeScreen.tsx	javascript	constant	loadFirstPage	loadFirstPage	standard	160
shadowlist-fabric-example	packages/shadowlist-fabric-example/src/FeedNativeScreen.tsx	javascript	parameter	page	page	standard	162
shadowlist-fabric-example	packages/shadowlist-fabric-example/src/FeedNativeScreen.tsx	javascript	constant	loadMore	loadMore	standard	170
shadowlist-fabric-example	packages/shadowlist-fabric-example/src/FeedNativeScreen.tsx	javascript	constant	cursor	cursor	standard	171
shadowlist-fabric-example	packages/shadowlist-fabric-example/src/FeedNativeScreen.tsx	javascript	constant	generation	generation	standard	174
shadowlist-fabric-example	packages/shadowlist-fabric-example/src/FeedNativeScreen.tsx	javascript	parameter	page	page	standard	176
shadowlist-fabric-example	packages/shadowlist-fabric-example/src/FeedNativeScreen.tsx	javascript	constant	handleRefresh	handleRefresh	standard	188
shadowlist-fabric-example	packages/shadowlist-fabric-example/src/FeedNativeScreen.tsx	javascript	parameter	page	page	standard	191
shadowlist-fabric-example	packages/shadowlist-fabric-example/src/FeedNativeScreen.tsx	javascript	constant	applyRefresh	applyRefresh	standard	200
shadowlist-fabric-example	packages/shadowlist-fabric-example/src/FeedNativeScreen.tsx	javascript	constant	page	page	standard	201
shadowlist-fabric-example	packages/shadowlist-fabric-example/src/FeedNativeScreen.tsx	javascript	constant	created	created	standard	206
shadowlist-fabric-example	packages/shadowlist-fabric-example/src/FeedNativeScreen.tsx	javascript	constant	hidden	hidden	standard	206
shadowlist-fabric-example	packages/shadowlist-fabric-example/src/FeedNativeScreen.tsx	javascript	parameter	row	row	standard	208
shadowlist-fabric-example	packages/shadowlist-fabric-example/src/FeedNativeScreen.tsx	javascript	parameter	created	created	standard	216
shadowlist-fabric-example	packages/shadowlist-fabric-example/src/FeedNativeScreen.tsx	javascript	constant	handleElementPress	handleElementPress	standard	226
shadowlist-fabric-example	packages/shadowlist-fabric-example/src/FeedNativeScreen.tsx	javascript	parameter	key	key	standard	227
shadowlist-fabric-example	packages/shadowlist-fabric-example/src/FeedNativeScreen.tsx	javascript	parameter	action	action	standard	228
shadowlist-fabric-example	packages/shadowlist-fabric-example/src/FeedNativeScreen.tsx	javascript	parameter	item	item	standard	229
shadowlist-fabric-example	packages/shadowlist-fabric-example/src/FeedNativeScreen.tsx	javascript	constant	prependLocal	prependLocal	standard	242
shadowlist-fabric-example	packages/shadowlist-fabric-example/src/FeedNativeScreen.tsx	javascript	constant	fresh	fresh	standard	243
shadowlist-fabric-example	packages/shadowlist-fabric-example/src/FeedNativeScreen.tsx	javascript	constant	removeFirst	removeFirst	standard	254
shadowlist-fabric-example	packages/shadowlist-fabric-example/src/FeedNativeScreen.tsx	javascript	constant	first	first	standard	255
shadowlist-fabric-example	packages/shadowlist-fabric-example/src/FeedNativeScreen.tsx	javascript	constant	toggleAccent	toggleAccent	standard	259
shadowlist-fabric-example	packages/shadowlist-fabric-example/src/FeedNativeScreen.tsx	javascript	constant	next	next	standard	260
shadowlist-fabric-example	packages/shadowlist-fabric-example/src/FeedNativeScreen.tsx	javascript	constant	style	style	standard	262
shadowlist-fabric-example	packages/shadowlist-fabric-example/src/FeedNativeScreen.tsx	javascript	constant	template	template	standard	263
shadowlist-fabric-example	packages/shadowlist-fabric-example/src/FeedNativeScreen.tsx	javascript	constant	likeRandom	likeRandom	standard	268
shadowlist-fabric-example	packages/shadowlist-fabric-example/src/FeedNativeScreen.tsx	javascript	constant	keys	keys	standard	269
shadowlist-fabric-example	packages/shadowlist-fabric-example/src/FeedNativeScreen.tsx	javascript	constant	key	key	standard	270
shadowlist-fabric-example	packages/shadowlist-fabric-example/src/FeedNativeScreen.tsx	javascript	constant	item	item	standard	271
shadowlist-fabric-example	packages/shadowlist-fabric-example/src/FeedNativeScreen.tsx	javascript	constant	templates	templates	standard	279
shadowlist-fabric-example	packages/shadowlist-fabric-example/src/FeedNativeScreen.tsx	javascript	constant	avatar	avatar	standard	280
shadowlist-fabric-example	packages/shadowlist-fabric-example/src/FeedNativeScreen.tsx	javascript	constant	meta	meta	standard	291
shadowlist-fabric-example	packages/shadowlist-fabric-example/src/FeedNativeScreen.tsx	javascript	constant	actions	actions	standard	313
shadowlist-fabric-example	packages/shadowlist-fabric-example/src/FeedNativeScreen.tsx	javascript	parameter	body	body	standard	330
shadowlist-fabric-example	packages/shadowlist-fabric-example/src/FeedNativeScreen.tsx	javascript	constant	row	row	standard	330
shadowlist-fabric-example	packages/shadowlist-fabric-example/src/FeedNativeScreen.tsx	javascript	parameter	_	_	standard	372
shadowlist-fabric-example	packages/shadowlist-fabric-example/src/FeedNativeScreen.tsx	javascript	parameter	slot	slot	standard	372
shadowlist-fabric-example	packages/shadowlist-fabric-example/src/FeedNativeScreen.tsx	javascript	constant	footer	footer	standard	391
shadowlist-fabric-example	packages/shadowlist-fabric-example/src/FeedNativeScreen.tsx	javascript	constant	listHeader	listHeader	standard	396
shadowlist-fabric-example	packages/shadowlist-fabric-example/src/FeedNativeScreen.tsx	javascript	parameter	label	label	standard	441
shadowlist-fabric-example	packages/shadowlist-fabric-example/src/FeedNativeScreen.tsx	javascript	constant	ToolbarButton	ToolbarButton	standard	441
shadowlist-fabric-example	packages/shadowlist-fabric-example/src/FeedNativeScreen.tsx	javascript	parameter	onPress	onPress	standard	442
shadowlist-fabric-example	packages/shadowlist-fabric-example/src/FeedNativeScreen.tsx	javascript	constant	styles	styles	standard	448
shadowlist-fabric-example	packages/shadowlist-fabric-example/src/FeedNativeScreen.tsx	javascript	parameter	pressed	pressed	standard	454
shadowlist-fabric-example	packages/shadowlist-fabric-example/src/FeedNativeScreen.tsx	javascript	parameter	theme	theme	standard	461
shadowlist-fabric-example	packages/shadowlist-fabric-example/src/FeedNativeScreen.tsx	javascript	constant	useStyles	useStyles	standard	461
shadowlist-fabric-example	packages/shadowlist-fabric-example/src/FeedScreen.tsx	javascript	constant	PUBLISH_COUNT	PUBLISH_COUNT	standard	17
shadowlist-fabric-example	packages/shadowlist-fabric-example/src/FeedScreen.tsx	javascript	constant	FeedScreen	FeedScreen	standard	19
shadowlist-fabric-example	packages/shadowlist-fabric-example/src/FeedScreen.tsx	javascript	constant	styles	styles	standard	20
shadowlist-fabric-example	packages/shadowlist-fabric-example/src/FeedScreen.tsx	javascript	constant	colors	colors	standard	21
shadowlist-fabric-example	packages/shadowlist-fabric-example/src/FeedScreen.tsx	javascript	constant	shadowlistRef	shadowlistRef	standard	22
shadowlist-fabric-example	packages/shadowlist-fabric-example/src/FeedScreen.tsx	javascript	constant	feed	feed	standard	24
shadowlist-fabric-example	packages/shadowlist-fabric-example/src/FeedScreen.tsx	javascript	constant	refreshFeed	refreshFeed	standard	25
shadowlist-fabric-example	packages/shadowlist-fabric-example/src/FeedScreen.tsx	javascript	constant	list	list	standard	26
shadowlist-fabric-example	packages/shadowlist-fabric-example/src/FeedScreen.tsx	javascript	constant	publishPosts	publishPosts	standard	27
shadowlist-fabric-example	packages/shadowlist-fabric-example/src/FeedScreen.tsx	javascript	constant	hasNextPage	hasNextPage	standard	38
shadowlist-fabric-example	packages/shadowlist-fabric-example/src/FeedScreen.tsx	javascript	constant	footer	footer	standard	39
shadowlist-fabric-example	packages/shadowlist-fabric-example/src/fixtures/activity.ts	javascript	constant	ACTIVITY_ACTIONS	ACTIVITY_ACTIONS	standard	8
shadowlist-fabric-example	packages/shadowlist-fabric-example/src/fixtures/activity.ts	javascript	constant	MINUTE_MS	MINUTE_MS	standard	17
shadowlist-fabric-example	packages/shadowlist-fabric-example/src/fixtures/activity.ts	javascript	parameter	index	index	standard	19
shadowlist-fabric-example	packages/shadowlist-fabric-example/src/fixtures/activity.ts	javascript	constant	START_REACHED_THRESHOLDS	START_REACHED_THRESHOLDS	standard	30
shadowlist-fabric-example	packages/shadowlist-fabric-example/src/fixtures/activity.ts	javascript	constant	END_REACHED_THRESHOLDS	END_REACHED_THRESHOLDS	standard	31
shadowlist-fabric-example	packages/shadowlist-fabric-example/src/fixtures/activity.ts	javascript	parameter	current	current	standard	33
shadowlist-fabric-example	packages/shadowlist-fabric-example/src/fixtures/activity.ts	javascript	parameter	steps	steps	standard	33
shadowlist-fabric-example	packages/shadowlist-fabric-example/src/fixtures/activity.ts	javascript	constant	HEADER_HIDE_THRESHOLD	HEADER_HIDE_THRESHOLD	standard	39
shadowlist-fabric-example	packages/shadowlist-fabric-example/src/fixtures/assistant.ts	javascript	constant	ASSISTANT_MODELS	ASSISTANT_MODELS	standard	30
shadowlist-fabric-example	packages/shadowlist-fabric-example/src/fixtures/assistant.ts	javascript	constant	ASSISTANT_SUGGESTIONS	ASSISTANT_SUGGESTIONS	standard	32
shadowlist-fabric-example	packages/shadowlist-fabric-example/src/fixtures/assistant.ts	javascript	constant	ATTACHMENTS_ONLY_PROMPT	ATTACHMENTS_ONLY_PROMPT	standard	52
shadowlist-fabric-example	packages/shadowlist-fabric-example/src/fixtures/assistant.ts	javascript	constant	ATTACHMENT_COLORS	ATTACHMENT_COLORS	standard	54
shadowlist-fabric-example	packages/shadowlist-fabric-example/src/fixtures/assistant.ts	javascript	constant	ATTACHMENT_SEEDS	ATTACHMENT_SEEDS	standard	67
shadowlist-fabric-example	packages/shadowlist-fabric-example/src/fixtures/assistant.ts	javascript	parameter	index	index	standard	77
shadowlist-fabric-example	packages/shadowlist-fabric-example/src/fixtures/assistant.ts	javascript	constant	CODE_SCRIPT	CODE_SCRIPT	standard	85
shadowlist-fabric-example	packages/shadowlist-fabric-example/src/fixtures/assistant.ts	javascript	constant	TABLE_SCRIPT	TABLE_SCRIPT	standard	127
shadowlist-fabric-example	packages/shadowlist-fabric-example/src/fixtures/assistant.ts	javascript	constant	RESEARCH_SCRIPT	RESEARCH_SCRIPT	standard	156
shadowlist-fabric-example	packages/shadowlist-fabric-example/src/fixtures/assistant.ts	javascript	constant	FAILURE_SCRIPT	FAILURE_SCRIPT	standard	207
shadowlist-fabric-example	packages/shadowlist-fabric-example/src/fixtures/assistant.ts	javascript	constant	RECOVERED_SCRIPT	RECOVERED_SCRIPT	standard	226
shadowlist-fabric-example	packages/shadowlist-fabric-example/src/fixtures/assistant.ts	javascript	constant	GENERAL_SCRIPTS	GENERAL_SCRIPTS	standard	245
shadowlist-fabric-example	packages/shadowlist-fabric-example/src/fixtures/assistant.ts	javascript	constant	REGENERATE_LEADS	REGENERATE_LEADS	standard	299
shadowlist-fabric-example	packages/shadowlist-fabric-example/src/fixtures/assistant.ts	javascript	constant	HISTORY_SEEDS	HISTORY_SEEDS	standard	305
shadowlist-fabric-example	packages/shadowlist-fabric-example/src/fixtures/assistant.ts	javascript	constant	hashPrompt	hashPrompt	standard	329
shadowlist-fabric-example	packages/shadowlist-fabric-example/src/fixtures/assistant.ts	javascript	parameter	prompt	prompt	standard	329
shadowlist-fabric-example	packages/shadowlist-fabric-example/src/fixtures/assistant.ts	javascript	variable	hash	hash	standard	330
shadowlist-fabric-example	packages/shadowlist-fabric-example/src/fixtures/assistant.ts	javascript	variable	index	index	standard	331
shadowlist-fabric-example	packages/shadowlist-fabric-example/src/fixtures/assistant.ts	javascript	parameter	text	text	standard	337
shadowlist-fabric-example	packages/shadowlist-fabric-example/src/fixtures/assistant.ts	javascript	parameter	attachments	attachments	standard	338
shadowlist-fabric-example	packages/shadowlist-fabric-example/src/fixtures/assistant.ts	javascript	parameter	model	model	standard	349
shadowlist-fabric-example	packages/shadowlist-fabric-example/src/fixtures/assistant.ts	javascript	parameter	prompt	prompt	standard	361
shadowlist-fabric-example	packages/shadowlist-fabric-example/src/fixtures/assistant.ts	javascript	parameter	variant	variant	standard	361
shadowlist-fabric-example	packages/shadowlist-fabric-example/src/fixtures/assistant.ts	javascript	constant	lower	lower	standard	362
shadowlist-fabric-example	packages/shadowlist-fabric-example/src/fixtures/assistant.ts	javascript	constant	base	base	standard	364
shadowlist-fabric-example	packages/shadowlist-fabric-example/src/fixtures/assistant.ts	javascript	constant	lead	lead	standard	378
shadowlist-fabric-example	packages/shadowlist-fabric-example/src/fixtures/assistant.ts	javascript	parameter	offset	offset	standard	384
shadowlist-fabric-example	packages/shadowlist-fabric-example/src/fixtures/assistant.ts	javascript	parameter	pairs	pairs	standard	384
shadowlist-fabric-example	packages/shadowlist-fabric-example/src/fixtures/assistant.ts	javascript	parameter	_	_	standard	385
shadowlist-fabric-example	packages/shadowlist-fabric-example/src/fixtures/assistant.ts	javascript	parameter	index	index	standard	385
shadowlist-fabric-example	packages/shadowlist-fabric-example/src/fixtures/assistant.ts	javascript	constant	seed	seed	standard	386
shadowlist-fabric-example	packages/shadowlist-fabric-example/src/fixtures/assistant.ts	javascript	constant	FIRST_EVENT_MS	FIRST_EVENT_MS	standard	398
shadowlist-fabric-example	packages/shadowlist-fabric-example/src/fixtures/assistant.ts	javascript	constant	THINKING_TOKEN_MS	THINKING_TOKEN_MS	standard	399
shadowlist-fabric-example	packages/shadowlist-fabric-example/src/fixtures/assistant.ts	javascript	constant	CONTENT_TOKEN_MS	CONTENT_TOKEN_MS	standard	400
shadowlist-fabric-example	packages/shadowlist-fabric-example/src/fixtures/assistant.ts	javascript	constant	TOOL_START_MS	TOOL_START_MS	standard	401
shadowlist-fabric-example	packages/shadowlist-fabric-example/src/fixtures/assistant.ts	javascript	constant	TOOL_CALL_MS	TOOL_CALL_MS	standard	402
shadowlist-fabric-example	packages/shadowlist-fabric-example/src/fixtures/assistant.ts	javascript	constant	FINISH_DELAY_MS	FINISH_DELAY_MS	standard	404
shadowlist-fabric-example	packages/shadowlist-fabric-example/src/fixtures/assistant.ts	javascript	parameter	text	text	standard	414
shadowlist-fabric-example	packages/shadowlist-fabric-example/src/fixtures/assistant.ts	javascript	constant	tokenize	tokenize	standard	414
shadowlist-fabric-example	packages/shadowlist-fabric-example/src/fixtures/assistant.ts	javascript	constant	buildEvents	buildEvents	standard	416
shadowlist-fabric-example	packages/shadowlist-fabric-example/src/fixtures/assistant.ts	javascript	parameter	script	script	standard	416
shadowlist-fabric-example	packages/shadowlist-fabric-example/src/fixtures/assistant.ts	javascript	parameter	thinking	thinking	standard	416
shadowlist-fabric-example	packages/shadowlist-fabric-example/src/fixtures/assistant.ts	javascript	constant	events	events	standard	417
shadowlist-fabric-example	packages/shadowlist-fabric-example/src/fixtures/assistant.ts	javascript	constant	text	text	standard	420
shadowlist-fabric-example	packages/shadowlist-fabric-example/src/fixtures/assistant.ts	javascript	constant	call	call	standard	425
shadowlist-fabric-example	packages/shadowlist-fabric-example/src/fixtures/assistant.ts	javascript	constant	tokens	tokens	standard	434
shadowlist-fabric-example	packages/shadowlist-fabric-example/src/fixtures/assistant.ts	javascript	constant	cutoff	cutoff	standard	435
shadowlist-fabric-example	packages/shadowlist-fabric-example/src/fixtures/assistant.ts	javascript	constant	text	text	standard	439
shadowlist-fabric-example	packages/shadowlist-fabric-example/src/fixtures/assistant.ts	javascript	constant	delayBefore	delayBefore	standard	453
shadowlist-fabric-example	packages/shadowlist-fabric-example/src/fixtures/assistant.ts	javascript	parameter	event	event	standard	453
shadowlist-fabric-example	packages/shadowlist-fabric-example/src/fixtures/assistant.ts	javascript	constant	jitter	jitter	standard	467
shadowlist-fabric-example	packages/shadowlist-fabric-example/src/fixtures/assistant.ts	javascript	parameter	ms	ms	standard	467
shadowlist-fabric-example	packages/shadowlist-fabric-example/src/fixtures/assistant.ts	javascript	parameter	script	script	standard	474
shadowlist-fabric-example	packages/shadowlist-fabric-example/src/fixtures/assistant.ts	javascript	parameter	writer	writer	standard	475
shadowlist-fabric-example	packages/shadowlist-fabric-example/src/fixtures/assistant.ts	javascript	parameter	thinking	thinking	standard	477
shadowlist-fabric-example	packages/shadowlist-fabric-example/src/fixtures/assistant.ts	javascript	constant	events	events	standard	479
shadowlist-fabric-example	packages/shadowlist-fabric-example/src/fixtures/assistant.ts	javascript	variable	cursor	cursor	standard	480
shadowlist-fabric-example	packages/shadowlist-fabric-example/src/fixtures/assistant.ts	javascript	variable	toolCallId	toolCallId	standard	481
shadowlist-fabric-example	packages/shadowlist-fabric-example/src/fixtures/assistant.ts	javascript	variable	timer	timer	standard	482
shadowlist-fabric-example	packages/shadowlist-fabric-example/src/fixtures/assistant.ts	javascript	constant	apply	apply	standard	484
shadowlist-fabric-example	packages/shadowlist-fabric-example/src/fixtures/assistant.ts	javascript	parameter	event	event	standard	484
shadowlist-fabric-example	packages/shadowlist-fabric-example/src/fixtures/assistant.ts	javascript	constant	step	step	standard	509
shadowlist-fabric-example	packages/shadowlist-fabric-example/src/fixtures/assistant.ts	javascript	constant	event	event	standard	510
shadowlist-fabric-example	packages/shadowlist-fabric-example/src/fixtures/assistant.ts	javascript	parameter	source	source	standard	513
shadowlist-fabric-example	packages/shadowlist-fabric-example/src/fixtures/assistant.ts	javascript	constant	next	next	standard	527
shadowlist-fabric-example	packages/shadowlist-fabric-example/src/fixtures/carousel.ts	javascript	constant	CARD_COLORS	CARD_COLORS	standard	9
shadowlist-fabric-example	packages/shadowlist-fabric-example/src/fixtures/carousel.ts	javascript	variable	createdCards	createdCards	standard	18
shadowlist-fabric-example	packages/shadowlist-fabric-example/src/fixtures/carousel.ts	javascript	parameter	count	count	standard	21
shadowlist-fabric-example	packages/shadowlist-fabric-example/src/fixtures/carousel.ts	javascript	parameter	prefix	prefix	standard	22
shadowlist-fabric-example	packages/shadowlist-fabric-example/src/fixtures/carousel.ts	javascript	constant	number	number	standard	26
shadowlist-fabric-example	packages/shadowlist-fabric-example/src/fixtures/chat.ts	javascript	constant	CHAT_ME	CHAT_ME	standard	11
shadowlist-fabric-example	packages/shadowlist-fabric-example/src/fixtures/chat.ts	javascript	parameter	index	index	standard	13
shadowlist-fabric-example	packages/shadowlist-fabric-example/src/fixtures/chat.ts	javascript	constant	name	name	standard	17
shadowlist-fabric-example	packages/shadowlist-fabric-example/src/fixtures/chat.ts	javascript	parameter	index	index	standard	21
shadowlist-fabric-example	packages/shadowlist-fabric-example/src/fixtures/chat.ts	javascript	parameter	author	author	standard	22
shadowlist-fabric-example	packages/shadowlist-fabric-example/src/fixtures/chat.ts	javascript	parameter	isOwn	isOwn	standard	23
shadowlist-fabric-example	packages/shadowlist-fabric-example/src/fixtures/chat.ts	javascript	constant	imageUrl	imageUrl	standard	26
shadowlist-fabric-example	packages/shadowlist-fabric-example/src/fixtures/chat.ts	javascript	constant	images	images	standard	27
shadowlist-fabric-example	packages/shadowlist-fabric-example/src/fixtures/common.ts	javascript	constant	AVATAR_COLORS	AVATAR_COLORS	standard	1
shadowlist-fabric-example	packages/shadowlist-fabric-example/src/fixtures/common.ts	javascript	constant	AVATAR_NAMES	AVATAR_NAMES	standard	14
shadowlist-fabric-example	packages/shadowlist-fabric-example/src/fixtures/common.ts	javascript	constant	IMAGES	IMAGES	standard	25
shadowlist-fabric-example	packages/shadowlist-fabric-example/src/fixtures/common.ts	javascript	constant	SAMPLE_TEXTS	SAMPLE_TEXTS	standard	48
shadowlist-fabric-example	packages/shadowlist-fabric-example/src/fixtures/common.ts	javascript	constant	SECTION_TITLES	SECTION_TITLES	standard	71
shadowlist-fabric-example	packages/shadowlist-fabric-example/src/fixtures/common.ts	javascript	constant	IMAGE_TITLES	IMAGE_TITLES	standard	84
shadowlist-fabric-example	packages/shadowlist-fabric-example/src/fixtures/common.ts	javascript	constant	CHARACTER_NAMES	CHARACTER_NAMES	standard	107
shadowlist-fabric-example	packages/shadowlist-fabric-example/src/fixtures/common.ts	javascript	variable	uniqueIdCounter	uniqueIdCounter	standard	125
shadowlist-fabric-example	packages/shadowlist-fabric-example/src/fixtures/common.ts	javascript	parameter	originalUrl	originalUrl	standard	132
shadowlist-fabric-example	packages/shadowlist-fabric-example/src/fixtures/common.ts	javascript	parameter	width	width	standard	132
shadowlist-fabric-example	packages/shadowlist-fabric-example/src/fixtures/common.ts	javascript	constant	cleanUrl	cleanUrl	standard	133
shadowlist-fabric-example	packages/shadowlist-fabric-example/src/fixtures/common.ts	javascript	parameter	seed	seed	standard	137
shadowlist-fabric-example	packages/shadowlist-fabric-example/src/fixtures/common.ts	javascript	parameter	index	index	standard	141
shadowlist-fabric-example	packages/shadowlist-fabric-example/src/fixtures/common.ts	javascript	constant	shouldHaveImage	shouldHaveImage	standard	142
shadowlist-fabric-example	packages/shadowlist-fabric-example/src/fixtures/common.ts	javascript	constant	isGridImage	isGridImage	standard	143
shadowlist-fabric-example	packages/shadowlist-fabric-example/src/fixtures/common.ts	javascript	constant	originalImageUrl	originalImageUrl	standard	149
shadowlist-fabric-example	packages/shadowlist-fabric-example/src/fixtures/common.ts	javascript	parameter	index	index	standard	153
shadowlist-fabric-example	packages/shadowlist-fabric-example/src/fixtures/common.ts	javascript	parameter	startIndex	startIndex	standard	157
shadowlist-fabric-example	packages/shadowlist-fabric-example/src/fixtures/common.ts	javascript	constant	imageUrls	imageUrls	standard	158
shadowlist-fabric-example	packages/shadowlist-fabric-example/src/fixtures/common.ts	javascript	variable	i	i	standard	159
shadowlist-fabric-example	packages/shadowlist-fabric-example/src/fixtures/common.ts	javascript	constant	imageIndex	imageIndex	standard	160
shadowlist-fabric-example	packages/shadowlist-fabric-example/src/fixtures/common.ts	javascript	constant	originalImageUrl	originalImageUrl	standard	161
shadowlist-fabric-example	packages/shadowlist-fabric-example/src/fixtures/contacts.ts	javascript	parameter	index	index	standard	5
shadowlist-fabric-example	packages/shadowlist-fabric-example/src/fixtures/contacts.ts	javascript	constant	characterName	characterName	standard	6
shadowlist-fabric-example	packages/shadowlist-fabric-example/src/fixtures/contacts.ts	javascript	constant	areaCode	areaCode	standard	7
shadowlist-fabric-example	packages/shadowlist-fabric-example/src/fixtures/contacts.ts	javascript	constant	exchange	exchange	standard	8
shadowlist-fabric-example	packages/shadowlist-fabric-example/src/fixtures/contacts.ts	javascript	constant	lineNumber	lineNumber	standard	9
shadowlist-fabric-example	packages/shadowlist-fabric-example/src/fixtures/contacts.ts	javascript	parameter	contact	contact	standard	18
shadowlist-fabric-example	packages/shadowlist-fabric-example/src/fixtures/contacts.ts	javascript	constant	showContact	showContact	standard	18
shadowlist-fabric-example	packages/shadowlist-fabric-example/src/fixtures/feed.ts	javascript	constant	HOUR_MS	HOUR_MS	standard	11
shadowlist-fabric-example	packages/shadowlist-fabric-example/src/fixtures/feed.ts	javascript	parameter	index	index	standard	13
shadowlist-fabric-example	packages/shadowlist-fabric-example/src/fixtures/feed.ts	javascript	constant	name	name	standard	14
shadowlist-fabric-example	packages/shadowlist-fabric-example/src/fixtures/feed.ts	javascript	constant	imageCount	imageCount	standard	15
shadowlist-fabric-example	packages/shadowlist-fabric-example/src/fixtures/feed.ts	javascript	parameter	_	_	standard	17
shadowlist-fabric-example	packages/shadowlist-fabric-example/src/fixtures/feed.ts	javascript	parameter	i	i	standard	17
shadowlist-fabric-example	packages/shadowlist-fabric-example/src/fixtures/feed.ts	javascript	constant	images	images	standard	17
shadowlist-fabric-example	packages/shadowlist-fabric-example/src/fixtures/feed.ts	javascript	constant	imageIndex	imageIndex	standard	18
shadowlist-fabric-example	packages/shadowlist-fabric-example/src/fixtures/masonry.ts	javascript	constant	IMAGE_WIDTH	IMAGE_WIDTH	standard	9
shadowlist-fabric-example	packages/shadowlist-fabric-example/src/fixtures/masonry.ts	javascript	constant	DESIGN_HEIGHTS	DESIGN_HEIGHTS	standard	11
shadowlist-fabric-example	packages/shadowlist-fabric-example/src/fixtures/masonry.ts	javascript	constant	DESIGN_WIDTH	DESIGN_WIDTH	standard	12
shadowlist-fabric-example	packages/shadowlist-fabric-example/src/fixtures/masonry.ts	javascript	parameter	index	index	standard	14
shadowlist-fabric-example	packages/shadowlist-fabric-example/src/fixtures/masonry.ts	javascript	constant	designHeight	designHeight	standard	15
shadowlist-fabric-example	packages/shadowlist-fabric-example/src/fixtures/nested.ts	javascript	constant	CARDS_PER_ROW	CARDS_PER_ROW	standard	10
shadowlist-fabric-example	packages/shadowlist-fabric-example/src/fixtures/nested.ts	javascript	parameter	imageIndex	imageIndex	standard	12
shadowlist-fabric-example	packages/shadowlist-fabric-example/src/fixtures/nested.ts	javascript	parameter	rowIndex	rowIndex	standard	20
shadowlist-fabric-example	packages/shadowlist-fabric-example/src/fixtures/nested.ts	javascript	parameter	_	_	standard	24
shadowlist-fabric-example	packages/shadowlist-fabric-example/src/fixtures/nested.ts	javascript	parameter	i	i	standard	24
shadowlist-fabric-example	packages/shadowlist-fabric-example/src/fixtures/snap.ts	javascript	parameter	index	index	standard	4
shadowlist-fabric-example	packages/shadowlist-fabric-example/src/fixtures/tree.ts	javascript	constant	FOLDER_NAMES	FOLDER_NAMES	standard	4
shadowlist-fabric-example	packages/shadowlist-fabric-example/src/fixtures/tree.ts	javascript	constant	FILE_EXTENSIONS	FILE_EXTENSIONS	standard	19
shadowlist-fabric-example	packages/shadowlist-fabric-example/src/fixtures/tree.ts	javascript	parameter	rootCount	rootCount	standard	31
shadowlist-fabric-example	packages/shadowlist-fabric-example/src/fixtures/tree.ts	javascript	parameter	maxDepth	maxDepth	standard	32
shadowlist-fabric-example	packages/shadowlist-fabric-example/src/fixtures/tree.ts	javascript	parameter	foldersPerLevel	foldersPerLevel	standard	33
shadowlist-fabric-example	packages/shadowlist-fabric-example/src/fixtures/tree.ts	javascript	parameter	filesPerLevel	filesPerLevel	standard	34
shadowlist-fabric-example	packages/shadowlist-fabric-example/src/fixtures/tree.ts	javascript	constant	buildFolder	buildFolder	standard	37
shadowlist-fabric-example	packages/shadowlist-fabric-example/src/fixtures/tree.ts	javascript	parameter	depth	depth	standard	37
shadowlist-fabric-example	packages/shadowlist-fabric-example/src/fixtures/tree.ts	javascript	parameter	name	name	standard	37
shadowlist-fabric-example	packages/shadowlist-fabric-example/src/fixtures/tree.ts	javascript	constant	children	children	standard	38
shadowlist-fabric-example	packages/shadowlist-fabric-example/src/fixtures/tree.ts	javascript	variable	i	i	standard	41
shadowlist-fabric-example	packages/shadowlist-fabric-example/src/fixtures/tree.ts	javascript	constant	childName	childName	standard	42
shadowlist-fabric-example	packages/shadowlist-fabric-example/src/fixtures/tree.ts	javascript	variable	i	i	standard	47
shadowlist-fabric-example	packages/shadowlist-fabric-example/src/fixtures/tree.ts	javascript	constant	ext	ext	standard	48
shadowlist-fabric-example	packages/shadowlist-fabric-example/src/fixtures/tree.ts	javascript	constant	base	base	standard	49
shadowlist-fabric-example	packages/shadowlist-fabric-example/src/fixtures/tree.ts	javascript	parameter	_	_	standard	65
shadowlist-fabric-example	packages/shadowlist-fabric-example/src/fixtures/tree.ts	javascript	parameter	index	index	standard	65
shadowlist-fabric-example	packages/shadowlist-fabric-example/src/HeaderActions.tsx	javascript	parameter	children	children	standard	23
shadowlist-fabric-example	packages/shadowlist-fabric-example/src/HeaderActions.tsx	javascript	constant	HeaderButton	HeaderButton	standard	23
shadowlist-fabric-example	packages/shadowlist-fabric-example/src/HeaderActions.tsx	javascript	parameter	label	label	standard	23
shadowlist-fabric-example	packages/shadowlist-fabric-example/src/HeaderActions.tsx	javascript	parameter	onPress	onPress	standard	23
shadowlist-fabric-example	packages/shadowlist-fabric-example/src/HeaderActions.tsx	javascript	parameter	pressed	pressed	standard	29
shadowlist-fabric-example	packages/shadowlist-fabric-example/src/HeaderActions.tsx	javascript	parameter	handlers	handlers	standard	35
shadowlist-fabric-example	packages/shadowlist-fabric-example/src/HeaderActions.tsx	javascript	constant	HeaderActionsBar	HeaderActionsBar	standard	35
shadowlist-fabric-example	packages/shadowlist-fabric-example/src/HeaderActions.tsx	javascript	constant	colors	colors	standard	40
shadowlist-fabric-example	packages/shadowlist-fabric-example/src/HeaderActions.tsx	javascript	parameter	handlers	handlers	standard	78
shadowlist-fabric-example	packages/shadowlist-fabric-example/src/HeaderActions.tsx	javascript	constant	navigation	navigation	standard	79
shadowlist-fabric-example	packages/shadowlist-fabric-example/src/HeaderActions.tsx	javascript	constant	ref	ref	standard	80
shadowlist-fabric-example	packages/shadowlist-fabric-example/src/HeaderActions.tsx	javascript	constant	styles	styles	standard	90
shadowlist-fabric-example	packages/shadowlist-fabric-example/src/icons.tsx	javascript	parameter	color	color	standard	8
shadowlist-fabric-example	packages/shadowlist-fabric-example/src/icons.tsx	javascript	constant	useIconColor	useIconColor	standard	8
shadowlist-fabric-example	packages/shadowlist-fabric-example/src/icons.tsx	javascript	constant	theme	theme	standard	9
shadowlist-fabric-example	packages/shadowlist-fabric-example/src/icons.tsx	javascript	parameter	size	size	standard	13
shadowlist-fabric-example	packages/shadowlist-fabric-example/src/icons.tsx	javascript	constant	ViewfinderIcon	ViewfinderIcon	standard	13
shadowlist-fabric-example	packages/shadowlist-fabric-example/src/icons.tsx	javascript	parameter	colorProp	colorProp	standard	15
shadowlist-fabric-example	packages/shadowlist-fabric-example/src/icons.tsx	javascript	parameter	strokeWidth	strokeWidth	standard	15
shadowlist-fabric-example	packages/shadowlist-fabric-example/src/icons.tsx	javascript	constant	color	color	standard	18
shadowlist-fabric-example	packages/shadowlist-fabric-example/src/icons.tsx	javascript	constant	ring	ring	standard	19
shadowlist-fabric-example	packages/shadowlist-fabric-example/src/icons.tsx	javascript	constant	tick	tick	standard	20
shadowlist-fabric-example	packages/shadowlist-fabric-example/src/itemOrdinals.ts	javascript	parameter	id	id	standard	25
shadowlist-fabric-example	packages/shadowlist-fabric-example/src/itemOrdinals.ts	javascript	constant	ONES	ONES	standard	30
shadowlist-fabric-example	packages/shadowlist-fabric-example/src/itemOrdinals.ts	javascript	constant	TENS	TENS	standard	53
shadowlist-fabric-example	packages/shadowlist-fabric-example/src/itemOrdinals.ts	javascript	constant	SCALES	SCALES	standard	66
shadowlist-fabric-example	packages/shadowlist-fabric-example/src/itemOrdinals.ts	javascript	parameter	value	value	standard	74
shadowlist-fabric-example	packages/shadowlist-fabric-example/src/itemOrdinals.ts	javascript	constant	name	name	standard	77
shadowlist-fabric-example	packages/shadowlist-fabric-example/src/itemOrdinals.ts	javascript	constant	scale	scale	standard	77
shadowlist-fabric-example	packages/shadowlist-fabric-example/src/itemOrdinals.ts	javascript	constant	words	words	standard	79
shadowlist-fabric-example	packages/shadowlist-fabric-example/src/itemOrdinals.ts	javascript	constant	remainder	remainder	standard	80
shadowlist-fabric-example	packages/shadowlist-fabric-example/src/itemOrdinals.ts	javascript	constant	tens	tens	standard	85
shadowlist-fabric-example	packages/shadowlist-fabric-example/src/itemOrdinals.ts	javascript	constant	ones	ones	standard	86
shadowlist-fabric-example	packages/shadowlist-fabric-example/src/itemOrdinals.ts	javascript	constant	ORDINAL_IRREGULARS	ORDINAL_IRREGULARS	standard	91
shadowlist-fabric-example	packages/shadowlist-fabric-example/src/itemOrdinals.ts	javascript	parameter	word	word	standard	101
shadowlist-fabric-example	packages/shadowlist-fabric-example/src/itemOrdinals.ts	javascript	constant	irregular	irregular	standard	102
shadowlist-fabric-example	packages/shadowlist-fabric-example/src/itemOrdinals.ts	javascript	constant	labelCache	labelCache	standard	108
shadowlist-fabric-example	packages/shadowlist-fabric-example/src/itemOrdinals.ts	javascript	parameter	prepended	prepended	standard	114
shadowlist-fabric-example	packages/shadowlist-fabric-example/src/itemOrdinals.ts	javascript	parameter	value	value	standard	114
shadowlist-fabric-example	packages/shadowlist-fabric-example/src/itemOrdinals.ts	javascript	constant	key	key	standard	115
shadowlist-fabric-example	packages/shadowlist-fabric-example/src/itemOrdinals.ts	javascript	constant	cached	cached	standard	116
shadowlist-fabric-example	packages/shadowlist-fabric-example/src/itemOrdinals.ts	javascript	constant	words	words	standard	119
shadowlist-fabric-example	packages/shadowlist-fabric-example/src/itemOrdinals.ts	javascript	constant	ordinal	ordinal	standard	120
shadowlist-fabric-example	packages/shadowlist-fabric-example/src/itemOrdinals.ts	javascript	constant	label	label	standard	124
shadowlist-fabric-example	packages/shadowlist-fabric-example/src/itemOrdinals.ts	javascript	parameter	data	data	standard	133
shadowlist-fabric-example	packages/shadowlist-fabric-example/src/itemOrdinals.ts	javascript	constant	registryRef	registryRef	standard	136
shadowlist-fabric-example	packages/shadowlist-fabric-example/src/itemOrdinals.ts	javascript	constant	registry	registry	standard	147
shadowlist-fabric-example	packages/shadowlist-fabric-example/src/itemOrdinals.ts	javascript	constant	headIndex	headIndex	standard	150
shadowlist-fabric-example	packages/shadowlist-fabric-example/src/itemOrdinals.ts	javascript	parameter	item	item	standard	153
shadowlist-fabric-example	packages/shadowlist-fabric-example/src/itemOrdinals.ts	javascript	parameter	item	item	standard	160
shadowlist-fabric-example	packages/shadowlist-fabric-example/src/itemOrdinals.ts	javascript	variable	index	index	standard	169
shadowlist-fabric-example	packages/shadowlist-fabric-example/src/itemOrdinals.ts	javascript	constant	item	item	standard	170
shadowlist-fabric-example	packages/shadowlist-fabric-example/src/itemOrdinals.ts	javascript	constant	tailIndex	tailIndex	standard	180
shadowlist-fabric-example	packages/shadowlist-fabric-example/src/itemOrdinals.ts	javascript	parameter	item	item	standard	183
shadowlist-fabric-example	packages/shadowlist-fabric-example/src/itemOrdinals.ts	javascript	variable	index	index	standard	184
shadowlist-fabric-example	packages/shadowlist-fabric-example/src/itemOrdinals.ts	javascript	constant	item	item	standard	185
shadowlist-fabric-example	packages/shadowlist-fabric-example/src/itemOrdinals.ts	javascript	parameter	id	id	standard	199
shadowlist-fabric-example	packages/shadowlist-fabric-example/src/itemOrdinals.ts	javascript	constant	labelOf	labelOf	standard	199
shadowlist-fabric-example	packages/shadowlist-fabric-example/src/itemOrdinals.ts	javascript	constant	number	number	standard	200
shadowlist-fabric-example	packages/shadowlist-fabric-example/src/MasonryScreen.tsx	javascript	constant	MasonryScreen	MasonryScreen	standard	16
shadowlist-fabric-example	packages/shadowlist-fabric-example/src/MasonryScreen.tsx	javascript	constant	styles	styles	standard	17
shadowlist-fabric-example	packages/shadowlist-fabric-example/src/MasonryScreen.tsx	javascript	constant	shadowlistRef	shadowlistRef	standard	18
shadowlist-fabric-example	packages/shadowlist-fabric-example/src/MasonryScreen.tsx	javascript	constant	photos	photos	standard	20
shadowlist-fabric-example	packages/shadowlist-fabric-example/src/MasonryScreen.tsx	javascript	constant	list	list	standard	21
shadowlist-fabric-example	packages/shadowlist-fabric-example/src/MasonryScreen.tsx	javascript	constant	publishPhotos	publishPhotos	standard	22
shadowlist-fabric-example	packages/shadowlist-fabric-example/src/MasonryScreen.tsx	javascript	constant	hasNextPage	hasNextPage	standard	33
shadowlist-fabric-example	packages/shadowlist-fabric-example/src/MasonryScreen.tsx	javascript	constant	footer	footer	standard	34
shadowlist-fabric-example	packages/shadowlist-fabric-example/src/NestedNativeScreen.tsx	javascript	constant	INITIAL_DEALS	INITIAL_DEALS	standard	23
shadowlist-fabric-example	packages/shadowlist-fabric-example/src/NestedNativeScreen.tsx	javascript	constant	PAGE_DEALS	PAGE_DEALS	standard	24
shadowlist-fabric-example	packages/shadowlist-fabric-example/src/NestedNativeScreen.tsx	javascript	constant	CARD_WIDTH	CARD_WIDTH	standard	25
shadowlist-fabric-example	packages/shadowlist-fabric-example/src/NestedNativeScreen.tsx	javascript	constant	GRID_COLUMNS	GRID_COLUMNS	standard	26
shadowlist-fabric-example	packages/shadowlist-fabric-example/src/NestedNativeScreen.tsx	javascript	constant	HEART	HEART	standard	28
shadowlist-fabric-example	packages/shadowlist-fabric-example/src/NestedNativeScreen.tsx	javascript	constant	NO_CARDS	NO_CARDS	standard	29
shadowlist-fabric-example	packages/shadowlist-fabric-example/src/NestedNativeScreen.tsx	javascript	parameter	shelf	shelf	standard	52
shadowlist-fabric-example	packages/shadowlist-fabric-example/src/NestedNativeScreen.tsx	javascript	parameter	card	card	standard	56
shadowlist-fabric-example	packages/shadowlist-fabric-example/src/NestedNativeScreen.tsx	javascript	parameter	card	card	standard	65
shadowlist-fabric-example	packages/shadowlist-fabric-example/src/NestedNativeScreen.tsx	javascript	variable	addedCards	addedCards	standard	75
shadowlist-fabric-example	packages/shadowlist-fabric-example/src/NestedNativeScreen.tsx	javascript	constant	NestedNativeScreen	NestedNativeScreen	standard	84
shadowlist-fabric-example	packages/shadowlist-fabric-example/src/NestedNativeScreen.tsx	javascript	constant	screenStyles	screenStyles	standard	85
shadowlist-fabric-example	packages/shadowlist-fabric-example/src/NestedNativeScreen.tsx	javascript	constant	styles	styles	standard	86
shadowlist-fabric-example	packages/shadowlist-fabric-example/src/NestedNativeScreen.tsx	javascript	constant	shelvesRef	shelvesRef	standard	87
shadowlist-fabric-example	packages/shadowlist-fabric-example/src/NestedNativeScreen.tsx	javascript	constant	dealsRef	dealsRef	standard	88
shadowlist-fabric-example	packages/shadowlist-fabric-example/src/NestedNativeScreen.tsx	javascript	constant	gridRef	gridRef	standard	89
shadowlist-fabric-example	packages/shadowlist-fabric-example/src/NestedNativeScreen.tsx	javascript	constant	initialShelves	initialShelves	standard	91
shadowlist-fabric-example	packages/shadowlist-fabric-example/src/NestedNativeScreen.tsx	javascript	constant	setInitialShelves	setInitialShelves	standard	91
shadowlist-fabric-example	packages/shadowlist-fabric-example/src/NestedNativeScreen.tsx	javascript	constant	error	error	standard	92
shadowlist-fabric-example	packages/shadowlist-fabric-example/src/NestedNativeScreen.tsx	javascript	constant	setError	setError	standard	92
shadowlist-fabric-example	packages/shadowlist-fabric-example/src/NestedNativeScreen.tsx	javascript	constant	hasNextPage	hasNextPage	standard	93
shadowlist-fabric-example	packages/shadowlist-fabric-example/src/NestedNativeScreen.tsx	javascript	constant	setHasNextPage	setHasNextPage	standard	93
shadowlist-fabric-example	packages/shadowlist-fabric-example/src/NestedNativeScreen.tsx	javascript	constant	mode	mode	standard	94
shadowlist-fabric-example	packages/shadowlist-fabric-example/src/NestedNativeScreen.tsx	javascript	constant	setMode	setMode	standard	94
shadowlist-fabric-example	packages/shadowlist-fabric-example/src/NestedNativeScreen.tsx	javascript	constant	cursorRef	cursorRef	standard	95
shadowlist-fabric-example	packages/shadowlist-fabric-example/src/NestedNativeScreen.tsx	javascript	constant	loadingRef	loadingRef	standard	96
shadowlist-fabric-example	packages/shadowlist-fabric-example/src/NestedNativeScreen.tsx	javascript	constant	initialDeals	initialDeals	standard	97
shadowlist-fabric-example	packages/shadowlist-fabric-example/src/NestedNativeScreen.tsx	javascript	constant	loadFirstPage	loadFirstPage	standard	101
shadowlist-fabric-example	packages/shadowlist-fabric-example/src/NestedNativeScreen.tsx	javascript	parameter	page	page	standard	103
shadowlist-fabric-example	packages/shadowlist-fabric-example/src/NestedNativeScreen.tsx	javascript	constant	loadMore	loadMore	standard	112
shadowlist-fabric-example	packages/shadowlist-fabric-example/src/NestedNativeScreen.tsx	javascript	constant	cursor	cursor	standard	113
shadowlist-fabric-example	packages/shadowlist-fabric-example/src/NestedNativeScreen.tsx	javascript	parameter	page	page	standard	117
shadowlist-fabric-example	packages/shadowlist-fabric-example/src/NestedNativeScreen.tsx	javascript	parameter	created	created	standard	130
shadowlist-fabric-example	packages/shadowlist-fabric-example/src/NestedNativeScreen.tsx	javascript	parameter	created	created	standard	135
shadowlist-fabric-example	packages/shadowlist-fabric-example/src/NestedNativeScreen.tsx	javascript	constant	list	list	standard	140
shadowlist-fabric-example	packages/shadowlist-fabric-example/src/NestedNativeScreen.tsx	javascript	constant	handleShelfPress	handleShelfPress	standard	145
shadowlist-fabric-example	packages/shadowlist-fabric-example/src/NestedNativeScreen.tsx	javascript	parameter	key	key	standard	146
shadowlist-fabric-example	packages/shadowlist-fabric-example/src/NestedNativeScreen.tsx	javascript	parameter	action	action	standard	147
shadowlist-fabric-example	packages/shadowlist-fabric-example/src/NestedNativeScreen.tsx	javascript	parameter	item	item	standard	148
shadowlist-fabric-example	packages/shadowlist-fabric-example/src/NestedNativeScreen.tsx	javascript	parameter	repeatIndex	repeatIndex	standard	149
shadowlist-fabric-example	packages/shadowlist-fabric-example/src/NestedNativeScreen.tsx	javascript	constant	shelves	shelves	standard	152
shadowlist-fabric-example	packages/shadowlist-fabric-example/src/NestedNativeScreen.tsx	javascript	constant	card	card	standard	158
shadowlist-fabric-example	packages/shadowlist-fabric-example/src/NestedNativeScreen.tsx	javascript	parameter	card	card	standard	172
shadowlist-fabric-example	packages/shadowlist-fabric-example/src/NestedNativeScreen.tsx	javascript	parameter	index	index	standard	172
shadowlist-fabric-example	packages/shadowlist-fabric-example/src/NestedNativeScreen.tsx	javascript	constant	handleDealPress	handleDealPress	standard	181
shadowlist-fabric-example	packages/shadowlist-fabric-example/src/NestedNativeScreen.tsx	javascript	parameter	item	item	standard	182
shadowlist-fabric-example	packages/shadowlist-fabric-example/src/NestedNativeScreen.tsx	javascript	parameter	key	key	standard	182
shadowlist-fabric-example	packages/shadowlist-fabric-example/src/NestedNativeScreen.tsx	javascript	constant	gridCards	gridCards	standard	189
shadowlist-fabric-example	packages/shadowlist-fabric-example/src/NestedNativeScreen.tsx	javascript	constant	setGridCards	setGridCards	standard	189
shadowlist-fabric-example	packages/shadowlist-fabric-example/src/NestedNativeScreen.tsx	javascript	constant	handleGridPress	handleGridPress	standard	190
shadowlist-fabric-example	packages/shadowlist-fabric-example/src/NestedNativeScreen.tsx	javascript	parameter	action	action	standard	191
shadowlist-fabric-example	packages/shadowlist-fabric-example/src/NestedNativeScreen.tsx	javascript	parameter	key	key	standard	191
shadowlist-fabric-example	packages/shadowlist-fabric-example/src/NestedNativeScreen.tsx	javascript	parameter	cards	cards	standard	193
shadowlist-fabric-example	packages/shadowlist-fabric-example/src/NestedNativeScreen.tsx	javascript	parameter	card	card	standard	194
shadowlist-fabric-example	packages/shadowlist-fabric-example/src/NestedNativeScreen.tsx	javascript	parameter	card	card	standard	199
shadowlist-fabric-example	packages/shadowlist-fabric-example/src/NestedNativeScreen.tsx	javascript	parameter	cards	cards	standard	199
shadowlist-fabric-example	packages/shadowlist-fabric-example/src/NestedNativeScreen.tsx	javascript	constant	gridWindow	gridWindow	standard	206
shadowlist-fabric-example	packages/shadowlist-fabric-example/src/NestedNativeScreen.tsx	javascript	constant	setGridWindow	setGridWindow	standard	206
shadowlist-fabric-example	packages/shadowlist-fabric-example/src/NestedNativeScreen.tsx	javascript	constant	gridCleared	gridCleared	standard	211
shadowlist-fabric-example	packages/shadowlist-fabric-example/src/NestedNativeScreen.tsx	javascript	constant	setGridCleared	setGridCleared	standard	211
shadowlist-fabric-example	packages/shadowlist-fabric-example/src/NestedNativeScreen.tsx	javascript	constant	gridData	gridData	standard	212
shadowlist-fabric-example	packages/shadowlist-fabric-example/src/NestedNativeScreen.tsx	javascript	constant	gridRange	gridRange	standard	213
shadowlist-fabric-example	packages/shadowlist-fabric-example/src/NestedNativeScreen.tsx	javascript	constant	toggleGridCleared	toggleGridCleared	standard	217
shadowlist-fabric-example	packages/shadowlist-fabric-example/src/NestedNativeScreen.tsx	javascript	parameter	cleared	cleared	standard	218
shadowlist-fabric-example	packages/shadowlist-fabric-example/src/NestedNativeScreen.tsx	javascript	constant	showGrid	showGrid	standard	221
shadowlist-fabric-example	packages/shadowlist-fabric-example/src/NestedNativeScreen.tsx	javascript	constant	shelves	shelves	standard	222
shadowlist-fabric-example	packages/shadowlist-fabric-example/src/NestedNativeScreen.tsx	javascript	constant	cards	cards	standard	224
shadowlist-fabric-example	packages/shadowlist-fabric-example/src/NestedNativeScreen.tsx	javascript	parameter	key	key	standard	226
shadowlist-fabric-example	packages/shadowlist-fabric-example/src/NestedNativeScreen.tsx	javascript	constant	shuffleGrid	shuffleGrid	standard	233
shadowlist-fabric-example	packages/shadowlist-fabric-example/src/NestedNativeScreen.tsx	javascript	parameter	cards	cards	standard	234
shadowlist-fabric-example	packages/shadowlist-fabric-example/src/NestedNativeScreen.tsx	javascript	constant	from	from	standard	237
shadowlist-fabric-example	packages/shadowlist-fabric-example/src/NestedNativeScreen.tsx	javascript	constant	next	next	standard	239
shadowlist-fabric-example	packages/shadowlist-fabric-example/src/NestedNativeScreen.tsx	javascript	constant	shelfTemplates	shelfTemplates	standard	245
shadowlist-fabric-example	packages/shadowlist-fabric-example/src/NestedNativeScreen.tsx	javascript	constant	dealTemplates	dealTemplates	standard	296
shadowlist-fabric-example	packages/shadowlist-fabric-example/src/NestedNativeScreen.tsx	javascript	constant	gridTemplates	gridTemplates	standard	320
shadowlist-fabric-example	packages/shadowlist-fabric-example/src/NestedNativeScreen.tsx	javascript	constant	dealsHeader	dealsHeader	standard	353
shadowlist-fabric-example	packages/shadowlist-fabric-example/src/NestedNativeScreen.tsx	javascript	constant	listHeader	listHeader	standard	367
shadowlist-fabric-example	packages/shadowlist-fabric-example/src/NestedNativeScreen.tsx	javascript	constant	footer	footer	standard	398
shadowlist-fabric-example	packages/shadowlist-fabric-example/src/NestedNativeScreen.tsx	javascript	parameter	label	label	standard	468
shadowlist-fabric-example	packages/shadowlist-fabric-example/src/NestedNativeScreen.tsx	javascript	constant	ToolbarButton	ToolbarButton	standard	468
shadowlist-fabric-example	packages/shadowlist-fabric-example/src/NestedNativeScreen.tsx	javascript	parameter	onPress	onPress	standard	469
shadowlist-fabric-example	packages/shadowlist-fabric-example/src/NestedNativeScreen.tsx	javascript	constant	styles	styles	standard	475
shadowlist-fabric-example	packages/shadowlist-fabric-example/src/NestedNativeScreen.tsx	javascript	parameter	pressed	pressed	standard	481
shadowlist-fabric-example	packages/shadowlist-fabric-example/src/NestedNativeScreen.tsx	javascript	constant	useStyles	useStyles	standard	488
shadowlist-fabric-example	packages/shadowlist-fabric-example/src/NestedNativeScreen.tsx	javascript	parameter	colors	colors	standard	489
shadowlist-fabric-example	packages/shadowlist-fabric-example/src/NestedNativeScreen.tsx	javascript	parameter	fontWeight	fontWeight	standard	489
shadowlist-fabric-example	packages/shadowlist-fabric-example/src/NestedNativeScreen.tsx	javascript	parameter	radius	radius	standard	489
shadowlist-fabric-example	packages/shadowlist-fabric-example/src/NestedNativeScreen.tsx	javascript	parameter	spacing	spacing	standard	489
shadowlist-fabric-example	packages/shadowlist-fabric-example/src/NestedNativeScreen.tsx	javascript	parameter	typography	typography	standard	489
shadowlist-fabric-example	packages/shadowlist-fabric-example/src/NestedScreen.tsx	javascript	constant	INITIAL_CARDS	INITIAL_CARDS	standard	26
shadowlist-fabric-example	packages/shadowlist-fabric-example/src/NestedScreen.tsx	javascript	constant	PAGE_CARDS	PAGE_CARDS	standard	27
shadowlist-fabric-example	packages/shadowlist-fabric-example/src/NestedScreen.tsx	javascript	constant	PERSISTENT_KEYS	PERSISTENT_KEYS	standard	30
shadowlist-fabric-example	packages/shadowlist-fabric-example/src/NestedScreen.tsx	javascript	constant	HEADER	HEADER	standard	32
shadowlist-fabric-example	packages/shadowlist-fabric-example/src/NestedScreen.tsx	javascript	parameter	element	element	standard	39
shadowlist-fabric-example	packages/shadowlist-fabric-example/src/NestedScreen.tsx	javascript	constant	renderRow	renderRow	standard	39
shadowlist-fabric-example	packages/shadowlist-fabric-example/src/NestedScreen.tsx	javascript	constant	NestedScreen	NestedScreen	standard	46
shadowlist-fabric-example	packages/shadowlist-fabric-example/src/NestedScreen.tsx	javascript	constant	styles	styles	standard	47
shadowlist-fabric-example	packages/shadowlist-fabric-example/src/NestedScreen.tsx	javascript	constant	shadowlistRef	shadowlistRef	standard	48
shadowlist-fabric-example	packages/shadowlist-fabric-example/src/NestedScreen.tsx	javascript	constant	shelves	shelves	standard	50
shadowlist-fabric-example	packages/shadowlist-fabric-example/src/NestedScreen.tsx	javascript	constant	list	list	standard	51
shadowlist-fabric-example	packages/shadowlist-fabric-example/src/NestedScreen.tsx	javascript	constant	cards	cards	standard	53
shadowlist-fabric-example	packages/shadowlist-fabric-example/src/NestedScreen.tsx	javascript	constant	setCards	setCards	standard	53
shadowlist-fabric-example	packages/shadowlist-fabric-example/src/NestedScreen.tsx	javascript	constant	carousel	carousel	standard	56
shadowlist-fabric-example	packages/shadowlist-fabric-example/src/NestedScreen.tsx	javascript	constant	data	data	standard	60
shadowlist-fabric-example	packages/shadowlist-fabric-example/src/NestedScreen.tsx	javascript	parameter	created	created	standard	67
shadowlist-fabric-example	packages/shadowlist-fabric-example/src/NestedScreen.tsx	javascript	parameter	previous	previous	standard	68
shadowlist-fabric-example	packages/shadowlist-fabric-example/src/NestedScreen.tsx	javascript	parameter	created	created	standard	72
shadowlist-fabric-example	packages/shadowlist-fabric-example/src/NestedScreen.tsx	javascript	parameter	previous	previous	standard	73
shadowlist-fabric-example	packages/shadowlist-fabric-example/src/NestedScreen.tsx	javascript	constant	hasNextPage	hasNextPage	standard	82
shadowlist-fabric-example	packages/shadowlist-fabric-example/src/NestedScreen.tsx	javascript	constant	footer	footer	standard	83
shadowlist-fabric-example	packages/shadowlist-fabric-example/src/queries/activity.ts	javascript	constant	activityKey	activityKey	standard	11
shadowlist-fabric-example	packages/shadowlist-fabric-example/src/queries/activity.ts	javascript	constant	useActivityQuery	useActivityQuery	standard	13
shadowlist-fabric-example	packages/shadowlist-fabric-example/src/queries/activity.ts	javascript	constant	useRefreshActivity	useRefreshActivity	standard	19
shadowlist-fabric-example	packages/shadowlist-fabric-example/src/queries/activity.ts	javascript	constant	queryClient	queryClient	standard	23
shadowlist-fabric-example	packages/shadowlist-fabric-example/src/queries/activity.ts	javascript	parameter	ids	ids	standard	26
shadowlist-fabric-example	packages/shadowlist-fabric-example/src/queries/activity.ts	javascript	constant	previous	previous	standard	28
shadowlist-fabric-example	packages/shadowlist-fabric-example/src/queries/activity.ts	javascript	constant	removed	removed	standard	30
shadowlist-fabric-example	packages/shadowlist-fabric-example/src/queries/activity.ts	javascript	parameter	data	data	standard	31
shadowlist-fabric-example	packages/shadowlist-fabric-example/src/queries/activity.ts	javascript	parameter	item	item	standard	32
shadowlist-fabric-example	packages/shadowlist-fabric-example/src/queries/activity.ts	javascript	parameter	_error	_error	standard	36
shadowlist-fabric-example	packages/shadowlist-fabric-example/src/queries/activity.ts	javascript	parameter	_ids	_ids	standard	36
shadowlist-fabric-example	packages/shadowlist-fabric-example/src/queries/activity.ts	javascript	parameter	context	context	standard	36
shadowlist-fabric-example	packages/shadowlist-fabric-example/src/queries/assistant.ts	javascript	constant	queryClient	queryClient	standard	9
shadowlist-fabric-example	packages/shadowlist-fabric-example/src/queries/assistant.ts	javascript	parameter	page	page	standard	11
shadowlist-fabric-example	packages/shadowlist-fabric-example/src/queries/assistant.ts	javascript	parameter	signal	signal	standard	14
shadowlist-fabric-example	packages/shadowlist-fabric-example/src/queries/assistant.ts	javascript	constant	useSendAssistantFeedback	useSendAssistantFeedback	standard	21
shadowlist-fabric-example	packages/shadowlist-fabric-example/src/queries/chat.ts	javascript	constant	messagesKey	messagesKey	standard	16
shadowlist-fabric-example	packages/shadowlist-fabric-example/src/queries/chat.ts	javascript	constant	useChatMessagesQuery	useChatMessagesQuery	standard	18
shadowlist-fabric-example	packages/shadowlist-fabric-example/src/queries/chat.ts	javascript	parameter	queryClient	queryClient	standard	28
shadowlist-fabric-example	packages/shadowlist-fabric-example/src/queries/chat.ts	javascript	parameter	messages	messages	standard	29
shadowlist-fabric-example	packages/shadowlist-fabric-example/src/queries/chat.ts	javascript	parameter	data	data	standard	35
shadowlist-fabric-example	packages/shadowlist-fabric-example/src/queries/chat.ts	javascript	constant	queryClient	queryClient	standard	41
shadowlist-fabric-example	packages/shadowlist-fabric-example/src/queries/chat.ts	javascript	parameter	message	message	standard	46
shadowlist-fabric-example	packages/shadowlist-fabric-example/src/queries/chat.ts	javascript	parameter	stored	stored	standard	48
shadowlist-fabric-example	packages/shadowlist-fabric-example/src/queries/chat.ts	javascript	parameter	_error	_error	standard	49
shadowlist-fabric-example	packages/shadowlist-fabric-example/src/queries/chat.ts	javascript	parameter	message	message	standard	49
shadowlist-fabric-example	packages/shadowlist-fabric-example/src/queries/chat.ts	javascript	constant	queryClient	queryClient	standard	56
shadowlist-fabric-example	packages/shadowlist-fabric-example/src/queries/chat.ts	javascript	parameter	messages	messages	standard	59
shadowlist-fabric-example	packages/shadowlist-fabric-example/src/queries/contacts.ts	javascript	constant	contactsKey	contactsKey	standard	14
shadowlist-fabric-example	packages/shadowlist-fabric-example/src/queries/contacts.ts	javascript	constant	useContactsQuery	useContactsQuery	standard	16
shadowlist-fabric-example	packages/shadowlist-fabric-example/src/queries/contacts.ts	javascript	parameter	signal	signal	standard	19
shadowlist-fabric-example	packages/shadowlist-fabric-example/src/queries/contacts.ts	javascript	constant	queryClient	queryClient	standard	26
shadowlist-fabric-example	packages/shadowlist-fabric-example/src/queries/contacts.ts	javascript	parameter	created	created	standard	29
shadowlist-fabric-example	packages/shadowlist-fabric-example/src/queries/contacts.ts	javascript	parameter	position	position	standard	29
shadowlist-fabric-example	packages/shadowlist-fabric-example/src/queries/contacts.ts	javascript	parameter	data	data	standard	32
shadowlist-fabric-example	packages/shadowlist-fabric-example/src/queries/contacts.ts	javascript	constant	queryClient	queryClient	standard	40
shadowlist-fabric-example	packages/shadowlist-fabric-example/src/queries/contacts.ts	javascript	parameter	id	id	standard	43
shadowlist-fabric-example	packages/shadowlist-fabric-example/src/queries/contacts.ts	javascript	constant	previous	previous	standard	45
shadowlist-fabric-example	packages/shadowlist-fabric-example/src/queries/contacts.ts	javascript	parameter	data	data	standard	46
shadowlist-fabric-example	packages/shadowlist-fabric-example/src/queries/contacts.ts	javascript	parameter	contact	contact	standard	47
shadowlist-fabric-example	packages/shadowlist-fabric-example/src/queries/contacts.ts	javascript	parameter	_error	_error	standard	51
shadowlist-fabric-example	packages/shadowlist-fabric-example/src/queries/contacts.ts	javascript	parameter	_id	_id	standard	51
shadowlist-fabric-example	packages/shadowlist-fabric-example/src/queries/contacts.ts	javascript	parameter	context	context	standard	51
shadowlist-fabric-example	packages/shadowlist-fabric-example/src/queries/contacts.ts	javascript	constant	favoritesKey	favoritesKey	standard	56
shadowlist-fabric-example	packages/shadowlist-fabric-example/src/queries/contacts.ts	javascript	constant	reorderFavoritesKey	reorderFavoritesKey	standard	57
shadowlist-fabric-example	packages/shadowlist-fabric-example/src/queries/contacts.ts	javascript	constant	useFavoritesQuery	useFavoritesQuery	standard	59
shadowlist-fabric-example	packages/shadowlist-fabric-example/src/queries/contacts.ts	javascript	parameter	signal	signal	standard	62
shadowlist-fabric-example	packages/shadowlist-fabric-example/src/queries/contacts.ts	javascript	constant	queryClient	queryClient	standard	66
shadowlist-fabric-example	packages/shadowlist-fabric-example/src/queries/contacts.ts	javascript	parameter	ordered	ordered	standard	69
shadowlist-fabric-example	packages/shadowlist-fabric-example/src/queries/contacts.ts	javascript	parameter	contact	contact	standard	70
shadowlist-fabric-example	packages/shadowlist-fabric-example/src/queries/contacts.ts	javascript	parameter	ordered	ordered	standard	72
shadowlist-fabric-example	packages/shadowlist-fabric-example/src/queries/contacts.ts	javascript	constant	previous	previous	standard	74
shadowlist-fabric-example	packages/shadowlist-fabric-example/src/queries/contacts.ts	javascript	parameter	_error	_error	standard	78
shadowlist-fabric-example	packages/shadowlist-fabric-example/src/queries/contacts.ts	javascript	parameter	_ordered	_ordered	standard	78
shadowlist-fabric-example	packages/shadowlist-fabric-example/src/queries/contacts.ts	javascript	parameter	context	context	standard	78
shadowlist-fabric-example	packages/shadowlist-fabric-example/src/queries/feed.ts	javascript	constant	feedKey	feedKey	standard	8
shadowlist-fabric-example	packages/shadowlist-fabric-example/src/queries/feed.ts	javascript	constant	useFeedQuery	useFeedQuery	standard	10
shadowlist-fabric-example	packages/shadowlist-fabric-example/src/queries/feed.ts	javascript	constant	useRefreshFeed	useRefreshFeed	standard	13
shadowlist-fabric-example	packages/shadowlist-fabric-example/src/queries/feed.ts	javascript	constant	usePublishPosts	usePublishPosts	standard	15
shadowlist-fabric-example	packages/shadowlist-fabric-example/src/queries/files.ts	javascript	constant	useFileTreeQuery	useFileTreeQuery	standard	4
shadowlist-fabric-example	packages/shadowlist-fabric-example/src/queries/files.ts	javascript	parameter	signal	signal	standard	7
shadowlist-fabric-example	packages/shadowlist-fabric-example/src/queries/gallery.ts	javascript	constant	photosKey	photosKey	standard	8
shadowlist-fabric-example	packages/shadowlist-fabric-example/src/queries/gallery.ts	javascript	constant	shelvesKey	shelvesKey	standard	9
shadowlist-fabric-example	packages/shadowlist-fabric-example/src/queries/gallery.ts	javascript	constant	usePhotosQuery	usePhotosQuery	standard	11
shadowlist-fabric-example	packages/shadowlist-fabric-example/src/queries/gallery.ts	javascript	constant	usePublishPhotos	usePublishPhotos	standard	14
shadowlist-fabric-example	packages/shadowlist-fabric-example/src/queries/gallery.ts	javascript	constant	useShelvesQuery	useShelvesQuery	standard	17
shadowlist-fabric-example	packages/shadowlist-fabric-example/src/queries/infinite.ts	javascript	parameter	cursor	cursor	standard	30
shadowlist-fabric-example	packages/shadowlist-fabric-example/src/queries/infinite.ts	javascript	parameter	signal	signal	standard	31
shadowlist-fabric-example	packages/shadowlist-fabric-example/src/queries/infinite.ts	javascript	parameter	queryKey	queryKey	standard	38
shadowlist-fabric-example	packages/shadowlist-fabric-example/src/queries/infinite.ts	javascript	parameter	fetchPage	fetchPage	standard	39
shadowlist-fabric-example	packages/shadowlist-fabric-example/src/queries/infinite.ts	javascript	parameter	staleTime	staleTime	standard	40
shadowlist-fabric-example	packages/shadowlist-fabric-example/src/queries/infinite.ts	javascript	parameter	pageParam	pageParam	standard	45
shadowlist-fabric-example	packages/shadowlist-fabric-example/src/queries/infinite.ts	javascript	parameter	signal	signal	standard	45
shadowlist-fabric-example	packages/shadowlist-fabric-example/src/queries/infinite.ts	javascript	parameter	queryKey	queryKey	standard	60
shadowlist-fabric-example	packages/shadowlist-fabric-example/src/queries/infinite.ts	javascript	constant	queryClient	queryClient	standard	61
shadowlist-fabric-example	packages/shadowlist-fabric-example/src/queries/infinite.ts	javascript	parameter	data	data	standard	63
shadowlist-fabric-example	packages/shadowlist-fabric-example/src/queries/infinite.ts	javascript	parameter	queryKey	queryKey	standard	72
shadowlist-fabric-example	packages/shadowlist-fabric-example/src/queries/infinite.ts	javascript	parameter	mutationFn	mutationFn	standard	73
shadowlist-fabric-example	packages/shadowlist-fabric-example/src/queries/infinite.ts	javascript	parameter	variables	variables	standard	74
shadowlist-fabric-example	packages/shadowlist-fabric-example/src/queries/infinite.ts	javascript	constant	queryClient	queryClient	standard	76
shadowlist-fabric-example	packages/shadowlist-fabric-example/src/queries/infinite.ts	javascript	parameter	created	created	standard	79
shadowlist-fabric-example	packages/shadowlist-fabric-example/src/queries/infinite.ts	javascript	parameter	data	data	standard	80
shadowlist-fabric-example	packages/shadowlist-fabric-example/src/queries/queryClient.ts	javascript	constant	queryClient	queryClient	standard	4
shadowlist-fabric-example	packages/shadowlist-fabric-example/src/queries/queryClient.ts	javascript	parameter	handleFocus	handleFocus	standard	15
shadowlist-fabric-example	packages/shadowlist-fabric-example/src/queries/queryClient.ts	javascript	parameter	status	status	standard	16
shadowlist-fabric-example	packages/shadowlist-fabric-example/src/queries/queryClient.ts	javascript	constant	subscription	subscription	standard	16
shadowlist-fabric-example	packages/shadowlist-fabric-example/src/QueryStatus.tsx	javascript	parameter	error	error	standard	11
shadowlist-fabric-example	packages/shadowlist-fabric-example/src/QueryStatus.tsx	javascript	parameter	onRetry	onRetry	standard	11
shadowlist-fabric-example	packages/shadowlist-fabric-example/src/QueryStatus.tsx	javascript	constant	QueryStatus	QueryStatus	standard	11
shadowlist-fabric-example	packages/shadowlist-fabric-example/src/QueryStatus.tsx	javascript	constant	styles	styles	standard	12
shadowlist-fabric-example	packages/shadowlist-fabric-example/src/QueryStatus.tsx	javascript	parameter	pressed	pressed	standard	22
shadowlist-fabric-example	packages/shadowlist-fabric-example/src/QueryStatus.tsx	javascript	parameter	colors	colors	standard	34
shadowlist-fabric-example	packages/shadowlist-fabric-example/src/QueryStatus.tsx	javascript	parameter	typography	typography	standard	34
shadowlist-fabric-example	packages/shadowlist-fabric-example/src/QueryStatus.tsx	javascript	constant	useStyles	useStyles	standard	34
shadowlist-fabric-example	packages/shadowlist-fabric-example/src/ReorderScreen.tsx	javascript	constant	ReorderScreen	ReorderScreen	standard	8
shadowlist-fabric-example	packages/shadowlist-fabric-example/src/ReorderScreen.tsx	javascript	constant	styles	styles	standard	9
shadowlist-fabric-example	packages/shadowlist-fabric-example/src/ReorderScreen.tsx	javascript	constant	favorites	favorites	standard	10
shadowlist-fabric-example	packages/shadowlist-fabric-example/src/ReorderScreen.tsx	javascript	constant	saveOrder	saveOrder	standard	11
shadowlist-fabric-example	packages/shadowlist-fabric-example/src/ReorderScreen.tsx	javascript	constant	handleReorder	handleReorder	standard	13
shadowlist-fabric-example	packages/shadowlist-fabric-example/src/ReorderScreen.tsx	javascript	parameter	reordered	reordered	standard	14
shadowlist-fabric-example	packages/shadowlist-fabric-example/src/screenStyles.ts	javascript	parameter	colors	colors	standard	4
shadowlist-fabric-example	packages/shadowlist-fabric-example/src/screenStyles.ts	javascript	constant	useScreenStyles	useScreenStyles	standard	4
shadowlist-fabric-example	packages/shadowlist-fabric-example/src/SectionListScreen.tsx	javascript	constant	NO_CONTACTS	NO_CONTACTS	standard	21
shadowlist-fabric-example	packages/shadowlist-fabric-example/src/SectionListScreen.tsx	javascript	parameter	contact	contact	standard	23
shadowlist-fabric-example	packages/shadowlist-fabric-example/src/SectionListScreen.tsx	javascript	constant	initialOf	initialOf	standard	23
shadowlist-fabric-example	packages/shadowlist-fabric-example/src/SectionListScreen.tsx	javascript	parameter	a	a	standard	26
shadowlist-fabric-example	packages/shadowlist-fabric-example/src/SectionListScreen.tsx	javascript	parameter	b	b	standard	26
shadowlist-fabric-example	packages/shadowlist-fabric-example/src/SectionListScreen.tsx	javascript	constant	byName	byName	standard	26
shadowlist-fabric-example	packages/shadowlist-fabric-example/src/SectionListScreen.tsx	javascript	constant	SectionListScreen	SectionListScreen	standard	28
shadowlist-fabric-example	packages/shadowlist-fabric-example/src/SectionListScreen.tsx	javascript	constant	styles	styles	standard	29
shadowlist-fabric-example	packages/shadowlist-fabric-example/src/SectionListScreen.tsx	javascript	constant	sectionListRef	sectionListRef	standard	30
shadowlist-fabric-example	packages/shadowlist-fabric-example/src/SectionListScreen.tsx	javascript	constant	contacts	contacts	standard	32
shadowlist-fabric-example	packages/shadowlist-fabric-example/src/SectionListScreen.tsx	javascript	constant	addContacts	addContacts	standard	33
shadowlist-fabric-example	packages/shadowlist-fabric-example/src/SectionListScreen.tsx	javascript	constant	deleteContact	deleteContact	standard	34
shadowlist-fabric-example	packages/shadowlist-fabric-example/src/SectionListScreen.tsx	javascript	constant	sections	sections	standard	36
shadowlist-fabric-example	packages/shadowlist-fabric-example/src/SnapScreen.tsx	javascript	parameter	_	_	standard	6
shadowlist-fabric-example	packages/shadowlist-fabric-example/src/SnapScreen.tsx	javascript	constant	data	data	standard	6
shadowlist-fabric-example	packages/shadowlist-fabric-example/src/SnapScreen.tsx	javascript	parameter	index	index	standard	6
shadowlist-fabric-example	packages/shadowlist-fabric-example/src/SnapScreen.tsx	javascript	constant	SnapScreen	SnapScreen	standard	10
shadowlist-fabric-example	packages/shadowlist-fabric-example/src/SnapScreen.tsx	javascript	constant	styles	styles	standard	11
shadowlist-fabric-example	packages/shadowlist-fabric-example/src/TreeScreen.tsx	javascript	constant	getChildren	getChildren	standard	15
shadowlist-fabric-example	packages/shadowlist-fabric-example/src/TreeScreen.tsx	javascript	parameter	node	node	standard	15
shadowlist-fabric-example	packages/shadowlist-fabric-example/src/TreeScreen.tsx	javascript	constant	keyExtractor	keyExtractor	standard	16
shadowlist-fabric-example	packages/shadowlist-fabric-example/src/TreeScreen.tsx	javascript	parameter	node	node	standard	16
shadowlist-fabric-example	packages/shadowlist-fabric-example/src/TreeScreen.tsx	javascript	constant	TreeScreen	TreeScreen	standard	18
shadowlist-fabric-example	packages/shadowlist-fabric-example/src/TreeScreen.tsx	javascript	constant	files	files	standard	19
shadowlist-fabric-example	packages/shadowlist-fabric-example/src/TreeScreen.tsx	javascript	constant	HEADER	HEADER	standard	27
shadowlist-fabric-example	packages/shadowlist-fabric-example/src/TreeScreen.tsx	javascript	constant	FileTree	FileTree	standard	34
shadowlist-fabric-example	packages/shadowlist-fabric-example/src/TreeScreen.tsx	javascript	parameter	tree	tree	standard	34
shadowlist-fabric-example	packages/shadowlist-fabric-example/src/TreeScreen.tsx	javascript	constant	treeRef	treeRef	standard	35
shadowlist-fabric-example	packages/shadowlist-fabric-example/src/TreeScreen.tsx	javascript	constant	styles	styles	standard	36
shadowlist-fabric-example	packages/shadowlist-fabric-example/src/TreeScreen.tsx	javascript	constant	insets	insets	standard	37
shadowlist-fabric-example	packages/shadowlist-fabric-example/src/TreeScreen.tsx	javascript	constant	allFolderIds	allFolderIds	standard	39
shadowlist-fabric-example	packages/shadowlist-fabric-example/src/TreeScreen.tsx	javascript	constant	expandedIds	expandedIds	standard	44
shadowlist-fabric-example	packages/shadowlist-fabric-example/src/TreeScreen.tsx	javascript	constant	setExpandedIds	setExpandedIds	standard	44
shadowlist-fabric-example	packages/shadowlist-fabric-example/src/TreeScreen.tsx	javascript	constant	expandAll	expandAll	standard	48
shadowlist-fabric-example	packages/shadowlist-fabric-example/src/TreeScreen.tsx	javascript	constant	collapseAll	collapseAll	standard	52
shadowlist-fabric-example	packages/shadowlist-fabric-example/src/TreeScreen.tsx	javascript	constant	openCount	openCount	standard	54
shadowlist-fabric-example	packages/shadowlist-fabric-example/src/TreeScreen.tsx	javascript	constant	folderCount	folderCount	standard	55
shadowlist-fabric-example	packages/shadowlist-fabric-example/src/TreeScreen.tsx	javascript	constant	footer	footer	standard	56
shadowlist-fabric-example	packages/shadowlist-fabric-example/src/TreeScreen.tsx	javascript	parameter	pressed	pressed	standard	85
shadowlist-fabric-example	packages/shadowlist-fabric-example/src/TreeScreen.tsx	javascript	parameter	pressed	pressed	standard	92
shadowlist-fabric-example	packages/shadowlist-fabric-example/src/TreeScreen.tsx	javascript	parameter	colors	colors	standard	102
shadowlist-fabric-example	packages/shadowlist-fabric-example/src/TreeScreen.tsx	javascript	parameter	typography	typography	standard	102
shadowlist-fabric-example	packages/shadowlist-fabric-example/src/TreeScreen.tsx	javascript	constant	useStyles	useStyles	standard	102
shadowlist-fabric	packages/shadowlist-fabric/android/src/main/java/com/shadowlist/ShadowListDragController.java	native	variable	mDragOriginIndex	mDragOriginIndex	standard	32
shadowlist-fabric	packages/shadowlist-fabric/android/src/main/java/com/shadowlist/ShadowListDragController.java	native	variable	mDragInsertionIndex	mDragInsertionIndex	standard	33
shadowlist-fabric	packages/shadowlist-fabric/android/src/main/java/com/shadowlist/ShadowListDragController.java	native	variable	mDraggedExtent	mDraggedExtent	standard	38
shadowlist-fabric	packages/shadowlist-fabric/android/src/main/java/com/shadowlist/ShadowListDragController.java	native	variable	mDragGrabOffset	mDragGrabOffset	standard	40
shadowlist-fabric	packages/shadowlist-fabric/android/src/main/java/com/shadowlist/ShadowListDragController.java	native	variable	mDragTouchInViewport	mDragTouchInViewport	standard	42
shadowlist-fabric	packages/shadowlist-fabric/android/src/main/java/com/shadowlist/ShadowListDragController.java	native	variable	mDropInsertionIndex	mDropInsertionIndex	standard	46
shadowlist-fabric	packages/shadowlist-fabric/android/src/main/java/com/shadowlist/ShadowListDragController.java	native	variable	mDragLeading	mDragLeading	standard	49
shadowlist-fabric	packages/shadowlist-fabric/android/src/main/java/com/shadowlist/ShadowListDragController.java	native	variable	mDropReleaseLeading	mDropReleaseLeading	standard	50
shadowlist-fabric	packages/shadowlist-fabric/android/src/main/java/com/shadowlist/ShadowListDragController.java	native	constant	DROP_SETTLE_MS	DROP_SETTLE_MS	standard	51
shadowlist-fabric	packages/shadowlist-fabric/android/src/main/java/com/shadowlist/ShadowListDragController.java	native	parameter	event	event	standard	59
shadowlist-fabric	packages/shadowlist-fabric/android/src/main/java/com/shadowlist/ShadowListDragController.java	native	parameter	dragEnabled	dragEnabled	standard	68
shadowlist-fabric	packages/shadowlist-fabric/android/src/main/java/com/shadowlist/ShadowListDragController.java	native	parameter	event	event	standard	92
shadowlist-fabric	packages/shadowlist-fabric/android/src/main/java/com/shadowlist/ShadowListDragController.java	native	parameter	event	event	standard	100
shadowlist-fabric	packages/shadowlist-fabric/android/src/main/java/com/shadowlist/ShadowListDragController.java	native	variable	frameTimeNanos	frameTimeNanos	standard	135
shadowlist-fabric	packages/shadowlist-fabric/android/src/main/java/com/shadowlist/ShadowListDragController.java	native	parameter	frameTimeNanos	frameTimeNanos	standard	135
shadowlist-fabric	packages/shadowlist-fabric/android/src/main/java/com/shadowlist/ShadowListDragController.java	native	parameter	view	view	standard	168
shadowlist-fabric	packages/shadowlist-fabric/android/src/main/java/com/shadowlist/ShadowListDragController.java	native	variable	i	i	standard	172
shadowlist-fabric	packages/shadowlist-fabric/android/src/main/java/com/shadowlist/ShadowListDragController.java	native	variable	newResting	newResting	standard	182
shadowlist-fabric	packages/shadowlist-fabric/android/src/main/java/com/shadowlist/ShadowListDragController.java	native	variable	startTranslation	startTranslation	standard	183
shadowlist-fabric	packages/shadowlist-fabric/android/src/main/java/com/shadowlist/ShadowListDragController.java	native	variable	contentX	contentX	standard	206
shadowlist-fabric	packages/shadowlist-fabric/android/src/main/java/com/shadowlist/ShadowListDragController.java	native	parameter	contentX	contentX	standard	206
shadowlist-fabric	packages/shadowlist-fabric/android/src/main/java/com/shadowlist/ShadowListDragController.java	native	variable	contentY	contentY	standard	206
shadowlist-fabric	packages/shadowlist-fabric/android/src/main/java/com/shadowlist/ShadowListDragController.java	native	parameter	contentY	contentY	standard	206
shadowlist-fabric	packages/shadowlist-fabric/android/src/main/java/com/shadowlist/ShadowListDragController.java	native	variable	i	i	standard	209
shadowlist-fabric	packages/shadowlist-fabric/android/src/main/java/com/shadowlist/ShadowListDragController.java	native	parameter	event	event	standard	222
shadowlist-fabric	packages/shadowlist-fabric/android/src/main/java/com/shadowlist/ShadowListDragController.java	native	variable	scrollX	scrollX	standard	225
shadowlist-fabric	packages/shadowlist-fabric/android/src/main/java/com/shadowlist/ShadowListDragController.java	native	variable	scrollY	scrollY	standard	226
shadowlist-fabric	packages/shadowlist-fabric/android/src/main/java/com/shadowlist/ShadowListDragController.java	native	variable	contentX	contentX	standard	227
shadowlist-fabric	packages/shadowlist-fabric/android/src/main/java/com/shadowlist/ShadowListDragController.java	native	variable	contentY	contentY	standard	228
shadowlist-fabric	packages/shadowlist-fabric/android/src/main/java/com/shadowlist/ShadowListDragController.java	native	variable	index	index	standard	234
shadowlist-fabric	packages/shadowlist-fabric/android/src/main/java/com/shadowlist/ShadowListDragController.java	native	variable	restingLeading	restingLeading	standard	257
shadowlist-fabric	packages/shadowlist-fabric/android/src/main/java/com/shadowlist/ShadowListDragController.java	native	variable	touchAxisContent	touchAxisContent	standard	259
shadowlist-fabric	packages/shadowlist-fabric/android/src/main/java/com/shadowlist/ShadowListDragController.java	native	variable	frameTimeNanos	frameTimeNanos	standard	278
shadowlist-fabric	packages/shadowlist-fabric/android/src/main/java/com/shadowlist/ShadowListDragController.java	native	parameter	frameTimeNanos	frameTimeNanos	standard	278
shadowlist-fabric	packages/shadowlist-fabric/android/src/main/java/com/shadowlist/ShadowListDragController.java	native	variable	window	window	standard	301
shadowlist-fabric	packages/shadowlist-fabric/android/src/main/java/com/shadowlist/ShadowListDragController.java	native	variable	content	content	standard	302
shadowlist-fabric	packages/shadowlist-fabric/android/src/main/java/com/shadowlist/ShadowListDragController.java	native	variable	maxOffset	maxOffset	standard	303
shadowlist-fabric	packages/shadowlist-fabric/android/src/main/java/com/shadowlist/ShadowListDragController.java	native	variable	offset	offset	standard	304
shadowlist-fabric	packages/shadowlist-fabric/android/src/main/java/com/shadowlist/ShadowListDragController.java	native	variable	touch	touch	standard	305
shadowlist-fabric	packages/shadowlist-fabric/android/src/main/java/com/shadowlist/ShadowListDragController.java	native	variable	edge	edge	standard	307
shadowlist-fabric	packages/shadowlist-fabric/android/src/main/java/com/shadowlist/ShadowListDragController.java	native	variable	maxSpeed	maxSpeed	standard	308
shadowlist-fabric	packages/shadowlist-fabric/android/src/main/java/com/shadowlist/ShadowListDragController.java	native	variable	delta	delta	standard	309
shadowlist-fabric	packages/shadowlist-fabric/android/src/main/java/com/shadowlist/ShadowListDragController.java	native	variable	newOffset	newOffset	standard	319
shadowlist-fabric	packages/shadowlist-fabric/android/src/main/java/com/shadowlist/ShadowListDragController.java	native	variable	nextX	nextX	standard	324
shadowlist-fabric	packages/shadowlist-fabric/android/src/main/java/com/shadowlist/ShadowListDragController.java	native	variable	nextY	nextY	standard	325
shadowlist-fabric	packages/shadowlist-fabric/android/src/main/java/com/shadowlist/ShadowListDragController.java	native	variable	offset	offset	standard	341
shadowlist-fabric	packages/shadowlist-fabric/android/src/main/java/com/shadowlist/ShadowListDragController.java	native	variable	touchContent	touchContent	standard	342
shadowlist-fabric	packages/shadowlist-fabric/android/src/main/java/com/shadowlist/ShadowListDragController.java	native	variable	restingLeading	restingLeading	standard	343
shadowlist-fabric	packages/shadowlist-fabric/android/src/main/java/com/shadowlist/ShadowListDragController.java	native	variable	extent	extent	standard	344
shadowlist-fabric	packages/shadowlist-fabric/android/src/main/java/com/shadowlist/ShadowListDragController.java	native	variable	contentExtent	contentExtent	standard	345
shadowlist-fabric	packages/shadowlist-fabric/android/src/main/java/com/shadowlist/ShadowListDragController.java	native	variable	desiredLeading	desiredLeading	standard	347
shadowlist-fabric	packages/shadowlist-fabric/android/src/main/java/com/shadowlist/ShadowListDragController.java	native	variable	translation	translation	standard	351
shadowlist-fabric	packages/shadowlist-fabric/android/src/main/java/com/shadowlist/ShadowListDragController.java	native	variable	liveIndex	liveIndex	standard	368
shadowlist-fabric	packages/shadowlist-fabric/android/src/main/java/com/shadowlist/ShadowListDragController.java	native	variable	center	center	standard	378
shadowlist-fabric	packages/shadowlist-fabric/android/src/main/java/com/shadowlist/ShadowListDragController.java	native	parameter	center	center	standard	378
shadowlist-fabric	packages/shadowlist-fabric/android/src/main/java/com/shadowlist/ShadowListDragController.java	native	variable	originIndex	originIndex	standard	381
shadowlist-fabric	packages/shadowlist-fabric/android/src/main/java/com/shadowlist/ShadowListDragController.java	native	variable	insertion	insertion	standard	382
shadowlist-fabric	packages/shadowlist-fabric/android/src/main/java/com/shadowlist/ShadowListDragController.java	native	variable	i	i	standard	386
shadowlist-fabric	packages/shadowlist-fabric/android/src/main/java/com/shadowlist/ShadowListDragController.java	native	variable	elementIndex	elementIndex	standard	392
shadowlist-fabric	packages/shadowlist-fabric/android/src/main/java/com/shadowlist/ShadowListDragController.java	native	variable	lead	lead	standard	396
shadowlist-fabric	packages/shadowlist-fabric/android/src/main/java/com/shadowlist/ShadowListDragController.java	native	variable	extent	extent	standard	397
shadowlist-fabric	packages/shadowlist-fabric/android/src/main/java/com/shadowlist/ShadowListDragController.java	native	variable	midpoint	midpoint	standard	398
shadowlist-fabric	packages/shadowlist-fabric/android/src/main/java/com/shadowlist/ShadowListDragController.java	native	variable	originIndex	originIndex	standard	416
shadowlist-fabric	packages/shadowlist-fabric/android/src/main/java/com/shadowlist/ShadowListDragController.java	native	variable	i	i	standard	417
shadowlist-fabric	packages/shadowlist-fabric/android/src/main/java/com/shadowlist/ShadowListDragController.java	native	variable	elementIndex	elementIndex	standard	422
shadowlist-fabric	packages/shadowlist-fabric/android/src/main/java/com/shadowlist/ShadowListDragController.java	native	variable	shift	shift	standard	426
shadowlist-fabric	packages/shadowlist-fabric/android/src/main/java/com/shadowlist/ShadowListDragController.java	native	variable	i	i	standard	445
shadowlist-fabric	packages/shadowlist-fabric/android/src/main/java/com/shadowlist/ShadowListDragController.java	native	parameter	fromKey	fromKey	standard	456
shadowlist-fabric	packages/shadowlist-fabric/android/src/main/java/com/shadowlist/ShadowListDragController.java	native	parameter	toKey	toKey	standard	456
shadowlist-fabric	packages/shadowlist-fabric/android/src/main/java/com/shadowlist/ShadowListDragController.java	native	variable	type	type	standard	456
shadowlist-fabric	packages/shadowlist-fabric/android/src/main/java/com/shadowlist/ShadowListDragController.java	native	parameter	type	type	standard	456
shadowlist-fabric	packages/shadowlist-fabric/android/src/main/java/com/shadowlist/ShadowListDragController.java	native	variable	sequence	sequence	standard	461
shadowlist-fabric	packages/shadowlist-fabric/android/src/main/java/com/shadowlist/ShadowListDragController.java	native	variable	from	from	standard	490
shadowlist-fabric	packages/shadowlist-fabric/android/src/main/java/com/shadowlist/ShadowListDragController.java	native	variable	to	to	standard	491
shadowlist-fabric	packages/shadowlist-fabric/android/src/main/java/com/shadowlist/ShadowListElementView.java	native	variable	mElementIndex	mElementIndex	standard	9
shadowlist-fabric	packages/shadowlist-fabric/android/src/main/java/com/shadowlist/ShadowListElementView.java	native	parameter	context	context	standard	14
shadowlist-fabric	packages/shadowlist-fabric/android/src/main/java/com/shadowlist/ShadowListElementView.java	native	variable	index	index	standard	18
shadowlist-fabric	packages/shadowlist-fabric/android/src/main/java/com/shadowlist/ShadowListElementView.java	native	parameter	index	index	standard	18
shadowlist-fabric	packages/shadowlist-fabric/android/src/main/java/com/shadowlist/ShadowListElementView.java	native	parameter	key	key	standard	26
shadowlist-fabric	packages/shadowlist-fabric/android/src/main/java/com/shadowlist/ShadowListElementView.java	native	parameter	attrs	attrs	standard	34
shadowlist-fabric	packages/shadowlist-fabric/android/src/main/java/com/shadowlist/ShadowListElementView.java	native	parameter	context	context	standard	34
shadowlist-fabric	packages/shadowlist-fabric/android/src/main/java/com/shadowlist/ShadowListElementView.java	native	parameter	attrs	attrs	standard	38
shadowlist-fabric	packages/shadowlist-fabric/android/src/main/java/com/shadowlist/ShadowListElementView.java	native	parameter	context	context	standard	38
shadowlist-fabric	packages/shadowlist-fabric/android/src/main/java/com/shadowlist/ShadowListElementView.java	native	variable	defStyleAttr	defStyleAttr	standard	38
shadowlist-fabric	packages/shadowlist-fabric/android/src/main/java/com/shadowlist/ShadowListElementView.java	native	parameter	defStyleAttr	defStyleAttr	standard	38
shadowlist-fabric	packages/shadowlist-fabric/android/src/main/java/com/shadowlist/ShadowListElementView.java	native	variable	bottom	bottom	standard	43
shadowlist-fabric	packages/shadowlist-fabric/android/src/main/java/com/shadowlist/ShadowListElementView.java	native	parameter	bottom	bottom	standard	43
shadowlist-fabric	packages/shadowlist-fabric/android/src/main/java/com/shadowlist/ShadowListElementView.java	native	parameter	changed	changed	standard	43
shadowlist-fabric	packages/shadowlist-fabric/android/src/main/java/com/shadowlist/ShadowListElementView.java	native	variable	left	left	standard	43
shadowlist-fabric	packages/shadowlist-fabric/android/src/main/java/com/shadowlist/ShadowListElementView.java	native	parameter	left	left	standard	43
shadowlist-fabric	packages/shadowlist-fabric/android/src/main/java/com/shadowlist/ShadowListElementView.java	native	variable	right	right	standard	43
shadowlist-fabric	packages/shadowlist-fabric/android/src/main/java/com/shadowlist/ShadowListElementView.java	native	parameter	right	right	standard	43
shadowlist-fabric	packages/shadowlist-fabric/android/src/main/java/com/shadowlist/ShadowListElementView.java	native	variable	top	top	standard	43
shadowlist-fabric	packages/shadowlist-fabric/android/src/main/java/com/shadowlist/ShadowListElementView.java	native	parameter	top	top	standard	43
shadowlist-fabric	packages/shadowlist-fabric/android/src/main/java/com/shadowlist/ShadowListElementViewManager.java	native	parameter	context	context	standard	42
shadowlist-fabric	packages/shadowlist-fabric/android/src/main/java/com/shadowlist/ShadowListElementViewManager.java	native	variable	index	index	standard	60
shadowlist-fabric	packages/shadowlist-fabric/android/src/main/java/com/shadowlist/ShadowListElementViewManager.java	native	parameter	index	index	standard	60
shadowlist-fabric	packages/shadowlist-fabric/android/src/main/java/com/shadowlist/ShadowListElementViewManager.java	native	parameter	view	view	standard	60
shadowlist-fabric	packages/shadowlist-fabric/android/src/main/java/com/shadowlist/ShadowListElementViewManager.java	native	parameter	value	value	standard	66
shadowlist-fabric	packages/shadowlist-fabric/android/src/main/java/com/shadowlist/ShadowListElementViewManager.java	native	parameter	view	view	standard	66
shadowlist-fabric	packages/shadowlist-fabric/android/src/main/java/com/shadowlist/ShadowListKeyboardModule.java	native	variable	mEnabledCount	mEnabledCount	standard	32
shadowlist-fabric	packages/shadowlist-fabric/android/src/main/java/com/shadowlist/ShadowListKeyboardModule.java	native	variable	mTargetDp	mTargetDp	standard	33
shadowlist-fabric	packages/shadowlist-fabric/android/src/main/java/com/shadowlist/ShadowListKeyboardModule.java	native	parameter	context	context	standard	40
shadowlist-fabric	packages/shadowlist-fabric/android/src/main/java/com/shadowlist/ShadowListKeyboardModule.java	native	parameter	enabled	enabled	standard	52
shadowlist-fabric	packages/shadowlist-fabric/android/src/main/java/com/shadowlist/ShadowListKeyboardModule.java	native	variable	targetPx	targetPx	standard	133
shadowlist-fabric	packages/shadowlist-fabric/android/src/main/java/com/shadowlist/ShadowListKeyboardModule.java	native	variable	imeBottomPx	imeBottomPx	standard	157
shadowlist-fabric	packages/shadowlist-fabric/android/src/main/java/com/shadowlist/ShadowListKeyboardModule.java	native	variable	heightDp	heightDp	standard	163
shadowlist-fabric	packages/shadowlist-fabric/android/src/main/java/com/shadowlist/ShadowListKeyboardModule.java	native	parameter	heightDp	heightDp	standard	163
shadowlist-fabric	packages/shadowlist-fabric/android/src/main/java/com/shadowlist/ShadowListKeyboardModule.java	native	variable	progress	progress	standard	164
shadowlist-fabric	packages/shadowlist-fabric/android/src/main/java/com/shadowlist/ShadowListRefreshEvent.java	native	parameter	eventName	eventName	standard	17
shadowlist-fabric	packages/shadowlist-fabric/android/src/main/java/com/shadowlist/ShadowListRefreshEvent.java	native	variable	surfaceId	surfaceId	standard	17
shadowlist-fabric	packages/shadowlist-fabric/android/src/main/java/com/shadowlist/ShadowListRefreshEvent.java	native	parameter	surfaceId	surfaceId	standard	17
shadowlist-fabric	packages/shadowlist-fabric/android/src/main/java/com/shadowlist/ShadowListRefreshEvent.java	native	variable	viewId	viewId	standard	17
shadowlist-fabric	packages/shadowlist-fabric/android/src/main/java/com/shadowlist/ShadowListRefreshEvent.java	native	parameter	viewId	viewId	standard	17
shadowlist-fabric	packages/shadowlist-fabric/android/src/main/java/com/shadowlist/ShadowListStickyController.java	native	constant	STICKY_LIFT_DP	STICKY_LIFT_DP	standard	17
shadowlist-fabric	packages/shadowlist-fabric/android/src/main/java/com/shadowlist/ShadowListStickyController.java	native	constant	SECTION_OVERLAY_LIFT_DP	SECTION_OVERLAY_LIFT_DP	standard	18
shadowlist-fabric	packages/shadowlist-fabric/android/src/main/java/com/shadowlist/ShadowListStickyController.java	native	variable	mHeaderHidden	mHeaderHidden	standard	29
shadowlist-fabric	packages/shadowlist-fabric/android/src/main/java/com/shadowlist/ShadowListStickyController.java	native	variable	mFooterHidden	mFooterHidden	standard	30
shadowlist-fabric	packages/shadowlist-fabric/android/src/main/java/com/shadowlist/ShadowListStickyController.java	native	variable	mLastAutoHideOffset	mLastAutoHideOffset	standard	31
shadowlist-fabric	packages/shadowlist-fabric/android/src/main/java/com/shadowlist/ShadowListStickyController.java	native	parameter	stickyHeader	stickyHeader	standard	43
shadowlist-fabric	packages/shadowlist-fabric/android/src/main/java/com/shadowlist/ShadowListStickyController.java	native	parameter	stickyFooter	stickyFooter	standard	48
shadowlist-fabric	packages/shadowlist-fabric/android/src/main/java/com/shadowlist/ShadowListStickyController.java	native	parameter	autoHideHeader	autoHideHeader	standard	53
shadowlist-fabric	packages/shadowlist-fabric/android/src/main/java/com/shadowlist/ShadowListStickyController.java	native	parameter	autoHideFooter	autoHideFooter	standard	58
shadowlist-fabric	packages/shadowlist-fabric/android/src/main/java/com/shadowlist/ShadowListStickyController.java	native	parameter	nextStateData	nextStateData	standard	71
shadowlist-fabric	packages/shadowlist-fabric/android/src/main/java/com/shadowlist/ShadowListStickyController.java	native	variable	count	count	standard	78
shadowlist-fabric	packages/shadowlist-fabric/android/src/main/java/com/shadowlist/ShadowListStickyController.java	native	variable	i	i	standard	82
shadowlist-fabric	packages/shadowlist-fabric/android/src/main/java/com/shadowlist/ShadowListStickyController.java	native	parameter	accumulate	accumulate	standard	97
shadowlist-fabric	packages/shadowlist-fabric/android/src/main/java/com/shadowlist/ShadowListStickyController.java	native	variable	offsetX	offsetX	standard	105
shadowlist-fabric	packages/shadowlist-fabric/android/src/main/java/com/shadowlist/ShadowListStickyController.java	native	variable	offsetY	offsetY	standard	106
shadowlist-fabric	packages/shadowlist-fabric/android/src/main/java/com/shadowlist/ShadowListStickyController.java	native	variable	windowWidth	windowWidth	standard	107
shadowlist-fabric	packages/shadowlist-fabric/android/src/main/java/com/shadowlist/ShadowListStickyController.java	native	variable	windowHeight	windowHeight	standard	108
shadowlist-fabric	packages/shadowlist-fabric/android/src/main/java/com/shadowlist/ShadowListStickyController.java	native	variable	contentWidth	contentWidth	standard	109
shadowlist-fabric	packages/shadowlist-fabric/android/src/main/java/com/shadowlist/ShadowListStickyController.java	native	variable	contentHeight	contentHeight	standard	110
shadowlist-fabric	packages/shadowlist-fabric/android/src/main/java/com/shadowlist/ShadowListStickyController.java	native	variable	stickyLift	stickyLift	standard	112
shadowlist-fabric	packages/shadowlist-fabric/android/src/main/java/com/shadowlist/ShadowListStickyController.java	native	variable	headerSize	headerSize	standard	115
shadowlist-fabric	packages/shadowlist-fabric/android/src/main/java/com/shadowlist/ShadowListStickyController.java	native	variable	footerSize	footerSize	standard	116
shadowlist-fabric	packages/shadowlist-fabric/android/src/main/java/com/shadowlist/ShadowListStickyController.java	native	variable	i	i	standard	117
shadowlist-fabric	packages/shadowlist-fabric/android/src/main/java/com/shadowlist/ShadowListStickyController.java	native	variable	axisOffset	axisOffset	standard	131
shadowlist-fabric	packages/shadowlist-fabric/android/src/main/java/com/shadowlist/ShadowListStickyController.java	native	variable	windowSize	windowSize	standard	132
shadowlist-fabric	packages/shadowlist-fabric/android/src/main/java/com/shadowlist/ShadowListStickyController.java	native	variable	contentSize	contentSize	standard	133
shadowlist-fabric	packages/shadowlist-fabric/android/src/main/java/com/shadowlist/ShadowListStickyController.java	native	variable	autoHideDelta	autoHideDelta	standard	136
shadowlist-fabric	packages/shadowlist-fabric/android/src/main/java/com/shadowlist/ShadowListStickyController.java	native	variable	i	i	standard	139
shadowlist-fabric	packages/shadowlist-fabric/android/src/main/java/com/shadowlist/ShadowListStickyController.java	native	variable	translation	translation	standard	156
shadowlist-fabric	packages/shadowlist-fabric/android/src/main/java/com/shadowlist/ShadowListStickyController.java	native	variable	footerStart	footerStart	standard	158
shadowlist-fabric	packages/shadowlist-fabric/android/src/main/java/com/shadowlist/ShadowListStickyController.java	native	variable	restingTranslation	restingTranslation	standard	159
shadowlist-fabric	packages/shadowlist-fabric/android/src/main/java/com/shadowlist/ShadowListStickyController.java	native	variable	maxOffset	maxOffset	standard	162
shadowlist-fabric	packages/shadowlist-fabric/android/src/main/java/com/shadowlist/ShadowListStickyController.java	native	variable	collisionTop	collisionTop	standard	184
shadowlist-fabric	packages/shadowlist-fabric/android/src/main/java/com/shadowlist/ShadowListStickyController.java	native	variable	axisOffsetPx	axisOffsetPx	standard	225
shadowlist-fabric	packages/shadowlist-fabric/android/src/main/java/com/shadowlist/ShadowListStickyController.java	native	variable	axisOffset	axisOffset	standard	229
shadowlist-fabric	packages/shadowlist-fabric/android/src/main/java/com/shadowlist/ShadowListStickyController.java	native	variable	activeSize	activeSize	standard	234
shadowlist-fabric	packages/shadowlist-fabric/android/src/main/java/com/shadowlist/ShadowListStickyController.java	native	variable	nextOffset	nextOffset	standard	236
shadowlist-fabric	packages/shadowlist-fabric/android/src/main/java/com/shadowlist/ShadowListStickyController.java	native	variable	i	i	standard	237
shadowlist-fabric	packages/shadowlist-fabric/android/src/main/java/com/shadowlist/ShadowListStickyController.java	native	variable	headerOffset	headerOffset	standard	238
shadowlist-fabric	packages/shadowlist-fabric/android/src/main/java/com/shadowlist/ShadowListStickyController.java	native	variable	translation	translation	standard	255
shadowlist-fabric	packages/shadowlist-fabric/android/src/main/java/com/shadowlist/ShadowListStickyController.java	native	variable	pushedTop	pushedTop	standard	257
shadowlist-fabric	packages/shadowlist-fabric/android/src/main/java/com/shadowlist/ShadowListStickyController.java	native	variable	translationPx	translationPx	standard	262
shadowlist-fabric	packages/shadowlist-fabric/android/src/main/java/com/shadowlist/ShadowListStickyController.java	native	variable	i	i	standard	281
shadowlist-fabric	packages/shadowlist-fabric/android/src/main/java/com/shadowlist/ShadowListTemplateView.java	native	parameter	context	context	standard	11
shadowlist-fabric	packages/shadowlist-fabric/android/src/main/java/com/shadowlist/ShadowListTemplateView.java	native	parameter	attrs	attrs	standard	15
shadowlist-fabric	packages/shadowlist-fabric/android/src/main/java/com/shadowlist/ShadowListTemplateView.java	native	parameter	context	context	standard	15
shadowlist-fabric	packages/shadowlist-fabric/android/src/main/java/com/shadowlist/ShadowListTemplateView.java	native	parameter	attrs	attrs	standard	19
shadowlist-fabric	packages/shadowlist-fabric/android/src/main/java/com/shadowlist/ShadowListTemplateView.java	native	parameter	context	context	standard	19
shadowlist-fabric	packages/shadowlist-fabric/android/src/main/java/com/shadowlist/ShadowListTemplateView.java	native	variable	defStyleAttr	defStyleAttr	standard	19
shadowlist-fabric	packages/shadowlist-fabric/android/src/main/java/com/shadowlist/ShadowListTemplateView.java	native	parameter	defStyleAttr	defStyleAttr	standard	19
shadowlist-fabric	packages/shadowlist-fabric/android/src/main/java/com/shadowlist/ShadowListTemplateView.java	native	variable	bottom	bottom	standard	24
shadowlist-fabric	packages/shadowlist-fabric/android/src/main/java/com/shadowlist/ShadowListTemplateView.java	native	parameter	bottom	bottom	standard	24
shadowlist-fabric	packages/shadowlist-fabric/android/src/main/java/com/shadowlist/ShadowListTemplateView.java	native	parameter	changed	changed	standard	24
shadowlist-fabric	packages/shadowlist-fabric/android/src/main/java/com/shadowlist/ShadowListTemplateView.java	native	variable	left	left	standard	24
shadowlist-fabric	packages/shadowlist-fabric/android/src/main/java/com/shadowlist/ShadowListTemplateView.java	native	parameter	left	left	standard	24
shadowlist-fabric	packages/shadowlist-fabric/android/src/main/java/com/shadowlist/ShadowListTemplateView.java	native	variable	right	right	standard	24
shadowlist-fabric	packages/shadowlist-fabric/android/src/main/java/com/shadowlist/ShadowListTemplateView.java	native	parameter	right	right	standard	24
shadowlist-fabric	packages/shadowlist-fabric/android/src/main/java/com/shadowlist/ShadowListTemplateView.java	native	variable	top	top	standard	24
shadowlist-fabric	packages/shadowlist-fabric/android/src/main/java/com/shadowlist/ShadowListTemplateView.java	native	parameter	top	top	standard	24
shadowlist-fabric	packages/shadowlist-fabric/android/src/main/java/com/shadowlist/ShadowListTemplateView.java	native	parameter	templateType	templateType	standard	28
shadowlist-fabric	packages/shadowlist-fabric/android/src/main/java/com/shadowlist/ShadowListTemplateViewManager.java	native	parameter	context	context	standard	42
shadowlist-fabric	packages/shadowlist-fabric/android/src/main/java/com/shadowlist/ShadowListTemplateViewManager.java	native	parameter	templateType	templateType	standard	60
shadowlist-fabric	packages/shadowlist-fabric/android/src/main/java/com/shadowlist/ShadowListTemplateViewManager.java	native	parameter	view	view	standard	60
shadowlist-fabric	packages/shadowlist-fabric/android/src/main/java/com/shadowlist/ShadowListView.java	native	parameter	message	message	standard	37
shadowlist-fabric	packages/shadowlist-fabric/android/src/main/java/com/shadowlist/ShadowListView.java	native	constant	SCROLL_PHASE_IDLE	SCROLL_PHASE_IDLE	standard	45
shadowlist-fabric	packages/shadowlist-fabric/android/src/main/java/com/shadowlist/ShadowListView.java	native	constant	SCROLL_PHASE_DRAGGING	SCROLL_PHASE_DRAGGING	standard	46
shadowlist-fabric	packages/shadowlist-fabric/android/src/main/java/com/shadowlist/ShadowListView.java	native	constant	SCROLL_PHASE_SETTLING	SCROLL_PHASE_SETTLING	standard	47
shadowlist-fabric	packages/shadowlist-fabric/android/src/main/java/com/shadowlist/ShadowListView.java	native	variable	mSettleStableFrames	mSettleStableFrames	standard	72
shadowlist-fabric	packages/shadowlist-fabric/android/src/main/java/com/shadowlist/ShadowListView.java	native	variable	mSettleLastScrollX	mSettleLastScrollX	standard	73
shadowlist-fabric	packages/shadowlist-fabric/android/src/main/java/com/shadowlist/ShadowListView.java	native	variable	mSettleLastScrollY	mSettleLastScrollY	standard	74
shadowlist-fabric	packages/shadowlist-fabric/android/src/main/java/com/shadowlist/ShadowListView.java	native	constant	SETTLE_POLL_DELAY_MS	SETTLE_POLL_DELAY_MS	standard	75
shadowlist-fabric	packages/shadowlist-fabric/android/src/main/java/com/shadowlist/ShadowListView.java	native	constant	SETTLE_STABLE_FRAMES	SETTLE_STABLE_FRAMES	standard	76
shadowlist-fabric	packages/shadowlist-fabric/android/src/main/java/com/shadowlist/ShadowListView.java	native	constant	REFRESH_SETTLE_DELAY_MS	REFRESH_SETTLE_DELAY_MS	standard	87
shadowlist-fabric	packages/shadowlist-fabric/android/src/main/java/com/shadowlist/ShadowListView.java	native	variable	mProgrammaticTargetX	mProgrammaticTargetX	standard	92
shadowlist-fabric	packages/shadowlist-fabric/android/src/main/java/com/shadowlist/ShadowListView.java	native	variable	mProgrammaticTargetY	mProgrammaticTargetY	standard	93
shadowlist-fabric	packages/shadowlist-fabric/android/src/main/java/com/shadowlist/ShadowListView.java	native	variable	mArmedToken	mArmedToken	standard	98
shadowlist-fabric	packages/shadowlist-fabric/android/src/main/java/com/shadowlist/ShadowListView.java	native	variable	mEchoedToken	mEchoedToken	standard	100
shadowlist-fabric	packages/shadowlist-fabric/android/src/main/java/com/shadowlist/ShadowListView.java	native	variable	mShiftedToken	mShiftedToken	standard	103
shadowlist-fabric	packages/shadowlist-fabric/android/src/main/java/com/shadowlist/ShadowListView.java	native	variable	mShiftedTokenDelta	mShiftedTokenDelta	standard	104
shadowlist-fabric	packages/shadowlist-fabric/android/src/main/java/com/shadowlist/ShadowListView.java	native	variable	mYieldedToken	mYieldedToken	standard	106
shadowlist-fabric	packages/shadowlist-fabric/android/src/main/java/com/shadowlist/ShadowListView.java	native	variable	mCommandIndex	mCommandIndex	standard	112
shadowlist-fabric	packages/shadowlist-fabric/android/src/main/java/com/shadowlist/ShadowListView.java	native	variable	mCommandSequence	mCommandSequence	standard	113
shadowlist-fabric	packages/shadowlist-fabric/android/src/main/java/com/shadowlist/ShadowListView.java	native	variable	mCommandViewPosition	mCommandViewPosition	standard	115
shadowlist-fabric	packages/shadowlist-fabric/android/src/main/java/com/shadowlist/ShadowListView.java	native	constant	PROGRAMMATIC_SCROLL_TOLERANCE_PX	PROGRAMMATIC_SCROLL_TOLERANCE_PX	standard	119
shadowlist-fabric	packages/shadowlist-fabric/android/src/main/java/com/shadowlist/ShadowListView.java	native	parameter	context	context	standard	122
shadowlist-fabric	packages/shadowlist-fabric/android/src/main/java/com/shadowlist/ShadowListView.java	native	variable	bottom	bottom	standard	127
shadowlist-fabric	packages/shadowlist-fabric/android/src/main/java/com/shadowlist/ShadowListView.java	native	parameter	bottom	bottom	standard	127
shadowlist-fabric	packages/shadowlist-fabric/android/src/main/java/com/shadowlist/ShadowListView.java	native	parameter	changed	changed	standard	127
shadowlist-fabric	packages/shadowlist-fabric/android/src/main/java/com/shadowlist/ShadowListView.java	native	variable	left	left	standard	127
shadowlist-fabric	packages/shadowlist-fabric/android/src/main/java/com/shadowlist/ShadowListView.java	native	parameter	left	left	standard	127
shadowlist-fabric	packages/shadowlist-fabric/android/src/main/java/com/shadowlist/ShadowListView.java	native	variable	right	right	standard	127
shadowlist-fabric	packages/shadowlist-fabric/android/src/main/java/com/shadowlist/ShadowListView.java	native	parameter	right	right	standard	127
shadowlist-fabric	packages/shadowlist-fabric/android/src/main/java/com/shadowlist/ShadowListView.java	native	variable	top	top	standard	127
shadowlist-fabric	packages/shadowlist-fabric/android/src/main/java/com/shadowlist/ShadowListView.java	native	parameter	top	top	standard	127
shadowlist-fabric	packages/shadowlist-fabric/android/src/main/java/com/shadowlist/ShadowListView.java	native	variable	oldScrollX	oldScrollX	standard	141
shadowlist-fabric	packages/shadowlist-fabric/android/src/main/java/com/shadowlist/ShadowListView.java	native	parameter	oldScrollX	oldScrollX	standard	141
shadowlist-fabric	packages/shadowlist-fabric/android/src/main/java/com/shadowlist/ShadowListView.java	native	variable	oldScrollY	oldScrollY	standard	141
shadowlist-fabric	packages/shadowlist-fabric/android/src/main/java/com/shadowlist/ShadowListView.java	native	parameter	oldScrollY	oldScrollY	standard	141
shadowlist-fabric	packages/shadowlist-fabric/android/src/main/java/com/shadowlist/ShadowListView.java	native	variable	scrollX	scrollX	standard	141
shadowlist-fabric	packages/shadowlist-fabric/android/src/main/java/com/shadowlist/ShadowListView.java	native	parameter	scrollX	scrollX	standard	141
shadowlist-fabric	packages/shadowlist-fabric/android/src/main/java/com/shadowlist/ShadowListView.java	native	variable	scrollY	scrollY	standard	141
shadowlist-fabric	packages/shadowlist-fabric/android/src/main/java/com/shadowlist/ShadowListView.java	native	parameter	scrollY	scrollY	standard	141
shadowlist-fabric	packages/shadowlist-fabric/android/src/main/java/com/shadowlist/ShadowListView.java	native	variable	velocityY	velocityY	standard	147
shadowlist-fabric	packages/shadowlist-fabric/android/src/main/java/com/shadowlist/ShadowListView.java	native	parameter	velocityY	velocityY	standard	147
shadowlist-fabric	packages/shadowlist-fabric/android/src/main/java/com/shadowlist/ShadowListView.java	native	parameter	event	event	standard	158
shadowlist-fabric	packages/shadowlist-fabric/android/src/main/java/com/shadowlist/ShadowListView.java	native	variable	action	action	standard	159
shadowlist-fabric	packages/shadowlist-fabric/android/src/main/java/com/shadowlist/ShadowListView.java	native	variable	oldScrollX	oldScrollX	standard	184
shadowlist-fabric	packages/shadowlist-fabric/android/src/main/java/com/shadowlist/ShadowListView.java	native	parameter	oldScrollX	oldScrollX	standard	184
shadowlist-fabric	packages/shadowlist-fabric/android/src/main/java/com/shadowlist/ShadowListView.java	native	variable	oldScrollY	oldScrollY	standard	184
shadowlist-fabric	packages/shadowlist-fabric/android/src/main/java/com/shadowlist/ShadowListView.java	native	parameter	oldScrollY	oldScrollY	standard	184
shadowlist-fabric	packages/shadowlist-fabric/android/src/main/java/com/shadowlist/ShadowListView.java	native	variable	scrollX	scrollX	standard	184
shadowlist-fabric	packages/shadowlist-fabric/android/src/main/java/com/shadowlist/ShadowListView.java	native	parameter	scrollX	scrollX	standard	184
shadowlist-fabric	packages/shadowlist-fabric/android/src/main/java/com/shadowlist/ShadowListView.java	native	variable	scrollY	scrollY	standard	184
shadowlist-fabric	packages/shadowlist-fabric/android/src/main/java/com/shadowlist/ShadowListView.java	native	parameter	scrollY	scrollY	standard	184
shadowlist-fabric	packages/shadowlist-fabric/android/src/main/java/com/shadowlist/ShadowListView.java	native	variable	velocityX	velocityX	standard	190
shadowlist-fabric	packages/shadowlist-fabric/android/src/main/java/com/shadowlist/ShadowListView.java	native	parameter	velocityX	velocityX	standard	190
shadowlist-fabric	packages/shadowlist-fabric/android/src/main/java/com/shadowlist/ShadowListView.java	native	parameter	event	event	standard	201
shadowlist-fabric	packages/shadowlist-fabric/android/src/main/java/com/shadowlist/ShadowListView.java	native	variable	action	action	standard	202
shadowlist-fabric	packages/shadowlist-fabric/android/src/main/java/com/shadowlist/ShadowListView.java	native	parameter	context	context	standard	218
shadowlist-fabric	packages/shadowlist-fabric/android/src/main/java/com/shadowlist/ShadowListView.java	native	parameter	horizontal	horizontal	standard	233
shadowlist-fabric	packages/shadowlist-fabric/android/src/main/java/com/shadowlist/ShadowListView.java	native	parameter	enabled	enabled	standard	288
shadowlist-fabric	packages/shadowlist-fabric/android/src/main/java/com/shadowlist/ShadowListView.java	native	parameter	refreshing	refreshing	standard	295
shadowlist-fabric	packages/shadowlist-fabric/android/src/main/java/com/shadowlist/ShadowListView.java	native	parameter	color	color	standard	330
shadowlist-fabric	packages/shadowlist-fabric/android/src/main/java/com/shadowlist/ShadowListView.java	native	parameter	eventName	eventName	standard	341
shadowlist-fabric	packages/shadowlist-fabric/android/src/main/java/com/shadowlist/ShadowListView.java	native	parameter	child	child	standard	353
shadowlist-fabric	packages/shadowlist-fabric/android/src/main/java/com/shadowlist/ShadowListView.java	native	variable	index	index	standard	353
shadowlist-fabric	packages/shadowlist-fabric/android/src/main/java/com/shadowlist/ShadowListView.java	native	parameter	index	index	standard	353
shadowlist-fabric	packages/shadowlist-fabric/android/src/main/java/com/shadowlist/ShadowListView.java	native	variable	index	index	standard	374
shadowlist-fabric	packages/shadowlist-fabric/android/src/main/java/com/shadowlist/ShadowListView.java	native	parameter	index	index	standard	374
shadowlist-fabric	packages/shadowlist-fabric/android/src/main/java/com/shadowlist/ShadowListView.java	native	variable	index	index	standard	378
shadowlist-fabric	packages/shadowlist-fabric/android/src/main/java/com/shadowlist/ShadowListView.java	native	parameter	index	index	standard	378
shadowlist-fabric	packages/shadowlist-fabric/android/src/main/java/com/shadowlist/ShadowListView.java	native	variable	scrollX	scrollX	standard	391
shadowlist-fabric	packages/shadowlist-fabric/android/src/main/java/com/shadowlist/ShadowListView.java	native	parameter	scrollX	scrollX	standard	391
shadowlist-fabric	packages/shadowlist-fabric/android/src/main/java/com/shadowlist/ShadowListView.java	native	variable	scrollY	scrollY	standard	391
shadowlist-fabric	packages/shadowlist-fabric/android/src/main/java/com/shadowlist/ShadowListView.java	native	parameter	scrollY	scrollY	standard	391
shadowlist-fabric	packages/shadowlist-fabric/android/src/main/java/com/shadowlist/ShadowListView.java	native	variable	scrollPhase	scrollPhase	standard	424
shadowlist-fabric	packages/shadowlist-fabric/android/src/main/java/com/shadowlist/ShadowListView.java	native	parameter	scrollPhase	scrollPhase	standard	424
shadowlist-fabric	packages/shadowlist-fabric/android/src/main/java/com/shadowlist/ShadowListView.java	native	variable	scrollX	scrollX	standard	462
shadowlist-fabric	packages/shadowlist-fabric/android/src/main/java/com/shadowlist/ShadowListView.java	native	variable	scrollY	scrollY	standard	463
shadowlist-fabric	packages/shadowlist-fabric/android/src/main/java/com/shadowlist/ShadowListView.java	native	parameter	snapToItem	snapToItem	standard	477
shadowlist-fabric	packages/shadowlist-fabric/android/src/main/java/com/shadowlist/ShadowListView.java	native	variable	velocity	velocity	standard	482
shadowlist-fabric	packages/shadowlist-fabric/android/src/main/java/com/shadowlist/ShadowListView.java	native	parameter	velocity	velocity	standard	482
shadowlist-fabric	packages/shadowlist-fabric/android/src/main/java/com/shadowlist/ShadowListView.java	native	variable	start	start	standard	487
shadowlist-fabric	packages/shadowlist-fabric/android/src/main/java/com/shadowlist/ShadowListView.java	native	variable	max	max	standard	488
shadowlist-fabric	packages/shadowlist-fabric/android/src/main/java/com/shadowlist/ShadowListView.java	native	variable	predicted	predicted	standard	497
shadowlist-fabric	packages/shadowlist-fabric/android/src/main/java/com/shadowlist/ShadowListView.java	native	variable	target	target	standard	502
shadowlist-fabric	packages/shadowlist-fabric/android/src/main/java/com/shadowlist/ShadowListView.java	native	parameter	target	target	standard	502
shadowlist-fabric	packages/shadowlist-fabric/android/src/main/java/com/shadowlist/ShadowListView.java	native	variable	best	best	standard	503
shadowlist-fabric	packages/shadowlist-fabric/android/src/main/java/com/shadowlist/ShadowListView.java	native	variable	bestDistance	bestDistance	standard	504
shadowlist-fabric	packages/shadowlist-fabric/android/src/main/java/com/shadowlist/ShadowListView.java	native	variable	snapOffset	snapOffset	standard	505
shadowlist-fabric	packages/shadowlist-fabric/android/src/main/java/com/shadowlist/ShadowListView.java	native	variable	candidate	candidate	standard	506
shadowlist-fabric	packages/shadowlist-fabric/android/src/main/java/com/shadowlist/ShadowListView.java	native	variable	distance	distance	standard	507
shadowlist-fabric	packages/shadowlist-fabric/android/src/main/java/com/shadowlist/ShadowListView.java	native	variable	target	target	standard	516
shadowlist-fabric	packages/shadowlist-fabric/android/src/main/java/com/shadowlist/ShadowListView.java	native	parameter	target	target	standard	516
shadowlist-fabric	packages/shadowlist-fabric/android/src/main/java/com/shadowlist/ShadowListView.java	native	variable	targetX	targetX	standard	517
shadowlist-fabric	packages/shadowlist-fabric/android/src/main/java/com/shadowlist/ShadowListView.java	native	variable	targetY	targetY	standard	518
shadowlist-fabric	packages/shadowlist-fabric/android/src/main/java/com/shadowlist/ShadowListView.java	native	variable	current	current	standard	533
shadowlist-fabric	packages/shadowlist-fabric/android/src/main/java/com/shadowlist/ShadowListView.java	native	variable	target	target	standard	534
shadowlist-fabric	packages/shadowlist-fabric/android/src/main/java/com/shadowlist/ShadowListView.java	native	parameter	animated	animated	standard	542
shadowlist-fabric	packages/shadowlist-fabric/android/src/main/java/com/shadowlist/ShadowListView.java	native	variable	targetX	targetX	standard	542
shadowlist-fabric	packages/shadowlist-fabric/android/src/main/java/com/shadowlist/ShadowListView.java	native	parameter	targetX	targetX	standard	542
shadowlist-fabric	packages/shadowlist-fabric/android/src/main/java/com/shadowlist/ShadowListView.java	native	variable	targetY	targetY	standard	542
shadowlist-fabric	packages/shadowlist-fabric/android/src/main/java/com/shadowlist/ShadowListView.java	native	parameter	targetY	targetY	standard	542
shadowlist-fabric	packages/shadowlist-fabric/android/src/main/java/com/shadowlist/ShadowListView.java	native	parameter	animated	animated	standard	546
shadowlist-fabric	packages/shadowlist-fabric/android/src/main/java/com/shadowlist/ShadowListView.java	native	variable	targetX	targetX	standard	546
shadowlist-fabric	packages/shadowlist-fabric/android/src/main/java/com/shadowlist/ShadowListView.java	native	parameter	targetX	targetX	standard	546
shadowlist-fabric	packages/shadowlist-fabric/android/src/main/java/com/shadowlist/ShadowListView.java	native	variable	targetY	targetY	standard	546
shadowlist-fabric	packages/shadowlist-fabric/android/src/main/java/com/shadowlist/ShadowListView.java	native	parameter	targetY	targetY	standard	546
shadowlist-fabric	packages/shadowlist-fabric/android/src/main/java/com/shadowlist/ShadowListView.java	native	variable	token	token	standard	546
shadowlist-fabric	packages/shadowlist-fabric/android/src/main/java/com/shadowlist/ShadowListView.java	native	parameter	token	token	standard	546
shadowlist-fabric	packages/shadowlist-fabric/android/src/main/java/com/shadowlist/ShadowListView.java	native	parameter	dragEnabled	dragEnabled	standard	554
shadowlist-fabric	packages/shadowlist-fabric/android/src/main/java/com/shadowlist/ShadowListView.java	native	parameter	event	event	standard	584
shadowlist-fabric	packages/shadowlist-fabric/android/src/main/java/com/shadowlist/ShadowListView.java	native	parameter	event	event	standard	592
shadowlist-fabric	packages/shadowlist-fabric/android/src/main/java/com/shadowlist/ShadowListView.java	native	parameter	enabled	enabled	standard	599
shadowlist-fabric	packages/shadowlist-fabric/android/src/main/java/com/shadowlist/ShadowListView.java	native	parameter	stickyHeader	stickyHeader	standard	607
shadowlist-fabric	packages/shadowlist-fabric/android/src/main/java/com/shadowlist/ShadowListView.java	native	parameter	stickyFooter	stickyFooter	standard	611
shadowlist-fabric	packages/shadowlist-fabric/android/src/main/java/com/shadowlist/ShadowListView.java	native	parameter	autoHideHeader	autoHideHeader	standard	615
shadowlist-fabric	packages/shadowlist-fabric/android/src/main/java/com/shadowlist/ShadowListView.java	native	parameter	autoHideFooter	autoHideFooter	standard	619
shadowlist-fabric	packages/shadowlist-fabric/android/src/main/java/com/shadowlist/ShadowListView.java	native	parameter	horizontal	horizontal	standard	623
shadowlist-fabric	packages/shadowlist-fabric/android/src/main/java/com/shadowlist/ShadowListView.java	native	variable	scrollX	scrollX	standard	631
shadowlist-fabric	packages/shadowlist-fabric/android/src/main/java/com/shadowlist/ShadowListView.java	native	parameter	scrollX	scrollX	standard	631
shadowlist-fabric	packages/shadowlist-fabric/android/src/main/java/com/shadowlist/ShadowListView.java	native	variable	scrollY	scrollY	standard	631
shadowlist-fabric	packages/shadowlist-fabric/android/src/main/java/com/shadowlist/ShadowListView.java	native	parameter	scrollY	scrollY	standard	631
shadowlist-fabric	packages/shadowlist-fabric/android/src/main/java/com/shadowlist/ShadowListView.java	native	variable	echoToken	echoToken	standard	664
shadowlist-fabric	packages/shadowlist-fabric/android/src/main/java/com/shadowlist/ShadowListView.java	native	variable	scrollPhase	scrollPhase	standard	674
shadowlist-fabric	packages/shadowlist-fabric/android/src/main/java/com/shadowlist/ShadowListView.java	native	parameter	stateWrapper	stateWrapper	standard	689
shadowlist-fabric	packages/shadowlist-fabric/android/src/main/java/com/shadowlist/ShadowListView.java	native	variable	i	i	standard	707
shadowlist-fabric	packages/shadowlist-fabric/android/src/main/java/com/shadowlist/ShadowListView.java	native	variable	totalContainerWidth	totalContainerWidth	standard	725
shadowlist-fabric	packages/shadowlist-fabric/android/src/main/java/com/shadowlist/ShadowListView.java	native	variable	totalContainerHeight	totalContainerHeight	standard	726
shadowlist-fabric	packages/shadowlist-fabric/android/src/main/java/com/shadowlist/ShadowListView.java	native	variable	newContentWidth	newContentWidth	standard	728
shadowlist-fabric	packages/shadowlist-fabric/android/src/main/java/com/shadowlist/ShadowListView.java	native	variable	newContentHeight	newContentHeight	standard	729
shadowlist-fabric	packages/shadowlist-fabric/android/src/main/java/com/shadowlist/ShadowListView.java	native	variable	containerOffsetX	containerOffsetX	standard	738
shadowlist-fabric	packages/shadowlist-fabric/android/src/main/java/com/shadowlist/ShadowListView.java	native	variable	containerOffsetY	containerOffsetY	standard	739
shadowlist-fabric	packages/shadowlist-fabric/android/src/main/java/com/shadowlist/ShadowListView.java	native	variable	appliedX	appliedX	standard	741
shadowlist-fabric	packages/shadowlist-fabric/android/src/main/java/com/shadowlist/ShadowListView.java	native	variable	appliedY	appliedY	standard	742
shadowlist-fabric	packages/shadowlist-fabric/android/src/main/java/com/shadowlist/ShadowListView.java	native	variable	token	token	standard	743
shadowlist-fabric	packages/shadowlist-fabric/android/src/main/java/com/shadowlist/ShadowListView.java	native	variable	yieldToken	yieldToken	standard	747
shadowlist-fabric	packages/shadowlist-fabric/android/src/main/java/com/shadowlist/ShadowListView.java	native	variable	beforeX	beforeX	standard	754
shadowlist-fabric	packages/shadowlist-fabric/android/src/main/java/com/shadowlist/ShadowListView.java	native	variable	beforeY	beforeY	standard	755
shadowlist-fabric	packages/shadowlist-fabric/android/src/main/java/com/shadowlist/ShadowListView.java	native	variable	deltaX	deltaX	standard	774
shadowlist-fabric	packages/shadowlist-fabric/android/src/main/java/com/shadowlist/ShadowListView.java	native	variable	deltaY	deltaY	standard	775
shadowlist-fabric	packages/shadowlist-fabric/android/src/main/java/com/shadowlist/ShadowListView.java	native	variable	shift	shift	standard	777
shadowlist-fabric	packages/shadowlist-fabric/android/src/main/java/com/shadowlist/ShadowListView.java	native	variable	unapplied	unapplied	standard	778
shadowlist-fabric	packages/shadowlist-fabric/android/src/main/java/com/shadowlist/ShadowListView.java	native	parameter	map	map	standard	829
shadowlist-fabric	packages/shadowlist-fabric/android/src/main/java/com/shadowlist/ShadowListView.java	native	parameter	enabled	enabled	standard	836
shadowlist-fabric	packages/shadowlist-fabric/android/src/main/java/com/shadowlist/ShadowListView.java	native	parameter	enabled	enabled	standard	853
shadowlist-fabric	packages/shadowlist-fabric/android/src/main/java/com/shadowlist/ShadowListView.java	native	parameter	map	map	standard	873
shadowlist-fabric	packages/shadowlist-fabric/android/src/main/java/com/shadowlist/ShadowListView.java	native	variable	index	index	standard	898
shadowlist-fabric	packages/shadowlist-fabric/android/src/main/java/com/shadowlist/ShadowListView.java	native	parameter	index	index	standard	898
shadowlist-fabric	packages/shadowlist-fabric/android/src/main/java/com/shadowlist/ShadowListView.java	native	parameter	map	map	standard	898
shadowlist-fabric	packages/shadowlist-fabric/android/src/main/java/com/shadowlist/ShadowListView.java	native	variable	nextSequence	nextSequence	standard	898
shadowlist-fabric	packages/shadowlist-fabric/android/src/main/java/com/shadowlist/ShadowListView.java	native	parameter	nextSequence	nextSequence	standard	898
shadowlist-fabric	packages/shadowlist-fabric/android/src/main/java/com/shadowlist/ShadowListView.java	native	variable	viewPosition	viewPosition	standard	898
shadowlist-fabric	packages/shadowlist-fabric/android/src/main/java/com/shadowlist/ShadowListView.java	native	parameter	viewPosition	viewPosition	standard	898
shadowlist-fabric	packages/shadowlist-fabric/android/src/main/java/com/shadowlist/ShadowListView.java	native	parameter	map	map	standard	908
shadowlist-fabric	packages/shadowlist-fabric/android/src/main/java/com/shadowlist/ShadowListView.java	native	variable	index	index	standard	916
shadowlist-fabric	packages/shadowlist-fabric/android/src/main/java/com/shadowlist/ShadowListView.java	native	parameter	index	index	standard	916
shadowlist-fabric	packages/shadowlist-fabric/android/src/main/java/com/shadowlist/ShadowListView.java	native	variable	viewPosition	viewPosition	standard	916
shadowlist-fabric	packages/shadowlist-fabric/android/src/main/java/com/shadowlist/ShadowListView.java	native	parameter	viewPosition	viewPosition	standard	916
shadowlist-fabric	packages/shadowlist-fabric/android/src/main/java/com/shadowlist/ShadowListView.java	native	variable	nextSequence	nextSequence	standard	922
shadowlist-fabric	packages/shadowlist-fabric/android/src/main/java/com/shadowlist/ShadowListView.java	native	parameter	animated	animated	standard	939
shadowlist-fabric	packages/shadowlist-fabric/android/src/main/java/com/shadowlist/ShadowListView.java	native	variable	offset	offset	standard	939
shadowlist-fabric	packages/shadowlist-fabric/android/src/main/java/com/shadowlist/ShadowListView.java	native	parameter	offset	offset	standard	939
shadowlist-fabric	packages/shadowlist-fabric/android/src/main/java/com/shadowlist/ShadowListView.java	native	variable	offsetPx	offsetPx	standard	941
shadowlist-fabric	packages/shadowlist-fabric/android/src/main/java/com/shadowlist/ShadowListView.java	native	variable	targetX	targetX	standard	942
shadowlist-fabric	packages/shadowlist-fabric/android/src/main/java/com/shadowlist/ShadowListView.java	native	variable	targetY	targetY	standard	943
shadowlist-fabric	packages/shadowlist-fabric/android/src/main/java/com/shadowlist/ShadowListView.java	native	parameter	animated	animated	standard	956
shadowlist-fabric	packages/shadowlist-fabric/android/src/main/java/com/shadowlist/ShadowListView.java	native	variable	nextSequence	nextSequence	standard	963
shadowlist-fabric	packages/shadowlist-fabric/android/src/main/java/com/shadowlist/ShadowListViewManager.java	native	parameter	context	context	standard	50
shadowlist-fabric	packages/shadowlist-fabric/android/src/main/java/com/shadowlist/ShadowListViewManager.java	native	parameter	view	view	standard	55
shadowlist-fabric	packages/shadowlist-fabric/android/src/main/java/com/shadowlist/ShadowListViewManager.java	native	parameter	child	child	standard	63
shadowlist-fabric	packages/shadowlist-fabric/android/src/main/java/com/shadowlist/ShadowListViewManager.java	native	variable	index	index	standard	63
shadowlist-fabric	packages/shadowlist-fabric/android/src/main/java/com/shadowlist/ShadowListViewManager.java	native	parameter	index	index	standard	63
shadowlist-fabric	packages/shadowlist-fabric/android/src/main/java/com/shadowlist/ShadowListViewManager.java	native	parameter	parent	parent	standard	63
shadowlist-fabric	packages/shadowlist-fabric/android/src/main/java/com/shadowlist/ShadowListViewManager.java	native	parameter	parent	parent	standard	68
shadowlist-fabric	packages/shadowlist-fabric/android/src/main/java/com/shadowlist/ShadowListViewManager.java	native	variable	index	index	standard	73
shadowlist-fabric	packages/shadowlist-fabric/android/src/main/java/com/shadowlist/ShadowListViewManager.java	native	parameter	index	index	standard	73
shadowlist-fabric	packages/shadowlist-fabric/android/src/main/java/com/shadowlist/ShadowListViewManager.java	native	parameter	parent	parent	standard	73
shadowlist-fabric	packages/shadowlist-fabric/android/src/main/java/com/shadowlist/ShadowListViewManager.java	native	variable	index	index	standard	78
shadowlist-fabric	packages/shadowlist-fabric/android/src/main/java/com/shadowlist/ShadowListViewManager.java	native	parameter	index	index	standard	78
shadowlist-fabric	packages/shadowlist-fabric/android/src/main/java/com/shadowlist/ShadowListViewManager.java	native	parameter	parent	parent	standard	78
shadowlist-fabric	packages/shadowlist-fabric/android/src/main/java/com/shadowlist/ShadowListViewManager.java	native	parameter	elementsAllKeys	elementsAllKeys	standard	84
shadowlist-fabric	packages/shadowlist-fabric/android/src/main/java/com/shadowlist/ShadowListViewManager.java	native	parameter	view	view	standard	84
shadowlist-fabric	packages/shadowlist-fabric/android/src/main/java/com/shadowlist/ShadowListViewManager.java	native	parameter	inverted	inverted	standard	104
shadowlist-fabric	packages/shadowlist-fabric/android/src/main/java/com/shadowlist/ShadowListViewManager.java	native	parameter	view	view	standard	104
shadowlist-fabric	packages/shadowlist-fabric/android/src/main/java/com/shadowlist/ShadowListViewManager.java	native	parameter	followAppends	followAppends	standard	110
shadowlist-fabric	packages/shadowlist-fabric/android/src/main/java/com/shadowlist/ShadowListViewManager.java	native	parameter	view	view	standard	110
shadowlist-fabric	packages/shadowlist-fabric/android/src/main/java/com/shadowlist/ShadowListViewManager.java	native	parameter	horizontal	horizontal	standard	116
shadowlist-fabric	packages/shadowlist-fabric/android/src/main/java/com/shadowlist/ShadowListViewManager.java	native	parameter	view	view	standard	116
shadowlist-fabric	packages/shadowlist-fabric/android/src/main/java/com/shadowlist/ShadowListViewManager.java	native	parameter	stickyHeader	stickyHeader	standard	122
shadowlist-fabric	packages/shadowlist-fabric/android/src/main/java/com/shadowlist/ShadowListViewManager.java	native	parameter	view	view	standard	122
shadowlist-fabric	packages/shadowlist-fabric/android/src/main/java/com/shadowlist/ShadowListViewManager.java	native	parameter	stickyFooter	stickyFooter	standard	128
shadowlist-fabric	packages/shadowlist-fabric/android/src/main/java/com/shadowlist/ShadowListViewManager.java	native	parameter	view	view	standard	128
shadowlist-fabric	packages/shadowlist-fabric/android/src/main/java/com/shadowlist/ShadowListViewManager.java	native	parameter	autoHideHeader	autoHideHeader	standard	134
shadowlist-fabric	packages/shadowlist-fabric/android/src/main/java/com/shadowlist/ShadowListViewManager.java	native	parameter	view	view	standard	134
shadowlist-fabric	packages/shadowlist-fabric/android/src/main/java/com/shadowlist/ShadowListViewManager.java	native	parameter	autoHideFooter	autoHideFooter	standard	140
shadowlist-fabric	packages/shadowlist-fabric/android/src/main/java/com/shadowlist/ShadowListViewManager.java	native	parameter	view	view	standard	140
shadowlist-fabric	packages/shadowlist-fabric/android/src/main/java/com/shadowlist/ShadowListViewManager.java	native	parameter	dragEnabled	dragEnabled	standard	146
shadowlist-fabric	packages/shadowlist-fabric/android/src/main/java/com/shadowlist/ShadowListViewManager.java	native	parameter	view	view	standard	146
shadowlist-fabric	packages/shadowlist-fabric/android/src/main/java/com/shadowlist/ShadowListViewManager.java	native	parameter	stickyHeaderIndices	stickyHeaderIndices	standard	152
shadowlist-fabric	packages/shadowlist-fabric/android/src/main/java/com/shadowlist/ShadowListViewManager.java	native	parameter	view	view	standard	152
shadowlist-fabric	packages/shadowlist-fabric/android/src/main/java/com/shadowlist/ShadowListViewManager.java	native	parameter	enabled	enabled	standard	157
shadowlist-fabric	packages/shadowlist-fabric/android/src/main/java/com/shadowlist/ShadowListViewManager.java	native	parameter	view	view	standard	157
shadowlist-fabric	packages/shadowlist-fabric/android/src/main/java/com/shadowlist/ShadowListViewManager.java	native	parameter	enabled	enabled	standard	162
shadowlist-fabric	packages/shadowlist-fabric/android/src/main/java/com/shadowlist/ShadowListViewManager.java	native	parameter	view	view	standard	162
shadowlist-fabric	packages/shadowlist-fabric/android/src/main/java/com/shadowlist/ShadowListViewManager.java	native	variable	columns	columns	standard	168
shadowlist-fabric	packages/shadowlist-fabric/android/src/main/java/com/shadowlist/ShadowListViewManager.java	native	parameter	columns	columns	standard	168
shadowlist-fabric	packages/shadowlist-fabric/android/src/main/java/com/shadowlist/ShadowListViewManager.java	native	parameter	view	view	standard	168
shadowlist-fabric	packages/shadowlist-fabric/android/src/main/java/com/shadowlist/ShadowListViewManager.java	native	variable	containerOffsetIndex	containerOffsetIndex	standard	174
shadowlist-fabric	packages/shadowlist-fabric/android/src/main/java/com/shadowlist/ShadowListViewManager.java	native	parameter	containerOffsetIndex	containerOffsetIndex	standard	174
shadowlist-fabric	packages/shadowlist-fabric/android/src/main/java/com/shadowlist/ShadowListViewManager.java	native	parameter	view	view	standard	174
shadowlist-fabric	packages/shadowlist-fabric/android/src/main/java/com/shadowlist/ShadowListViewManager.java	native	parameter	refreshEnabled	refreshEnabled	standard	180
shadowlist-fabric	packages/shadowlist-fabric/android/src/main/java/com/shadowlist/ShadowListViewManager.java	native	parameter	view	view	standard	180
shadowlist-fabric	packages/shadowlist-fabric/android/src/main/java/com/shadowlist/ShadowListViewManager.java	native	parameter	refreshing	refreshing	standard	186
shadowlist-fabric	packages/shadowlist-fabric/android/src/main/java/com/shadowlist/ShadowListViewManager.java	native	parameter	view	view	standard	186
shadowlist-fabric	packages/shadowlist-fabric/android/src/main/java/com/shadowlist/ShadowListViewManager.java	native	parameter	refreshColor	refreshColor	standard	192
shadowlist-fabric	packages/shadowlist-fabric/android/src/main/java/com/shadowlist/ShadowListViewManager.java	native	parameter	view	view	standard	192
shadowlist-fabric	packages/shadowlist-fabric/android/src/main/java/com/shadowlist/ShadowListViewManager.java	native	variable	startReachedThreshold	startReachedThreshold	standard	212
shadowlist-fabric	packages/shadowlist-fabric/android/src/main/java/com/shadowlist/ShadowListViewManager.java	native	parameter	startReachedThreshold	startReachedThreshold	standard	212
shadowlist-fabric	packages/shadowlist-fabric/android/src/main/java/com/shadowlist/ShadowListViewManager.java	native	parameter	view	view	standard	212
shadowlist-fabric	packages/shadowlist-fabric/android/src/main/java/com/shadowlist/ShadowListViewManager.java	native	variable	endReachedThreshold	endReachedThreshold	standard	218
shadowlist-fabric	packages/shadowlist-fabric/android/src/main/java/com/shadowlist/ShadowListViewManager.java	native	parameter	endReachedThreshold	endReachedThreshold	standard	218
shadowlist-fabric	packages/shadowlist-fabric/android/src/main/java/com/shadowlist/ShadowListViewManager.java	native	parameter	view	view	standard	218
shadowlist-fabric	packages/shadowlist-fabric/android/src/main/java/com/shadowlist/ShadowListViewManager.java	native	parameter	view	view	standard	224
shadowlist-fabric	packages/shadowlist-fabric/android/src/main/java/com/shadowlist/ShadowListViewManager.java	native	variable	viewablePercentThreshold	viewablePercentThreshold	standard	224
shadowlist-fabric	packages/shadowlist-fabric/android/src/main/java/com/shadowlist/ShadowListViewManager.java	native	parameter	viewablePercentThreshold	viewablePercentThreshold	standard	224
shadowlist-fabric	packages/shadowlist-fabric/android/src/main/java/com/shadowlist/ShadowListViewManager.java	native	variable	overscan	overscan	standard	230
shadowlist-fabric	packages/shadowlist-fabric/android/src/main/java/com/shadowlist/ShadowListViewManager.java	native	parameter	overscan	overscan	standard	230
shadowlist-fabric	packages/shadowlist-fabric/android/src/main/java/com/shadowlist/ShadowListViewManager.java	native	parameter	view	view	standard	230
shadowlist-fabric	packages/shadowlist-fabric/android/src/main/java/com/shadowlist/ShadowListViewManager.java	native	parameter	scrollEventEnabled	scrollEventEnabled	standard	236
shadowlist-fabric	packages/shadowlist-fabric/android/src/main/java/com/shadowlist/ShadowListViewManager.java	native	parameter	view	view	standard	236
shadowlist-fabric	packages/shadowlist-fabric/android/src/main/java/com/shadowlist/ShadowListViewManager.java	native	parameter	view	view	standard	242
shadowlist-fabric	packages/shadowlist-fabric/android/src/main/java/com/shadowlist/ShadowListViewManager.java	native	parameter	viewableEventEnabled	viewableEventEnabled	standard	242
shadowlist-fabric	packages/shadowlist-fabric/android/src/main/java/com/shadowlist/ShadowListViewManager.java	native	parameter	snapToItem	snapToItem	standard	248
shadowlist-fabric	packages/shadowlist-fabric/android/src/main/java/com/shadowlist/ShadowListViewManager.java	native	parameter	view	view	standard	248
shadowlist-fabric	packages/shadowlist-fabric/android/src/main/java/com/shadowlist/ShadowListViewManager.java	native	variable	snapToAlignment	snapToAlignment	standard	254
shadowlist-fabric	packages/shadowlist-fabric/android/src/main/java/com/shadowlist/ShadowListViewManager.java	native	parameter	snapToAlignment	snapToAlignment	standard	254
shadowlist-fabric	packages/shadowlist-fabric/android/src/main/java/com/shadowlist/ShadowListViewManager.java	native	parameter	view	view	standard	254
shadowlist-fabric	packages/shadowlist-fabric/android/src/main/java/com/shadowlist/ShadowListViewManager.java	native	parameter	nativeListId	nativeListId	standard	260
shadowlist-fabric	packages/shadowlist-fabric/android/src/main/java/com/shadowlist/ShadowListViewManager.java	native	parameter	view	view	standard	260
shadowlist-fabric	packages/shadowlist-fabric/android/src/main/java/com/shadowlist/ShadowListViewManager.java	native	variable	index	index	standard	265
shadowlist-fabric	packages/shadowlist-fabric/android/src/main/java/com/shadowlist/ShadowListViewManager.java	native	parameter	index	index	standard	265
shadowlist-fabric	packages/shadowlist-fabric/android/src/main/java/com/shadowlist/ShadowListViewManager.java	native	parameter	view	view	standard	265
shadowlist-fabric	packages/shadowlist-fabric/android/src/main/java/com/shadowlist/ShadowListViewManager.java	native	variable	viewPosition	viewPosition	standard	265
shadowlist-fabric	packages/shadowlist-fabric/android/src/main/java/com/shadowlist/ShadowListViewManager.java	native	parameter	viewPosition	viewPosition	standard	265
shadowlist-fabric	packages/shadowlist-fabric/android/src/main/java/com/shadowlist/ShadowListViewManager.java	native	parameter	animated	animated	standard	270
shadowlist-fabric	packages/shadowlist-fabric/android/src/main/java/com/shadowlist/ShadowListViewManager.java	native	variable	offset	offset	standard	270
shadowlist-fabric	packages/shadowlist-fabric/android/src/main/java/com/shadowlist/ShadowListViewManager.java	native	parameter	offset	offset	standard	270
shadowlist-fabric	packages/shadowlist-fabric/android/src/main/java/com/shadowlist/ShadowListViewManager.java	native	parameter	view	view	standard	270
shadowlist-fabric	packages/shadowlist-fabric/android/src/main/java/com/shadowlist/ShadowListViewManager.java	native	parameter	animated	animated	standard	275
shadowlist-fabric	packages/shadowlist-fabric/android/src/main/java/com/shadowlist/ShadowListViewManager.java	native	parameter	view	view	standard	275
shadowlist-fabric	packages/shadowlist-fabric/android/src/main/java/com/shadowlist/ShadowListViewPackage.java	native	parameter	reactContext	reactContext	standard	13
shadowlist-fabric	packages/shadowlist-fabric/android/src/main/java/com/shadowlist/ShadowListViewPackage.java	native	parameter	reactContext	reactContext	standard	22
shadowlist-fabric	packages/shadowlist-fabric/cpp/react/renderer/components/ShadowListElementViewSpec/ShadowListElementViewComponentDescriptor.h	native	parameter	shadowNode	shadowNode	standard	16
shadowlist-fabric	packages/shadowlist-fabric/cpp/react/renderer/components/ShadowListElementViewSpec/ShadowListElementViewComponentDescriptor.h	native	variable	registry	registry	standard	22
shadowlist-fabric	packages/shadowlist-fabric/cpp/react/renderer/components/ShadowListTemplateViewSpec/ShadowListTemplateViewComponentDescriptor.h	native	parameter	shadowNode	shadowNode	standard	16
shadowlist-fabric	packages/shadowlist-fabric/cpp/react/renderer/components/ShadowListTemplateViewSpec/ShadowListTemplateViewComponentDescriptor.h	native	variable	registry	registry	standard	22
shadowlist-fabric	packages/shadowlist-fabric/cpp/react/renderer/components/ShadowListViewSpec/ShadowListElementSizeSpec.h	native	constant	DEFAULT_FONT_SIZE	DEFAULT_FONT_SIZE	standard	12
shadowlist-fabric	packages/shadowlist-fabric/cpp/react/renderer/components/ShadowListViewSpec/ShadowListElementSizeSpec.h	native	variable	fontSize	fontSize	standard	18
shadowlist-fabric	packages/shadowlist-fabric/cpp/react/renderer/components/ShadowListViewSpec/ShadowListElementSizeSpec.h	native	variable	lineHeight	lineHeight	standard	21
shadowlist-fabric	packages/shadowlist-fabric/cpp/react/renderer/components/ShadowListViewSpec/ShadowListElementSizeSpec.h	native	variable	letterSpacing	letterSpacing	standard	22
shadowlist-fabric	packages/shadowlist-fabric/cpp/react/renderer/components/ShadowListViewSpec/ShadowListElementSizeSpec.h	native	variable	numberOfLines	numberOfLines	standard	23
shadowlist-fabric	packages/shadowlist-fabric/cpp/react/renderer/components/ShadowListViewSpec/ShadowListElementSizeSpec.h	native	variable	insetWidth	insetWidth	standard	28
shadowlist-fabric	packages/shadowlist-fabric/cpp/react/renderer/components/ShadowListViewSpec/ShadowListElementSizeSpec.h	native	variable	insetHeight	insetHeight	standard	29
shadowlist-fabric	packages/shadowlist-fabric/cpp/react/renderer/components/ShadowListViewSpec/ShadowListElementSizeSpec.h	native	variable	widthFraction	widthFraction	standard	33
shadowlist-fabric	packages/shadowlist-fabric/cpp/react/renderer/components/ShadowListViewSpec/ShadowListElementSizeSpec.h	native	variable	fixedHeight	fixedHeight	standard	36
shadowlist-fabric	packages/shadowlist-fabric/cpp/react/renderer/components/ShadowListViewSpec/ShadowListNativeBinding.h	native	variable	offset	offset	standard	22
shadowlist-fabric	packages/shadowlist-fabric/cpp/react/renderer/components/ShadowListViewSpec/ShadowListNativeBinding.h	native	parameter	path	path	standard	27
shadowlist-fabric	packages/shadowlist-fabric/cpp/react/renderer/components/ShadowListViewSpec/ShadowListNativeBinding.h	native	variable	sign	sign	standard	28
shadowlist-fabric	packages/shadowlist-fabric/cpp/react/renderer/components/ShadowListViewSpec/ShadowListNativeBinding.h	native	variable	value	value	standard	32
shadowlist-fabric	packages/shadowlist-fabric/cpp/react/renderer/components/ShadowListViewSpec/ShadowListNativeBinding.h	native	variable	index	index	standard	33
shadowlist-fabric	packages/shadowlist-fabric/cpp/react/renderer/components/ShadowListViewSpec/ShadowListNativeBinding.h	native	variable	negative	negative	standard	40
shadowlist-fabric	packages/shadowlist-fabric/cpp/react/renderer/components/ShadowListViewSpec/ShadowListNativeBinding.h	native	variable	negate	negate	standard	46
shadowlist-fabric	packages/shadowlist-fabric/cpp/react/renderer/components/ShadowListViewSpec/ShadowListNativeBinding.h	native	variable	format	format	standard	47
shadowlist-fabric	packages/shadowlist-fabric/cpp/react/renderer/components/ShadowListViewSpec/ShadowListNativeBinding.h	native	parameter	path	path	standard	52
shadowlist-fabric	packages/shadowlist-fabric/cpp/react/renderer/components/ShadowListViewSpec/ShadowListNativeBinding.h	native	variable	start	start	standard	54
shadowlist-fabric	packages/shadowlist-fabric/cpp/react/renderer/components/ShadowListViewSpec/ShadowListNativeBinding.h	native	variable	dot	dot	standard	56
shadowlist-fabric	packages/shadowlist-fabric/cpp/react/renderer/components/ShadowListViewSpec/ShadowListNativeBinding.h	native	parameter	source	source	standard	68
shadowlist-fabric	packages/shadowlist-fabric/cpp/react/renderer/components/ShadowListViewSpec/ShadowListNativeBinding.h	native	variable	index	index	standard	73
shadowlist-fabric	packages/shadowlist-fabric/cpp/react/renderer/components/ShadowListViewSpec/ShadowListNativeBinding.h	native	variable	close	close	standard	77
shadowlist-fabric	packages/shadowlist-fabric/cpp/react/renderer/components/ShadowListViewSpec/ShadowListNativeBinding.h	native	variable	inner	inner	standard	86
shadowlist-fabric	packages/shadowlist-fabric/cpp/react/renderer/components/ShadowListViewSpec/ShadowListNativeBinding.h	native	variable	offset	offset	standard	87
shadowlist-fabric	packages/shadowlist-fabric/cpp/react/renderer/components/ShadowListViewSpec/ShadowListNativeBinding.h	native	variable	path	path	standard	88
shadowlist-fabric	packages/shadowlist-fabric/cpp/react/renderer/components/ShadowListViewSpec/ShadowListNativeBinding.h	native	variable	offset	offset	standard	108
shadowlist-fabric	packages/shadowlist-fabric/cpp/react/renderer/components/ShadowListViewSpec/ShadowListNativeBinding.h	native	parameter	source	source	standard	115
shadowlist-fabric	packages/shadowlist-fabric/cpp/react/renderer/components/ShadowListViewSpec/ShadowListNativeBinding.h	native	variable	hexValue	hexValue	standard	116
shadowlist-fabric	packages/shadowlist-fabric/cpp/react/renderer/components/ShadowListViewSpec/ShadowListNativeBinding.h	native	variable	a	a	standard	122
shadowlist-fabric	packages/shadowlist-fabric/cpp/react/renderer/components/ShadowListViewSpec/ShadowListNativeBinding.h	native	variable	b	b	standard	122
shadowlist-fabric	packages/shadowlist-fabric/cpp/react/renderer/components/ShadowListViewSpec/ShadowListNativeBinding.h	native	variable	g	g	standard	122
shadowlist-fabric	packages/shadowlist-fabric/cpp/react/renderer/components/ShadowListViewSpec/ShadowListNativeBinding.h	native	variable	pack	pack	standard	122
shadowlist-fabric	packages/shadowlist-fabric/cpp/react/renderer/components/ShadowListViewSpec/ShadowListNativeBinding.h	native	variable	r	r	standard	122
shadowlist-fabric	packages/shadowlist-fabric/cpp/react/renderer/components/ShadowListViewSpec/ShadowListNativeBinding.h	native	variable	digits	digits	standard	139
shadowlist-fabric	packages/shadowlist-fabric/cpp/react/renderer/components/ShadowListViewSpec/ShadowListNativeBinding.h	native	variable	value	value	standard	142
shadowlist-fabric	packages/shadowlist-fabric/cpp/react/renderer/components/ShadowListViewSpec/ShadowListNativeBinding.h	native	variable	r	r	standard	147
shadowlist-fabric	packages/shadowlist-fabric/cpp/react/renderer/components/ShadowListViewSpec/ShadowListNativeBinding.h	native	variable	a	a	standard	148
shadowlist-fabric	packages/shadowlist-fabric/cpp/react/renderer/components/ShadowListViewSpec/ShadowListNativeBinding.h	native	variable	r	r	standard	152
shadowlist-fabric	packages/shadowlist-fabric/cpp/react/renderer/components/ShadowListViewSpec/ShadowListNativeBinding.h	native	variable	a	a	standard	153
shadowlist-fabric	packages/shadowlist-fabric/cpp/react/renderer/components/ShadowListViewSpec/ShadowListNativeBinding.h	native	variable	rgba	rgba	standard	159
shadowlist-fabric	packages/shadowlist-fabric/cpp/react/renderer/components/ShadowListViewSpec/ShadowListNativeBinding.h	native	variable	rgb	rgb	standard	160
shadowlist-fabric	packages/shadowlist-fabric/cpp/react/renderer/components/ShadowListViewSpec/ShadowListNativeBinding.h	native	variable	body	body	standard	162
shadowlist-fabric	packages/shadowlist-fabric/cpp/react/renderer/components/ShadowListViewSpec/ShadowListNativeBinding.h	native	variable	flush	flush	standard	166
shadowlist-fabric	packages/shadowlist-fabric/cpp/react/renderer/components/ShadowListViewSpec/ShadowListNativeBinding.h	native	variable	first	first	standard	167
shadowlist-fabric	packages/shadowlist-fabric/cpp/react/renderer/components/ShadowListViewSpec/ShadowListNativeBinding.h	native	variable	channel	channel	standard	186
shadowlist-fabric	packages/shadowlist-fabric/cpp/react/renderer/components/ShadowListViewSpec/ShadowListNativeBinding.h	native	variable	value	value	standard	186
shadowlist-fabric	packages/shadowlist-fabric/cpp/react/renderer/components/ShadowListViewSpec/ShadowListNativeBinding.h	native	variable	alpha	alpha	standard	189
shadowlist-fabric	packages/shadowlist-fabric/cpp/react/renderer/components/ShadowListViewSpec/ShadowListNativeBinding.h	native	parameter	prop	prop	standard	196
shadowlist-fabric	packages/shadowlist-fabric/cpp/react/renderer/components/ShadowListViewSpec/ShadowListNativeBinding.h	native	variable	isNull	isNull	standard	206
shadowlist-fabric	packages/shadowlist-fabric/cpp/react/renderer/components/ShadowListViewSpec/ShadowListNativeBinding.h	native	variable	string	string	standard	207
shadowlist-fabric	packages/shadowlist-fabric/cpp/react/renderer/components/ShadowListViewSpec/ShadowListNativeEngine.cpp	native	parameter	prefix	prefix	standard	39
shadowlist-fabric	packages/shadowlist-fabric/cpp/react/renderer/components/ShadowListViewSpec/ShadowListNativeEngine.cpp	native	parameter	value	value	standard	39
shadowlist-fabric	packages/shadowlist-fabric/cpp/react/renderer/components/ShadowListViewSpec/ShadowListNativeEngine.cpp	native	parameter	item	item	standard	43
shadowlist-fabric	packages/shadowlist-fabric/cpp/react/renderer/components/ShadowListViewSpec/ShadowListNativeEngine.cpp	native	parameter	path	path	standard	43
shadowlist-fabric	packages/shadowlist-fabric/cpp/react/renderer/components/ShadowListViewSpec/ShadowListNativeEngine.cpp	native	variable	found	found	standard	48
shadowlist-fabric	packages/shadowlist-fabric/cpp/react/renderer/components/ShadowListViewSpec/ShadowListNativeEngine.cpp	native	variable	index	index	standard	55
shadowlist-fabric	packages/shadowlist-fabric/cpp/react/renderer/components/ShadowListViewSpec/ShadowListNativeEngine.cpp	native	parameter	value	value	standard	67
shadowlist-fabric	packages/shadowlist-fabric/cpp/react/renderer/components/ShadowListViewSpec/ShadowListNativeEngine.cpp	native	parameter	value	value	standard	86
shadowlist-fabric	packages/shadowlist-fabric/cpp/react/renderer/components/ShadowListViewSpec/ShadowListNativeEngine.cpp	native	parameter	item	item	standard	101
shadowlist-fabric	packages/shadowlist-fabric/cpp/react/renderer/components/ShadowListViewSpec/ShadowListNativeEngine.cpp	native	parameter	part	part	standard	101
shadowlist-fabric	packages/shadowlist-fabric/cpp/react/renderer/components/ShadowListViewSpec/ShadowListNativeEngine.cpp	native	variable	sum	sum	standard	106
shadowlist-fabric	packages/shadowlist-fabric/cpp/react/renderer/components/ShadowListViewSpec/ShadowListNativeEngine.cpp	native	variable	whole	whole	standard	107
shadowlist-fabric	packages/shadowlist-fabric/cpp/react/renderer/components/ShadowListViewSpec/ShadowListNativeEngine.cpp	native	parameter	expression	expression	standard	114
shadowlist-fabric	packages/shadowlist-fabric/cpp/react/renderer/components/ShadowListViewSpec/ShadowListNativeEngine.cpp	native	parameter	item	item	standard	114
shadowlist-fabric	packages/shadowlist-fabric/cpp/react/renderer/components/ShadowListViewSpec/ShadowListNativeEngine.cpp	native	variable	value	value	standard	125
shadowlist-fabric	packages/shadowlist-fabric/cpp/react/renderer/components/ShadowListViewSpec/ShadowListNativeEngine.cpp	native	variable	color	color	standard	173
shadowlist-fabric	packages/shadowlist-fabric/cpp/react/renderer/components/ShadowListViewSpec/ShadowListNativeEngine.cpp	native	variable	number	number	standard	177
shadowlist-fabric	packages/shadowlist-fabric/cpp/react/renderer/components/ShadowListViewSpec/ShadowListNativeEngine.cpp	native	variable	number	number	standard	179
shadowlist-fabric	packages/shadowlist-fabric/cpp/react/renderer/components/ShadowListViewSpec/ShadowListNativeEngine.cpp	native	parameter	node	node	standard	187
shadowlist-fabric	packages/shadowlist-fabric/cpp/react/renderer/components/ShadowListViewSpec/ShadowListNativeEngine.cpp	native	variable	index	index	standard	216
shadowlist-fabric	packages/shadowlist-fabric/cpp/react/renderer/components/ShadowListViewSpec/ShadowListNativeEngine.cpp	native	variable	keys	keys	standard	223
shadowlist-fabric	packages/shadowlist-fabric/cpp/react/renderer/components/ShadowListViewSpec/ShadowListNativeEngine.cpp	native	variable	iterator	iterator	standard	232
shadowlist-fabric	packages/shadowlist-fabric/cpp/react/renderer/components/ShadowListViewSpec/ShadowListNativeEngine.cpp	native	variable	scrollToStart	scrollToStart	standard	248
shadowlist-fabric	packages/shadowlist-fabric/cpp/react/renderer/components/ShadowListViewSpec/ShadowListNativeEngine.cpp	native	variable	count	count	standard	266
shadowlist-fabric	packages/shadowlist-fabric/cpp/react/renderer/components/ShadowListViewSpec/ShadowListNativeEngine.cpp	native	variable	index	index	standard	270
shadowlist-fabric	packages/shadowlist-fabric/cpp/react/renderer/components/ShadowListViewSpec/ShadowListNativeEngine.cpp	native	variable	found	found	standard	276
shadowlist-fabric	packages/shadowlist-fabric/cpp/react/renderer/components/ShadowListViewSpec/ShadowListNativeEngine.cpp	native	variable	sameKeys	sameKeys	standard	284
shadowlist-fabric	packages/shadowlist-fabric/cpp/react/renderer/components/ShadowListViewSpec/ShadowListNativeEngine.cpp	native	variable	count	count	standard	301
shadowlist-fabric	packages/shadowlist-fabric/cpp/react/renderer/components/ShadowListViewSpec/ShadowListNativeEngine.cpp	native	variable	scrollToStart	scrollToStart	standard	308
shadowlist-fabric	packages/shadowlist-fabric/cpp/react/renderer/components/ShadowListViewSpec/ShadowListNativeEngine.cpp	native	variable	wasIndexed	wasIndexed	standard	312
shadowlist-fabric	packages/shadowlist-fabric/cpp/react/renderer/components/ShadowListViewSpec/ShadowListNativeEngine.cpp	native	variable	idsChanged	idsChanged	standard	324
shadowlist-fabric	packages/shadowlist-fabric/cpp/react/renderer/components/ShadowListViewSpec/ShadowListNativeEngine.cpp	native	variable	orderChanged	orderChanged	standard	325
shadowlist-fabric	packages/shadowlist-fabric/cpp/react/renderer/components/ShadowListViewSpec/ShadowListNativeEngine.cpp	native	variable	extraCount	extraCount	standard	336
shadowlist-fabric	packages/shadowlist-fabric/cpp/react/renderer/components/ShadowListViewSpec/ShadowListNativeEngine.cpp	native	variable	entry	entry	standard	338
shadowlist-fabric	packages/shadowlist-fabric/cpp/react/renderer/components/ShadowListViewSpec/ShadowListNativeEngine.cpp	native	variable	index	index	standard	339
shadowlist-fabric	packages/shadowlist-fabric/cpp/react/renderer/components/ShadowListViewSpec/ShadowListNativeEngine.cpp	native	variable	previous	previous	standard	346
shadowlist-fabric	packages/shadowlist-fabric/cpp/react/renderer/components/ShadowListViewSpec/ShadowListNativeEngine.cpp	native	variable	positional	positional	standard	364
shadowlist-fabric	packages/shadowlist-fabric/cpp/react/renderer/components/ShadowListViewSpec/ShadowListNativeEngine.cpp	native	variable	wasPositional	wasPositional	standard	365
shadowlist-fabric	packages/shadowlist-fabric/cpp/react/renderer/components/ShadowListViewSpec/ShadowListNativeEngine.cpp	native	variable	keys	keys	standard	367
shadowlist-fabric	packages/shadowlist-fabric/cpp/react/renderer/components/ShadowListViewSpec/ShadowListNativeEngine.cpp	native	variable	reuse	reuse	standard	371
shadowlist-fabric	packages/shadowlist-fabric/cpp/react/renderer/components/ShadowListViewSpec/ShadowListNativeEngine.cpp	native	variable	index	index	standard	373
shadowlist-fabric	packages/shadowlist-fabric/cpp/react/renderer/components/ShadowListViewSpec/ShadowListNativeEngine.cpp	native	variable	index	index	standard	380
shadowlist-fabric	packages/shadowlist-fabric/cpp/react/renderer/components/ShadowListViewSpec/ShadowListNativeEngine.cpp	native	variable	iterator	iterator	standard	393
shadowlist-fabric	packages/shadowlist-fabric/cpp/react/renderer/components/ShadowListViewSpec/ShadowListNativeEngine.cpp	native	variable	index	index	standard	394
shadowlist-fabric	packages/shadowlist-fabric/cpp/react/renderer/components/ShadowListViewSpec/ShadowListNativeEngine.cpp	native	variable	found	found	standard	415
shadowlist-fabric	packages/shadowlist-fabric/cpp/react/renderer/components/ShadowListViewSpec/ShadowListNativeEngine.cpp	native	variable	id	id	standard	420
shadowlist-fabric	packages/shadowlist-fabric/cpp/react/renderer/components/ShadowListViewSpec/ShadowListNativeEngine.cpp	native	variable	found	found	standard	424
shadowlist-fabric	packages/shadowlist-fabric/cpp/react/renderer/components/ShadowListViewSpec/ShadowListNativeEngine.cpp	native	variable	index	index	standard	430
shadowlist-fabric	packages/shadowlist-fabric/cpp/react/renderer/components/ShadowListViewSpec/ShadowListNativeEngine.cpp	native	variable	index	index	standard	444
shadowlist-fabric	packages/shadowlist-fabric/cpp/react/renderer/components/ShadowListViewSpec/ShadowListNativeEngine.cpp	native	variable	extra	extra	standard	445
shadowlist-fabric	packages/shadowlist-fabric/cpp/react/renderer/components/ShadowListViewSpec/ShadowListNativeEngine.cpp	native	variable	index	index	standard	458
shadowlist-fabric	packages/shadowlist-fabric/cpp/react/renderer/components/ShadowListViewSpec/ShadowListNativeEngine.cpp	native	variable	count	count	standard	467
shadowlist-fabric	packages/shadowlist-fabric/cpp/react/renderer/components/ShadowListViewSpec/ShadowListNativeEngine.cpp	native	variable	itemIndex	itemIndex	standard	471
shadowlist-fabric	packages/shadowlist-fabric/cpp/react/renderer/components/ShadowListViewSpec/ShadowListNativeEngine.cpp	native	variable	at	at	standard	482
shadowlist-fabric	packages/shadowlist-fabric/cpp/react/renderer/components/ShadowListViewSpec/ShadowListNativeEngine.cpp	native	variable	replace	replace	standard	497
shadowlist-fabric	packages/shadowlist-fabric/cpp/react/renderer/components/ShadowListViewSpec/ShadowListNativeEngine.cpp	native	variable	index	index	standard	501
shadowlist-fabric	packages/shadowlist-fabric/cpp/react/renderer/components/ShadowListViewSpec/ShadowListNativeEngine.cpp	native	variable	found	found	standard	526
shadowlist-fabric	packages/shadowlist-fabric/cpp/react/renderer/components/ShadowListViewSpec/ShadowListNativeEngine.cpp	native	variable	changed	changed	standard	549
shadowlist-fabric	packages/shadowlist-fabric/cpp/react/renderer/components/ShadowListViewSpec/ShadowListNativeEngine.cpp	native	variable	end	end	standard	556
shadowlist-fabric	packages/shadowlist-fabric/cpp/react/renderer/components/ShadowListViewSpec/ShadowListNativeEngine.cpp	native	variable	toIndex	toIndex	standard	569
shadowlist-fabric	packages/shadowlist-fabric/cpp/react/renderer/components/ShadowListViewSpec/ShadowListNativeEngine.cpp	native	variable	found	found	standard	575
shadowlist-fabric	packages/shadowlist-fabric/cpp/react/renderer/components/ShadowListViewSpec/ShadowListNativeEngine.cpp	native	variable	from	from	standard	579
shadowlist-fabric	packages/shadowlist-fabric/cpp/react/renderer/components/ShadowListViewSpec/ShadowListNativeEngine.cpp	native	variable	to	to	standard	580
shadowlist-fabric	packages/shadowlist-fabric/cpp/react/renderer/components/ShadowListViewSpec/ShadowListNativeEngine.cpp	native	variable	found	found	standard	605
shadowlist-fabric	packages/shadowlist-fabric/cpp/react/renderer/components/ShadowListViewSpec/ShadowListNativeEngine.cpp	native	variable	readCount	readCount	standard	619
shadowlist-fabric	packages/shadowlist-fabric/cpp/react/renderer/components/ShadowListViewSpec/ShadowListNativeEngine.cpp	native	variable	found	found	standard	620
shadowlist-fabric	packages/shadowlist-fabric/cpp/react/renderer/components/ShadowListViewSpec/ShadowListNativeEngine.cpp	native	variable	index	index	standard	636
shadowlist-fabric	packages/shadowlist-fabric/cpp/react/renderer/components/ShadowListViewSpec/ShadowListNativeEngine.cpp	native	variable	found	found	standard	655
shadowlist-fabric	packages/shadowlist-fabric/cpp/react/renderer/components/ShadowListViewSpec/ShadowListNativeEngine.cpp	native	variable	index	index	standard	659
shadowlist-fabric	packages/shadowlist-fabric/cpp/react/renderer/components/ShadowListViewSpec/ShadowListNativeEngine.cpp	native	variable	index	index	standard	674
shadowlist-fabric	packages/shadowlist-fabric/cpp/react/renderer/components/ShadowListViewSpec/ShadowListNativeEngine.cpp	native	variable	viewPosition	viewPosition	standard	674
shadowlist-fabric	packages/shadowlist-fabric/cpp/react/renderer/components/ShadowListViewSpec/ShadowListNativeEngine.cpp	native	variable	keysVersion	keysVersion	standard	682
shadowlist-fabric	packages/shadowlist-fabric/cpp/react/renderer/components/ShadowListViewSpec/ShadowListNativeEngine.cpp	native	variable	due	due	standard	687
shadowlist-fabric	packages/shadowlist-fabric/cpp/react/renderer/components/ShadowListViewSpec/ShadowListNativeEngine.cpp	native	variable	long	long	standard	693
shadowlist-fabric	packages/shadowlist-fabric/cpp/react/renderer/components/ShadowListViewSpec/ShadowListNativeEngine.cpp	native	variable	token	token	standard	706
shadowlist-fabric	packages/shadowlist-fabric/cpp/react/renderer/components/ShadowListViewSpec/ShadowListNativeEngine.cpp	native	variable	state	state	standard	717
shadowlist-fabric	packages/shadowlist-fabric/cpp/react/renderer/components/ShadowListViewSpec/ShadowListNativeEngine.cpp	native	variable	next	next	standard	728
shadowlist-fabric	packages/shadowlist-fabric/cpp/react/renderer/components/ShadowListViewSpec/ShadowListNativeEngine.cpp	native	variable	previous	previous	standard	755
shadowlist-fabric	packages/shadowlist-fabric/cpp/react/renderer/components/ShadowListViewSpec/ShadowListNativeEngine.cpp	native	variable	spec	spec	standard	781
shadowlist-fabric	packages/shadowlist-fabric/cpp/react/renderer/components/ShadowListViewSpec/ShadowListNativeEngine.cpp	native	variable	id	id	standard	782
shadowlist-fabric	packages/shadowlist-fabric/cpp/react/renderer/components/ShadowListViewSpec/ShadowListNativeEngine.cpp	native	variable	action	action	standard	785
shadowlist-fabric	packages/shadowlist-fabric/cpp/react/renderer/components/ShadowListViewSpec/ShadowListNativeEngine.cpp	native	variable	repeat	repeat	standard	788
shadowlist-fabric	packages/shadowlist-fabric/cpp/react/renderer/components/ShadowListViewSpec/ShadowListNativeEngine.cpp	native	variable	repeatMax	repeatMax	standard	790
shadowlist-fabric	packages/shadowlist-fabric/cpp/react/renderer/components/ShadowListViewSpec/ShadowListNativeEngine.cpp	native	variable	bindings	bindings	standard	795
shadowlist-fabric	packages/shadowlist-fabric/cpp/react/renderer/components/ShadowListViewSpec/ShadowListNativeEngine.cpp	native	variable	expression	expression	standard	800
shadowlist-fabric	packages/shadowlist-fabric/cpp/react/renderer/components/ShadowListViewSpec/ShadowListNativeEngine.cpp	native	variable	index	index	standard	814
shadowlist-fabric	packages/shadowlist-fabric/cpp/react/renderer/components/ShadowListViewSpec/ShadowListNativeEngine.cpp	native	variable	existing	existing	standard	845
shadowlist-fabric	packages/shadowlist-fabric/cpp/react/renderer/components/ShadowListViewSpec/ShadowListNativeEngine.cpp	native	variable	iterator	iterator	standard	859
shadowlist-fabric	packages/shadowlist-fabric/cpp/react/renderer/components/ShadowListViewSpec/ShadowListNativeEngine.cpp	native	variable	styles	styles	standard	880
shadowlist-fabric	packages/shadowlist-fabric/cpp/react/renderer/components/ShadowListViewSpec/ShadowListNativeEngine.cpp	native	variable	style	style	standard	882
shadowlist-fabric	packages/shadowlist-fabric/cpp/react/renderer/components/ShadowListViewSpec/ShadowListNativeEngine.cpp	native	variable	accumulated	accumulated	standard	890
shadowlist-fabric	packages/shadowlist-fabric/cpp/react/renderer/components/ShadowListViewSpec/ShadowListNativeEngine.cpp	native	variable	found	found	standard	908
shadowlist-fabric	packages/shadowlist-fabric/cpp/react/renderer/components/ShadowListViewSpec/ShadowListNativeEngine.cpp	native	variable	repeatIndex	repeatIndex	standard	922
shadowlist-fabric	packages/shadowlist-fabric/cpp/react/renderer/components/ShadowListViewSpec/ShadowListNativeEngine.cpp	native	variable	reuse	reuse	standard	941
shadowlist-fabric	packages/shadowlist-fabric/cpp/react/renderer/components/ShadowListViewSpec/ShadowListNativeEngine.cpp	native	variable	text	text	standard	944
shadowlist-fabric	packages/shadowlist-fabric/cpp/react/renderer/components/ShadowListViewSpec/ShadowListNativeEngine.cpp	native	variable	sameChildren	sameChildren	standard	950
shadowlist-fabric	packages/shadowlist-fabric/cpp/react/renderer/components/ShadowListViewSpec/ShadowListNativeEngine.cpp	native	variable	existingChild	existingChild	standard	951
shadowlist-fabric	packages/shadowlist-fabric/cpp/react/renderer/components/ShadowListViewSpec/ShadowListNativeEngine.cpp	native	variable	position	position	standard	951
shadowlist-fabric	packages/shadowlist-fabric/cpp/react/renderer/components/ShadowListViewSpec/ShadowListNativeEngine.cpp	native	variable	entryCount	entryCount	standard	956
shadowlist-fabric	packages/shadowlist-fabric/cpp/react/renderer/components/ShadowListViewSpec/ShadowListNativeEngine.cpp	native	variable	entry	entry	standard	958
shadowlist-fabric	packages/shadowlist-fabric/cpp/react/renderer/components/ShadowListViewSpec/ShadowListNativeEngine.cpp	native	variable	previous	previous	standard	960
shadowlist-fabric	packages/shadowlist-fabric/cpp/react/renderer/components/ShadowListViewSpec/ShadowListNativeEngine.cpp	native	variable	child	child	standard	961
shadowlist-fabric	packages/shadowlist-fabric/cpp/react/renderer/components/ShadowListViewSpec/ShadowListNativeEngine.cpp	native	variable	position	position	standard	972
shadowlist-fabric	packages/shadowlist-fabric/cpp/react/renderer/components/ShadowListViewSpec/ShadowListNativeEngine.cpp	native	variable	index	index	standard	978
shadowlist-fabric	packages/shadowlist-fabric/cpp/react/renderer/components/ShadowListViewSpec/ShadowListNativeEngine.cpp	native	variable	childText	childText	standard	980
shadowlist-fabric	packages/shadowlist-fabric/cpp/react/renderer/components/ShadowListViewSpec/ShadowListNativeEngine.cpp	native	variable	previous	previous	standard	985
shadowlist-fabric	packages/shadowlist-fabric/cpp/react/renderer/components/ShadowListViewSpec/ShadowListNativeEngine.cpp	native	variable	child	child	standard	986
shadowlist-fabric	packages/shadowlist-fabric/cpp/react/renderer/components/ShadowListViewSpec/ShadowListNativeEngine.cpp	native	variable	childList	childList	standard	998
shadowlist-fabric	packages/shadowlist-fabric/cpp/react/renderer/components/ShadowListViewSpec/ShadowListNativeEngine.cpp	native	variable	family	family	standard	1006
shadowlist-fabric	packages/shadowlist-fabric/cpp/react/renderer/components/ShadowListViewSpec/ShadowListNativeEngine.cpp	native	variable	state	state	standard	1008
shadowlist-fabric	packages/shadowlist-fabric/cpp/react/renderer/components/ShadowListViewSpec/ShadowListNativeEngine.cpp	native	variable	childList	childList	standard	1009
shadowlist-fabric	packages/shadowlist-fabric/cpp/react/renderer/components/ShadowListViewSpec/ShadowListNativeEngine.cpp	native	variable	node	node	standard	1010
shadowlist-fabric	packages/shadowlist-fabric/cpp/react/renderer/components/ShadowListViewSpec/ShadowListNativeEngine.cpp	native	variable	rootPropsCurrent	rootPropsCurrent	standard	1019
shadowlist-fabric	packages/shadowlist-fabric/cpp/react/renderer/components/ShadowListViewSpec/ShadowListNativeEngine.cpp	native	variable	inFlow	inFlow	standard	1021
shadowlist-fabric	packages/shadowlist-fabric/cpp/react/renderer/components/ShadowListViewSpec/ShadowListNativeEngine.cpp	native	variable	inverted	inverted	standard	1044
shadowlist-fabric	packages/shadowlist-fabric/cpp/react/renderer/components/ShadowListViewSpec/ShadowListNativeEngine.cpp	native	variable	offset	offset	standard	1055
shadowlist-fabric	packages/shadowlist-fabric/cpp/react/renderer/components/ShadowListViewSpec/ShadowListNativeEngine.cpp	native	variable	elements	elements	standard	1056
shadowlist-fabric	packages/shadowlist-fabric/cpp/react/renderer/components/ShadowListViewSpec/ShadowListNativeEngine.cpp	native	variable	active	active	standard	1057
shadowlist-fabric	packages/shadowlist-fabric/cpp/react/renderer/components/ShadowListViewSpec/ShadowListNativeEngine.cpp	native	variable	activeOffset	activeOffset	standard	1058
shadowlist-fabric	packages/shadowlist-fabric/cpp/react/renderer/components/ShadowListViewSpec/ShadowListNativeEngine.cpp	native	variable	index	index	standard	1059
shadowlist-fabric	packages/shadowlist-fabric/cpp/react/renderer/components/ShadowListViewSpec/ShadowListNativeEngine.cpp	native	variable	elementOffset	elementOffset	standard	1063
shadowlist-fabric	packages/shadowlist-fabric/cpp/react/renderer/components/ShadowListViewSpec/ShadowListNativeEngine.cpp	native	variable	position	position	standard	1077
shadowlist-fabric	packages/shadowlist-fabric/cpp/react/renderer/components/ShadowListViewSpec/ShadowListNativeEngine.cpp	native	variable	extra	extra	standard	1082
shadowlist-fabric	packages/shadowlist-fabric/cpp/react/renderer/components/ShadowListViewSpec/ShadowListNativeEngine.cpp	native	variable	found	found	standard	1088
shadowlist-fabric	packages/shadowlist-fabric/cpp/react/renderer/components/ShadowListViewSpec/ShadowListNativeEngine.cpp	native	variable	sameShape	sameShape	standard	1102
shadowlist-fabric	packages/shadowlist-fabric/cpp/react/renderer/components/ShadowListViewSpec/ShadowListNativeEngine.cpp	native	variable	node	node	standard	1110
shadowlist-fabric	packages/shadowlist-fabric/cpp/react/renderer/components/ShadowListViewSpec/ShadowListNativeEngine.cpp	native	variable	found	found	standard	1127
shadowlist-fabric	packages/shadowlist-fabric/cpp/react/renderer/components/ShadowListViewSpec/ShadowListNativeEngine.cpp	native	variable	keep	keep	standard	1136
shadowlist-fabric	packages/shadowlist-fabric/cpp/react/renderer/components/ShadowListViewSpec/ShadowListNativeEngine.cpp	native	variable	index	index	standard	1147
shadowlist-fabric	packages/shadowlist-fabric/cpp/react/renderer/components/ShadowListViewSpec/ShadowListNativeEngine.cpp	native	variable	found	found	standard	1148
shadowlist-fabric	packages/shadowlist-fabric/cpp/react/renderer/components/ShadowListViewSpec/ShadowListNativeEngine.cpp	native	variable	initialIndex	initialIndex	standard	1164
shadowlist-fabric	packages/shadowlist-fabric/cpp/react/renderer/components/ShadowListViewSpec/ShadowListNativeEngine.cpp	native	variable	inverted	inverted	standard	1165
shadowlist-fabric	packages/shadowlist-fabric/cpp/react/renderer/components/ShadowListViewSpec/ShadowListNativeEngine.cpp	native	variable	contextContainer	contextContainer	standard	1166
shadowlist-fabric	packages/shadowlist-fabric/cpp/react/renderer/components/ShadowListViewSpec/ShadowListNativeEngine.cpp	native	variable	current	current	standard	1179
shadowlist-fabric	packages/shadowlist-fabric/cpp/react/renderer/components/ShadowListViewSpec/ShadowListNativeEngine.cpp	native	variable	rowsAt	rowsAt	standard	1180
shadowlist-fabric	packages/shadowlist-fabric/cpp/react/renderer/components/ShadowListViewSpec/ShadowListNativeEngine.cpp	native	variable	elementProps	elementProps	standard	1182
shadowlist-fabric	packages/shadowlist-fabric/cpp/react/renderer/components/ShadowListViewSpec/ShadowListNativeEngine.cpp	native	variable	templateProps	templateProps	standard	1187
shadowlist-fabric	packages/shadowlist-fabric/cpp/react/renderer/components/ShadowListViewSpec/ShadowListNativeEngine.cpp	native	variable	count	count	standard	1206
shadowlist-fabric	packages/shadowlist-fabric/cpp/react/renderer/components/ShadowListViewSpec/ShadowListNativeEngine.cpp	native	variable	targetLow	targetLow	standard	1207
shadowlist-fabric	packages/shadowlist-fabric/cpp/react/renderer/components/ShadowListViewSpec/ShadowListNativeEngine.cpp	native	variable	targetHigh	targetHigh	standard	1208
shadowlist-fabric	packages/shadowlist-fabric/cpp/react/renderer/components/ShadowListViewSpec/ShadowListNativeEngine.cpp	native	variable	haveTarget	haveTarget	standard	1209
shadowlist-fabric	packages/shadowlist-fabric/cpp/react/renderer/components/ShadowListViewSpec/ShadowListNativeEngine.cpp	native	variable	low	low	standard	1211
shadowlist-fabric	packages/shadowlist-fabric/cpp/react/renderer/components/ShadowListViewSpec/ShadowListNativeEngine.cpp	native	variable	high	high	standard	1212
shadowlist-fabric	packages/shadowlist-fabric/cpp/react/renderer/components/ShadowListViewSpec/ShadowListNativeEngine.cpp	native	variable	measured	measured	standard	1213
shadowlist-fabric	packages/shadowlist-fabric/cpp/react/renderer/components/ShadowListViewSpec/ShadowListNativeEngine.cpp	native	variable	seed	seed	standard	1223
shadowlist-fabric	packages/shadowlist-fabric/cpp/react/renderer/components/ShadowListViewSpec/ShadowListNativeEngine.cpp	native	variable	mountedLow	mountedLow	standard	1238
shadowlist-fabric	packages/shadowlist-fabric/cpp/react/renderer/components/ShadowListViewSpec/ShadowListNativeEngine.cpp	native	variable	mountedHigh	mountedHigh	standard	1239
shadowlist-fabric	packages/shadowlist-fabric/cpp/react/renderer/components/ShadowListViewSpec/ShadowListNativeEngine.cpp	native	variable	mountedCount	mountedCount	standard	1240
shadowlist-fabric	packages/shadowlist-fabric/cpp/react/renderer/components/ShadowListViewSpec/ShadowListNativeEngine.cpp	native	variable	index	index	standard	1242
shadowlist-fabric	packages/shadowlist-fabric/cpp/react/renderer/components/ShadowListViewSpec/ShadowListNativeEngine.cpp	native	variable	contiguous	contiguous	standard	1250
shadowlist-fabric	packages/shadowlist-fabric/cpp/react/renderer/components/ShadowListViewSpec/ShadowListNativeEngine.cpp	native	variable	builtRows	builtRows	standard	1263
shadowlist-fabric	packages/shadowlist-fabric/cpp/react/renderer/components/ShadowListViewSpec/ShadowListNativeEngine.cpp	native	variable	reboundRows	reboundRows	standard	1264
shadowlist-fabric	packages/shadowlist-fabric/cpp/react/renderer/components/ShadowListViewSpec/ShadowListNativeEngine.cpp	native	variable	index	index	standard	1267
shadowlist-fabric	packages/shadowlist-fabric/cpp/react/renderer/components/ShadowListViewSpec/ShadowListNativeEngine.cpp	native	variable	rowPosition	rowPosition	standard	1273
shadowlist-fabric	packages/shadowlist-fabric/cpp/react/renderer/components/ShadowListViewSpec/ShadowListNativeEngine.cpp	native	variable	position	position	standard	1275
shadowlist-fabric	packages/shadowlist-fabric/cpp/react/renderer/components/ShadowListViewSpec/ShadowListNativeEngine.cpp	native	variable	extra	extra	standard	1280
shadowlist-fabric	packages/shadowlist-fabric/cpp/react/renderer/components/ShadowListViewSpec/ShadowListNativeEngine.cpp	native	variable	rowIndex	rowIndex	standard	1285
shadowlist-fabric	packages/shadowlist-fabric/cpp/react/renderer/components/ShadowListViewSpec/ShadowListNativeEngine.cpp	native	variable	mounted	mounted	standard	1298
shadowlist-fabric	packages/shadowlist-fabric/cpp/react/renderer/components/ShadowListViewSpec/ShadowListNativeEngine.cpp	native	variable	existing	existing	standard	1299
shadowlist-fabric	packages/shadowlist-fabric/cpp/react/renderer/components/ShadowListViewSpec/ShadowListNativeEngine.cpp	native	variable	sameShape	sameShape	standard	1307
shadowlist-fabric	packages/shadowlist-fabric/cpp/react/renderer/components/ShadowListViewSpec/ShadowListNativeEngine.cpp	native	variable	node	node	standard	1310
shadowlist-fabric	packages/shadowlist-fabric/cpp/react/renderer/components/ShadowListViewSpec/ShadowListNativeEngine.cpp	native	variable	rowKey	rowKey	standard	1338
shadowlist-fabric	packages/shadowlist-fabric/cpp/react/renderer/components/ShadowListViewSpec/ShadowListNativeEngine.cpp	native	variable	elementProps	elementProps	standard	1339
shadowlist-fabric	packages/shadowlist-fabric/cpp/react/renderer/components/ShadowListViewSpec/ShadowListNativeEngine.cpp	native	variable	hasStickyOverlay	hasStickyOverlay	standard	1348
shadowlist-fabric	packages/shadowlist-fabric/cpp/react/renderer/components/ShadowListViewSpec/ShadowListNativeEngine.cpp	native	variable	templateProps	templateProps	standard	1350
shadowlist-fabric	packages/shadowlist-fabric/cpp/react/renderer/components/ShadowListViewSpec/ShadowListNativeEngine.cpp	native	variable	sticky	sticky	standard	1355
shadowlist-fabric	packages/shadowlist-fabric/cpp/react/renderer/components/ShadowListViewSpec/ShadowListNativeEngine.cpp	native	variable	request	request	standard	1384
shadowlist-fabric	packages/shadowlist-fabric/cpp/react/renderer/components/ShadowListViewSpec/ShadowListNativeEngine.cpp	native	variable	elementProps	elementProps	standard	1396
shadowlist-fabric	packages/shadowlist-fabric/cpp/react/renderer/components/ShadowListViewSpec/ShadowListNativeEngine.cpp	native	variable	found	found	standard	1400
shadowlist-fabric	packages/shadowlist-fabric/cpp/react/renderer/components/ShadowListViewSpec/ShadowListNativeEngine.cpp	native	variable	coverageShort	coverageShort	standard	1408
shadowlist-fabric	packages/shadowlist-fabric/cpp/react/renderer/components/ShadowListViewSpec/ShadowListNativeEngine.cpp	native	variable	windowSize	windowSize	standard	1409
shadowlist-fabric	packages/shadowlist-fabric/cpp/react/renderer/components/ShadowListViewSpec/ShadowListNativeEngine.cpp	native	variable	count	count	standard	1410
shadowlist-fabric	packages/shadowlist-fabric/cpp/react/renderer/components/ShadowListViewSpec/ShadowListNativeEngine.cpp	native	variable	low	low	standard	1414
shadowlist-fabric	packages/shadowlist-fabric/cpp/react/renderer/components/ShadowListViewSpec/ShadowListNativeEngine.cpp	native	variable	high	high	standard	1415
shadowlist-fabric	packages/shadowlist-fabric/cpp/react/renderer/components/ShadowListViewSpec/ShadowListNativeEngine.cpp	native	variable	offset	offset	standard	1419
shadowlist-fabric	packages/shadowlist-fabric/cpp/react/renderer/components/ShadowListViewSpec/ShadowListNativeEngine.cpp	native	variable	margin	margin	standard	1420
shadowlist-fabric	packages/shadowlist-fabric/cpp/react/renderer/components/ShadowListViewSpec/ShadowListNativeEngine.cpp	native	variable	coveredLow	coveredLow	standard	1421
shadowlist-fabric	packages/shadowlist-fabric/cpp/react/renderer/components/ShadowListViewSpec/ShadowListNativeEngine.cpp	native	variable	coveredHigh	coveredHigh	standard	1422
shadowlist-fabric	packages/shadowlist-fabric/cpp/react/renderer/components/ShadowListViewSpec/ShadowListNativeEngine.cpp	native	variable	iterator	iterator	standard	1460
shadowlist-fabric	packages/shadowlist-fabric/cpp/react/renderer/components/ShadowListViewSpec/ShadowListNativeEngine.cpp	native	variable	engine	engine	standard	1470
shadowlist-fabric	packages/shadowlist-fabric/cpp/react/renderer/components/ShadowListViewSpec/ShadowListNativeEngine.cpp	native	variable	found	found	standard	1481
shadowlist-fabric	packages/shadowlist-fabric/cpp/react/renderer/components/ShadowListViewSpec/ShadowListNativeEngine.h	native	parameter	listId	listId	standard	34
shadowlist-fabric	packages/shadowlist-fabric/cpp/react/renderer/components/ShadowListViewSpec/ShadowListNativeEngine.h	native	variable	scrollToStart	scrollToStart	standard	49
shadowlist-fabric	packages/shadowlist-fabric/cpp/react/renderer/components/ShadowListViewSpec/ShadowListNativeEngine.h	native	variable	count	count	standard	61
shadowlist-fabric	packages/shadowlist-fabric/cpp/react/renderer/components/ShadowListViewSpec/ShadowListNativeEngine.h	native	variable	scrollToStart	scrollToStart	standard	68
shadowlist-fabric	packages/shadowlist-fabric/cpp/react/renderer/components/ShadowListViewSpec/ShadowListNativeEngine.h	native	variable	index	index	standard	73
shadowlist-fabric	packages/shadowlist-fabric/cpp/react/renderer/components/ShadowListViewSpec/ShadowListNativeEngine.h	native	parameter	key	key	standard	79
shadowlist-fabric	packages/shadowlist-fabric/cpp/react/renderer/components/ShadowListViewSpec/ShadowListNativeEngine.h	native	parameter	patch	patch	standard	79
shadowlist-fabric	packages/shadowlist-fabric/cpp/react/renderer/components/ShadowListViewSpec/ShadowListNativeEngine.h	native	variable	replace	replace	standard	79
shadowlist-fabric	packages/shadowlist-fabric/cpp/react/renderer/components/ShadowListViewSpec/ShadowListNativeEngine.h	native	parameter	replace	replace	standard	79
shadowlist-fabric	packages/shadowlist-fabric/cpp/react/renderer/components/ShadowListViewSpec/ShadowListNativeEngine.h	native	parameter	templateName	templateName	standard	79
shadowlist-fabric	packages/shadowlist-fabric/cpp/react/renderer/components/ShadowListViewSpec/ShadowListNativeEngine.h	native	parameter	keys	keys	standard	81
shadowlist-fabric	packages/shadowlist-fabric/cpp/react/renderer/components/ShadowListViewSpec/ShadowListNativeEngine.h	native	parameter	key	key	standard	83
shadowlist-fabric	packages/shadowlist-fabric/cpp/react/renderer/components/ShadowListViewSpec/ShadowListNativeEngine.h	native	variable	toIndex	toIndex	standard	83
shadowlist-fabric	packages/shadowlist-fabric/cpp/react/renderer/components/ShadowListViewSpec/ShadowListNativeEngine.h	native	parameter	toIndex	toIndex	standard	83
shadowlist-fabric	packages/shadowlist-fabric/cpp/react/renderer/components/ShadowListViewSpec/ShadowListNativeEngine.h	native	parameter	elementId	elementId	standard	87
shadowlist-fabric	packages/shadowlist-fabric/cpp/react/renderer/components/ShadowListViewSpec/ShadowListNativeEngine.h	native	parameter	style	style	standard	87
shadowlist-fabric	packages/shadowlist-fabric/cpp/react/renderer/components/ShadowListViewSpec/ShadowListNativeEngine.h	native	parameter	templateName	templateName	standard	87
shadowlist-fabric	packages/shadowlist-fabric/cpp/react/renderer/components/ShadowListViewSpec/ShadowListNativeEngine.h	native	parameter	config	config	standard	89
shadowlist-fabric	packages/shadowlist-fabric/cpp/react/renderer/components/ShadowListViewSpec/ShadowListNativeEngine.h	native	parameter	key	key	standard	91
shadowlist-fabric	packages/shadowlist-fabric/cpp/react/renderer/components/ShadowListViewSpec/ShadowListNativeEngine.h	native	variable	index	index	standard	99
shadowlist-fabric	packages/shadowlist-fabric/cpp/react/renderer/components/ShadowListViewSpec/ShadowListNativeEngine.h	native	variable	repeatIndex	repeatIndex	standard	101
shadowlist-fabric	packages/shadowlist-fabric/cpp/react/renderer/components/ShadowListViewSpec/ShadowListNativeEngine.h	native	parameter	tag	tag	standard	106
shadowlist-fabric	packages/shadowlist-fabric/cpp/react/renderer/components/ShadowListViewSpec/ShadowListNativeEngine.h	native	constant	SCROLL_TO_START	SCROLL_TO_START	standard	114
shadowlist-fabric	packages/shadowlist-fabric/cpp/react/renderer/components/ShadowListViewSpec/ShadowListNativeEngine.h	native	variable	index	index	standard	115
shadowlist-fabric	packages/shadowlist-fabric/cpp/react/renderer/components/ShadowListViewSpec/ShadowListNativeEngine.h	native	parameter	index	index	standard	115
shadowlist-fabric	packages/shadowlist-fabric/cpp/react/renderer/components/ShadowListViewSpec/ShadowListNativeEngine.h	native	variable	viewPosition	viewPosition	standard	115
shadowlist-fabric	packages/shadowlist-fabric/cpp/react/renderer/components/ShadowListViewSpec/ShadowListNativeEngine.h	native	parameter	viewPosition	viewPosition	standard	115
shadowlist-fabric	packages/shadowlist-fabric/cpp/react/renderer/components/ShadowListViewSpec/ShadowListNativeEngine.h	native	variable	keys	keys	standard	120
shadowlist-fabric	packages/shadowlist-fabric/cpp/react/renderer/components/ShadowListViewSpec/ShadowListNativeEngine.h	native	variable	version	version	standard	121
shadowlist-fabric	packages/shadowlist-fabric/cpp/react/renderer/components/ShadowListViewSpec/ShadowListNativeEngine.h	native	parameter	state	state	standard	128
shadowlist-fabric	packages/shadowlist-fabric/cpp/react/renderer/components/ShadowListViewSpec/ShadowListNativeEngine.h	native	variable	initialIndex	initialIndex	standard	139
shadowlist-fabric	packages/shadowlist-fabric/cpp/react/renderer/components/ShadowListViewSpec/ShadowListNativeEngine.h	native	variable	inverted	inverted	standard	140
shadowlist-fabric	packages/shadowlist-fabric/cpp/react/renderer/components/ShadowListViewSpec/ShadowListNativeEngine.h	native	parameter	core	core	standard	143
shadowlist-fabric	packages/shadowlist-fabric/cpp/react/renderer/components/ShadowListViewSpec/ShadowListNativeEngine.h	native	parameter	listNode	listNode	standard	143
shadowlist-fabric	packages/shadowlist-fabric/cpp/react/renderer/components/ShadowListViewSpec/ShadowListNativeEngine.h	native	parameter	core	core	standard	147
shadowlist-fabric	packages/shadowlist-fabric/cpp/react/renderer/components/ShadowListViewSpec/ShadowListNativeEngine.h	native	variable	keysVersion	keysVersion	standard	147
shadowlist-fabric	packages/shadowlist-fabric/cpp/react/renderer/components/ShadowListViewSpec/ShadowListNativeEngine.h	native	parameter	keysVersion	keysVersion	standard	147
shadowlist-fabric	packages/shadowlist-fabric/cpp/react/renderer/components/ShadowListViewSpec/ShadowListNativeEngine.h	native	variable	token	token	standard	152
shadowlist-fabric	packages/shadowlist-fabric/cpp/react/renderer/components/ShadowListViewSpec/ShadowListNativeEngine.h	native	parameter	token	token	standard	152
shadowlist-fabric	packages/shadowlist-fabric/cpp/react/renderer/components/ShadowListViewSpec/ShadowListNativeEngine.h	native	variable	version	version	standard	160
shadowlist-fabric	packages/shadowlist-fabric/cpp/react/renderer/components/ShadowListViewSpec/ShadowListNativeEngine.h	native	variable	prototype	prototype	standard	164
shadowlist-fabric	packages/shadowlist-fabric/cpp/react/renderer/components/ShadowListViewSpec/ShadowListNativeEngine.h	native	variable	text	text	standard	167
shadowlist-fabric	packages/shadowlist-fabric/cpp/react/renderer/components/ShadowListViewSpec/ShadowListNativeEngine.h	native	variable	repeat	repeat	standard	170
shadowlist-fabric	packages/shadowlist-fabric/cpp/react/renderer/components/ShadowListViewSpec/ShadowListNativeEngine.h	native	variable	repeatMax	repeatMax	standard	171
shadowlist-fabric	packages/shadowlist-fabric/cpp/react/renderer/components/ShadowListViewSpec/ShadowListNativeEngine.h	native	variable	keepNativeId	keepNativeId	standard	172
shadowlist-fabric	packages/shadowlist-fabric/cpp/react/renderer/components/ShadowListViewSpec/ShadowListNativeEngine.h	native	variable	isRawText	isRawText	standard	173
shadowlist-fabric	packages/shadowlist-fabric/cpp/react/renderer/components/ShadowListViewSpec/ShadowListNativeEngine.h	native	variable	version	version	standard	186
shadowlist-fabric	packages/shadowlist-fabric/cpp/react/renderer/components/ShadowListViewSpec/ShadowListNativeEngine.h	native	variable	shapeVersion	shapeVersion	standard	187
shadowlist-fabric	packages/shadowlist-fabric/cpp/react/renderer/components/ShadowListViewSpec/ShadowListNativeEngine.h	native	variable	basePropsStale	basePropsStale	standard	188
shadowlist-fabric	packages/shadowlist-fabric/cpp/react/renderer/components/ShadowListViewSpec/ShadowListNativeEngine.h	native	variable	node	node	standard	192
shadowlist-fabric	packages/shadowlist-fabric/cpp/react/renderer/components/ShadowListViewSpec/ShadowListNativeEngine.h	native	variable	rowVersion	rowVersion	standard	193
shadowlist-fabric	packages/shadowlist-fabric/cpp/react/renderer/components/ShadowListViewSpec/ShadowListNativeEngine.h	native	variable	templateVersion	templateVersion	standard	195
shadowlist-fabric	packages/shadowlist-fabric/cpp/react/renderer/components/ShadowListViewSpec/ShadowListNativeEngine.h	native	variable	shapeVersion	shapeVersion	standard	196
shadowlist-fabric	packages/shadowlist-fabric/cpp/react/renderer/components/ShadowListViewSpec/ShadowListNativeEngine.h	native	variable	usedAt	usedAt	standard	197
shadowlist-fabric	packages/shadowlist-fabric/cpp/react/renderer/components/ShadowListViewSpec/ShadowListNativeEngine.h	native	variable	version	version	standard	203
shadowlist-fabric	packages/shadowlist-fabric/cpp/react/renderer/components/ShadowListViewSpec/ShadowListNativeEngine.h	native	parameter	key	key	standard	206
shadowlist-fabric	packages/shadowlist-fabric/cpp/react/renderer/components/ShadowListViewSpec/ShadowListNativeEngine.h	native	variable	index	index	standard	207
shadowlist-fabric	packages/shadowlist-fabric/cpp/react/renderer/components/ShadowListViewSpec/ShadowListNativeEngine.h	native	parameter	index	index	standard	207
shadowlist-fabric	packages/shadowlist-fabric/cpp/react/renderer/components/ShadowListViewSpec/ShadowListNativeEngine.h	native	parameter	container	container	standard	213
shadowlist-fabric	packages/shadowlist-fabric/cpp/react/renderer/components/ShadowListViewSpec/ShadowListNativeEngine.h	native	parameter	context	context	standard	213
shadowlist-fabric	packages/shadowlist-fabric/cpp/react/renderer/components/ShadowListViewSpec/ShadowListNativeEngine.h	native	parameter	element	element	standard	214
shadowlist-fabric	packages/shadowlist-fabric/cpp/react/renderer/components/ShadowListViewSpec/ShadowListNativeEngine.h	native	parameter	node	node	standard	214
shadowlist-fabric	packages/shadowlist-fabric/cpp/react/renderer/components/ShadowListViewSpec/ShadowListNativeEngine.h	native	parameter	shape	shape	standard	214
shadowlist-fabric	packages/shadowlist-fabric/cpp/react/renderer/components/ShadowListViewSpec/ShadowListNativeEngine.h	native	parameter	signature	signature	standard	214
shadowlist-fabric	packages/shadowlist-fabric/cpp/react/renderer/components/ShadowListViewSpec/ShadowListNativeEngine.h	native	parameter	compiled	compiled	standard	215
shadowlist-fabric	packages/shadowlist-fabric/cpp/react/renderer/components/ShadowListViewSpec/ShadowListNativeEngine.h	native	parameter	context	context	standard	215
shadowlist-fabric	packages/shadowlist-fabric/cpp/react/renderer/components/ShadowListViewSpec/ShadowListNativeEngine.h	native	parameter	context	context	standard	216
shadowlist-fabric	packages/shadowlist-fabric/cpp/react/renderer/components/ShadowListViewSpec/ShadowListNativeEngine.h	native	parameter	element	element	standard	216
shadowlist-fabric	packages/shadowlist-fabric/cpp/react/renderer/components/ShadowListViewSpec/ShadowListNativeEngine.h	native	parameter	templateName	templateName	standard	216
shadowlist-fabric	packages/shadowlist-fabric/cpp/react/renderer/components/ShadowListViewSpec/ShadowListNativeEngine.h	native	parameter	name	name	standard	217
shadowlist-fabric	packages/shadowlist-fabric/cpp/react/renderer/components/ShadowListViewSpec/ShadowListNativeEngine.h	native	variable	rootPropsCurrent	rootPropsCurrent	standard	223
shadowlist-fabric	packages/shadowlist-fabric/cpp/react/renderer/components/ShadowListViewSpec/ShadowListNativeEngine.h	native	variable	inFlow	inFlow	standard	225
shadowlist-fabric	packages/shadowlist-fabric/cpp/react/renderer/components/ShadowListViewSpec/ShadowListNativeEngine.h	native	variable	inverted	inverted	standard	232
shadowlist-fabric	packages/shadowlist-fabric/cpp/react/renderer/components/ShadowListViewSpec/ShadowListNativeEngine.h	native	variable	repeatIndex	repeatIndex	standard	242
shadowlist-fabric	packages/shadowlist-fabric/cpp/react/renderer/components/ShadowListViewSpec/ShadowListNativeEngine.h	native	parameter	key	key	standard	245
shadowlist-fabric	packages/shadowlist-fabric/cpp/react/renderer/components/ShadowListViewSpec/ShadowListNativeEngine.h	native	parameter	node	node	standard	245
shadowlist-fabric	packages/shadowlist-fabric/cpp/react/renderer/components/ShadowListViewSpec/ShadowListNativeEngine.h	native	variable	keep	keep	standard	246
shadowlist-fabric	packages/shadowlist-fabric/cpp/react/renderer/components/ShadowListViewSpec/ShadowListNativeEngine.h	native	parameter	keep	keep	standard	246
shadowlist-fabric	packages/shadowlist-fabric/cpp/react/renderer/components/ShadowListViewSpec/ShadowListNativeEngine.h	native	variable	indexed_	indexed_	standard	255
shadowlist-fabric	packages/shadowlist-fabric/cpp/react/renderer/components/ShadowListViewSpec/ShadowListNativeEngine.h	native	variable	indexedCount_	indexedCount_	standard	256
shadowlist-fabric	packages/shadowlist-fabric/cpp/react/renderer/components/ShadowListViewSpec/ShadowListNativeEngine.h	native	variable	indexedEpoch_	indexedEpoch_	standard	265
shadowlist-fabric	packages/shadowlist-fabric/cpp/react/renderer/components/ShadowListViewSpec/ShadowListNativeEngine.h	native	variable	keys_	keys_	standard	266
shadowlist-fabric	packages/shadowlist-fabric/cpp/react/renderer/components/ShadowListViewSpec/ShadowListNativeEngine.h	native	variable	keysVersion_	keysVersion_	standard	267
shadowlist-fabric	packages/shadowlist-fabric/cpp/react/renderer/components/ShadowListViewSpec/ShadowListNativeEngine.h	native	variable	nextRowVersion_	nextRowVersion_	standard	268
shadowlist-fabric	packages/shadowlist-fabric/cpp/react/renderer/components/ShadowListViewSpec/ShadowListNativeEngine.h	native	variable	templatesContainerHold_	templatesContainerHold_	standard	273
shadowlist-fabric	packages/shadowlist-fabric/cpp/react/renderer/components/ShadowListViewSpec/ShadowListNativeEngine.h	native	variable	nextTemplateVersion_	nextTemplateVersion_	standard	275
shadowlist-fabric	packages/shadowlist-fabric/cpp/react/renderer/components/ShadowListViewSpec/ShadowListNativeEngine.h	native	variable	repeatIndex	repeatIndex	standard	292
shadowlist-fabric	packages/shadowlist-fabric/cpp/react/renderer/components/ShadowListViewSpec/ShadowListNativeEngine.h	native	variable	clock_	clock_	standard	295
shadowlist-fabric	packages/shadowlist-fabric/cpp/react/renderer/components/ShadowListViewSpec/ShadowListNativeEngine.h	native	variable	mountedCount_	mountedCount_	standard	300
shadowlist-fabric	packages/shadowlist-fabric/cpp/react/renderer/components/ShadowListViewSpec/ShadowListNativeEngine.h	native	variable	storeVersion_	storeVersion_	standard	305
shadowlist-fabric	packages/shadowlist-fabric/cpp/react/renderer/components/ShadowListViewSpec/ShadowListNativeEngine.h	native	variable	reconciledVersion_	reconciledVersion_	standard	306
shadowlist-fabric	packages/shadowlist-fabric/cpp/react/renderer/components/ShadowListViewSpec/ShadowListNativeEngine.h	native	variable	laidOutVersion_	laidOutVersion_	standard	307
shadowlist-fabric	packages/shadowlist-fabric/cpp/react/renderer/components/ShadowListViewSpec/ShadowListNativeEngine.h	native	variable	index	index	standard	309
shadowlist-fabric	packages/shadowlist-fabric/cpp/react/renderer/components/ShadowListViewSpec/ShadowListNativeEngine.h	native	variable	viewPosition	viewPosition	standard	310
shadowlist-fabric	packages/shadowlist-fabric/cpp/react/renderer/components/ShadowListViewSpec/ShadowListNativeEngine.h	native	variable	afterVersion	afterVersion	standard	311
shadowlist-fabric	packages/shadowlist-fabric/cpp/react/renderer/components/ShadowListViewSpec/ShadowListNativeEngine.h	native	variable	withKeysVersion	withKeysVersion	standard	313
shadowlist-fabric	packages/shadowlist-fabric/cpp/react/renderer/components/ShadowListViewSpec/ShadowListNativeEngine.h	native	variable	pendingScroll_	pendingScroll_	standard	315
shadowlist-fabric	packages/shadowlist-fabric/cpp/react/renderer/components/ShadowListViewSpec/ShadowListNativeEngine.h	native	variable	momentumYieldToken_	momentumYieldToken_	standard	316
shadowlist-fabric	packages/shadowlist-fabric/cpp/react/renderer/components/ShadowListViewSpec/ShadowListNativeEngine.h	native	variable	initialRows_	initialRows_	standard	318
shadowlist-fabric	packages/shadowlist-fabric/cpp/react/renderer/components/ShadowListViewSpec/ShadowListNativeEngine.h	native	variable	padRows_	padRows_	standard	319
shadowlist-fabric	packages/shadowlist-fabric/cpp/react/renderer/components/ShadowListViewSpec/ShadowListNativeEngine.h	native	variable	cacheRows_	cacheRows_	standard	320
shadowlist-fabric	packages/shadowlist-fabric/cpp/react/renderer/components/ShadowListViewSpec/ShadowListNativeEngine.h	native	variable	state_	state_	standard	324
shadowlist-fabric	packages/shadowlist-fabric/cpp/react/renderer/components/ShadowListViewSpec/ShadowListNativeEngine.h	native	parameter	listId	listId	standard	332
shadowlist-fabric	packages/shadowlist-fabric/cpp/react/renderer/components/ShadowListViewSpec/ShadowListNativeEngine.h	native	parameter	listId	listId	standard	333
shadowlist-fabric	packages/shadowlist-fabric/cpp/react/renderer/components/ShadowListViewSpec/ShadowListNativeEngine.h	native	parameter	listId	listId	standard	335
shadowlist-fabric	packages/shadowlist-fabric/cpp/react/renderer/components/ShadowListViewSpec/ShadowListNativeJSI.cpp	native	parameter	arguments	arguments	standard	25
shadowlist-fabric	packages/shadowlist-fabric/cpp/react/renderer/components/ShadowListViewSpec/ShadowListNativeJSI.cpp	native	variable	count	count	standard	25
shadowlist-fabric	packages/shadowlist-fabric/cpp/react/renderer/components/ShadowListViewSpec/ShadowListNativeJSI.cpp	native	parameter	count	count	standard	25
shadowlist-fabric	packages/shadowlist-fabric/cpp/react/renderer/components/ShadowListViewSpec/ShadowListNativeJSI.cpp	native	variable	index	index	standard	25
shadowlist-fabric	packages/shadowlist-fabric/cpp/react/renderer/components/ShadowListViewSpec/ShadowListNativeJSI.cpp	native	parameter	index	index	standard	25
shadowlist-fabric	packages/shadowlist-fabric/cpp/react/renderer/components/ShadowListViewSpec/ShadowListNativeJSI.cpp	native	parameter	runtime	runtime	standard	25
shadowlist-fabric	packages/shadowlist-fabric/cpp/react/renderer/components/ShadowListViewSpec/ShadowListNativeJSI.cpp	native	parameter	arguments	arguments	standard	32
shadowlist-fabric	packages/shadowlist-fabric/cpp/react/renderer/components/ShadowListViewSpec/ShadowListNativeJSI.cpp	native	variable	count	count	standard	32
shadowlist-fabric	packages/shadowlist-fabric/cpp/react/renderer/components/ShadowListViewSpec/ShadowListNativeJSI.cpp	native	parameter	count	count	standard	32
shadowlist-fabric	packages/shadowlist-fabric/cpp/react/renderer/components/ShadowListViewSpec/ShadowListNativeJSI.cpp	native	variable	index	index	standard	32
shadowlist-fabric	packages/shadowlist-fabric/cpp/react/renderer/components/ShadowListViewSpec/ShadowListNativeJSI.cpp	native	parameter	index	index	standard	32
shadowlist-fabric	packages/shadowlist-fabric/cpp/react/renderer/components/ShadowListViewSpec/ShadowListNativeJSI.cpp	native	parameter	runtime	runtime	standard	32
shadowlist-fabric	packages/shadowlist-fabric/cpp/react/renderer/components/ShadowListViewSpec/ShadowListNativeJSI.cpp	native	variable	object	object	standard	37
shadowlist-fabric	packages/shadowlist-fabric/cpp/react/renderer/components/ShadowListViewSpec/ShadowListNativeJSI.cpp	native	variable	array	array	standard	41
shadowlist-fabric	packages/shadowlist-fabric/cpp/react/renderer/components/ShadowListViewSpec/ShadowListNativeJSI.cpp	native	variable	size	size	standard	42
shadowlist-fabric	packages/shadowlist-fabric/cpp/react/renderer/components/ShadowListViewSpec/ShadowListNativeJSI.cpp	native	variable	item	item	standard	44
shadowlist-fabric	packages/shadowlist-fabric/cpp/react/renderer/components/ShadowListViewSpec/ShadowListNativeJSI.cpp	native	variable	value	value	standard	45
shadowlist-fabric	packages/shadowlist-fabric/cpp/react/renderer/components/ShadowListViewSpec/ShadowListNativeJSI.cpp	native	parameter	arguments	arguments	standard	51
shadowlist-fabric	packages/shadowlist-fabric/cpp/react/renderer/components/ShadowListViewSpec/ShadowListNativeJSI.cpp	native	variable	count	count	standard	51
shadowlist-fabric	packages/shadowlist-fabric/cpp/react/renderer/components/ShadowListViewSpec/ShadowListNativeJSI.cpp	native	parameter	count	count	standard	51
shadowlist-fabric	packages/shadowlist-fabric/cpp/react/renderer/components/ShadowListViewSpec/ShadowListNativeJSI.cpp	native	variable	index	index	standard	51
shadowlist-fabric	packages/shadowlist-fabric/cpp/react/renderer/components/ShadowListViewSpec/ShadowListNativeJSI.cpp	native	parameter	index	index	standard	51
shadowlist-fabric	packages/shadowlist-fabric/cpp/react/renderer/components/ShadowListViewSpec/ShadowListNativeJSI.cpp	native	parameter	runtime	runtime	standard	51
shadowlist-fabric	packages/shadowlist-fabric/cpp/react/renderer/components/ShadowListViewSpec/ShadowListNativeJSI.cpp	native	variable	count	count	standard	63
shadowlist-fabric	packages/shadowlist-fabric/cpp/react/renderer/components/ShadowListViewSpec/ShadowListNativeJSI.cpp	native	variable	index	index	standard	64
shadowlist-fabric	packages/shadowlist-fabric/cpp/react/renderer/components/ShadowListViewSpec/ShadowListNativeJSI.cpp	native	variable	view	view	standard	69
shadowlist-fabric	packages/shadowlist-fabric/cpp/react/renderer/components/ShadowListViewSpec/ShadowListNativeJSI.cpp	native	variable	bufferValue	bufferValue	standard	70
shadowlist-fabric	packages/shadowlist-fabric/cpp/react/renderer/components/ShadowListViewSpec/ShadowListNativeJSI.cpp	native	variable	bufferObject	bufferObject	standard	74
shadowlist-fabric	packages/shadowlist-fabric/cpp/react/renderer/components/ShadowListViewSpec/ShadowListNativeJSI.cpp	native	variable	buffer	buffer	standard	78
shadowlist-fabric	packages/shadowlist-fabric/cpp/react/renderer/components/ShadowListViewSpec/ShadowListNativeJSI.cpp	native	variable	offsetValue	offsetValue	standard	79
shadowlist-fabric	packages/shadowlist-fabric/cpp/react/renderer/components/ShadowListViewSpec/ShadowListNativeJSI.cpp	native	variable	lengthValue	lengthValue	standard	80
shadowlist-fabric	packages/shadowlist-fabric/cpp/react/renderer/components/ShadowListViewSpec/ShadowListNativeJSI.cpp	native	variable	bytesValue	bytesValue	standard	81
shadowlist-fabric	packages/shadowlist-fabric/cpp/react/renderer/components/ShadowListViewSpec/ShadowListNativeJSI.cpp	native	variable	offsetNumber	offsetNumber	standard	86
shadowlist-fabric	packages/shadowlist-fabric/cpp/react/renderer/components/ShadowListViewSpec/ShadowListNativeJSI.cpp	native	variable	lengthNumber	lengthNumber	standard	87
shadowlist-fabric	packages/shadowlist-fabric/cpp/react/renderer/components/ShadowListViewSpec/ShadowListNativeJSI.cpp	native	variable	bufferSize	bufferSize	standard	88
shadowlist-fabric	packages/shadowlist-fabric/cpp/react/renderer/components/ShadowListViewSpec/ShadowListNativeJSI.cpp	native	variable	offset	offset	standard	92
shadowlist-fabric	packages/shadowlist-fabric/cpp/react/renderer/components/ShadowListViewSpec/ShadowListNativeJSI.cpp	native	variable	length	length	standard	93
shadowlist-fabric	packages/shadowlist-fabric/cpp/react/renderer/components/ShadowListViewSpec/ShadowListNativeJSI.cpp	native	parameter	arguments	arguments	standard	99
shadowlist-fabric	packages/shadowlist-fabric/cpp/react/renderer/components/ShadowListViewSpec/ShadowListNativeJSI.cpp	native	variable	count	count	standard	99
shadowlist-fabric	packages/shadowlist-fabric/cpp/react/renderer/components/ShadowListViewSpec/ShadowListNativeJSI.cpp	native	parameter	count	count	standard	99
shadowlist-fabric	packages/shadowlist-fabric/cpp/react/renderer/components/ShadowListViewSpec/ShadowListNativeJSI.cpp	native	variable	fallback	fallback	standard	99
shadowlist-fabric	packages/shadowlist-fabric/cpp/react/renderer/components/ShadowListViewSpec/ShadowListNativeJSI.cpp	native	parameter	fallback	fallback	standard	99
shadowlist-fabric	packages/shadowlist-fabric/cpp/react/renderer/components/ShadowListViewSpec/ShadowListNativeJSI.cpp	native	variable	index	index	standard	99
shadowlist-fabric	packages/shadowlist-fabric/cpp/react/renderer/components/ShadowListViewSpec/ShadowListNativeJSI.cpp	native	parameter	index	index	standard	99
shadowlist-fabric	packages/shadowlist-fabric/cpp/react/renderer/components/ShadowListViewSpec/ShadowListNativeJSI.cpp	native	variable	fallback	fallback	standard	105
shadowlist-fabric	packages/shadowlist-fabric/cpp/react/renderer/components/ShadowListViewSpec/ShadowListNativeJSI.cpp	native	parameter	fallback	fallback	standard	105
shadowlist-fabric	packages/shadowlist-fabric/cpp/react/renderer/components/ShadowListViewSpec/ShadowListNativeJSI.cpp	native	variable	limit	limit	standard	105
shadowlist-fabric	packages/shadowlist-fabric/cpp/react/renderer/components/ShadowListViewSpec/ShadowListNativeJSI.cpp	native	parameter	limit	limit	standard	105
shadowlist-fabric	packages/shadowlist-fabric/cpp/react/renderer/components/ShadowListViewSpec/ShadowListNativeJSI.cpp	native	variable	value	value	standard	105
shadowlist-fabric	packages/shadowlist-fabric/cpp/react/renderer/components/ShadowListViewSpec/ShadowListNativeJSI.cpp	native	parameter	value	value	standard	105
shadowlist-fabric	packages/shadowlist-fabric/cpp/react/renderer/components/ShadowListViewSpec/ShadowListNativeJSI.cpp	native	constant	MAX_ROWS	MAX_ROWS	standard	113
shadowlist-fabric	packages/shadowlist-fabric/cpp/react/renderer/components/ShadowListViewSpec/ShadowListNativeJSI.cpp	native	parameter	arguments	arguments	standard	115
shadowlist-fabric	packages/shadowlist-fabric/cpp/react/renderer/components/ShadowListViewSpec/ShadowListNativeJSI.cpp	native	variable	count	count	standard	115
shadowlist-fabric	packages/shadowlist-fabric/cpp/react/renderer/components/ShadowListViewSpec/ShadowListNativeJSI.cpp	native	parameter	count	count	standard	115
shadowlist-fabric	packages/shadowlist-fabric/cpp/react/renderer/components/ShadowListViewSpec/ShadowListNativeJSI.cpp	native	variable	index	index	standard	115
shadowlist-fabric	packages/shadowlist-fabric/cpp/react/renderer/components/ShadowListViewSpec/ShadowListNativeJSI.cpp	native	parameter	index	index	standard	115
shadowlist-fabric	packages/shadowlist-fabric/cpp/react/renderer/components/ShadowListViewSpec/ShadowListNativeJSI.cpp	native	parameter	runtime	runtime	standard	115
shadowlist-fabric	packages/shadowlist-fabric/cpp/react/renderer/components/ShadowListViewSpec/ShadowListNativeJSI.cpp	native	variable	object	object	standard	120
shadowlist-fabric	packages/shadowlist-fabric/cpp/react/renderer/components/ShadowListViewSpec/ShadowListNativeJSI.cpp	native	variable	array	array	standard	124
shadowlist-fabric	packages/shadowlist-fabric/cpp/react/renderer/components/ShadowListViewSpec/ShadowListNativeJSI.cpp	native	variable	size	size	standard	125
shadowlist-fabric	packages/shadowlist-fabric/cpp/react/renderer/components/ShadowListViewSpec/ShadowListNativeJSI.cpp	native	variable	item	item	standard	127
shadowlist-fabric	packages/shadowlist-fabric/cpp/react/renderer/components/ShadowListViewSpec/ShadowListNativeJSI.cpp	native	variable	value	value	standard	128
shadowlist-fabric	packages/shadowlist-fabric/cpp/react/renderer/components/ShadowListViewSpec/ShadowListNativeJSI.cpp	native	parameter	function	function	standard	134
shadowlist-fabric	packages/shadowlist-fabric/cpp/react/renderer/components/ShadowListViewSpec/ShadowListNativeJSI.cpp	native	variable	length	length	standard	134
shadowlist-fabric	packages/shadowlist-fabric/cpp/react/renderer/components/ShadowListViewSpec/ShadowListNativeJSI.cpp	native	parameter	length	length	standard	134
shadowlist-fabric	packages/shadowlist-fabric/cpp/react/renderer/components/ShadowListViewSpec/ShadowListNativeJSI.cpp	native	parameter	name	name	standard	134
shadowlist-fabric	packages/shadowlist-fabric/cpp/react/renderer/components/ShadowListViewSpec/ShadowListNativeJSI.cpp	native	parameter	runtime	runtime	standard	134
shadowlist-fabric	packages/shadowlist-fabric/cpp/react/renderer/components/ShadowListViewSpec/ShadowListNativeJSI.cpp	native	parameter	target	target	standard	134
shadowlist-fabric	packages/shadowlist-fabric/cpp/react/renderer/components/ShadowListViewSpec/ShadowListNativeJSI.cpp	native	variable	count	count	standard	143
shadowlist-fabric	packages/shadowlist-fabric/cpp/react/renderer/components/ShadowListViewSpec/ShadowListNativeJSI.cpp	native	variable	engine	engine	standard	152
shadowlist-fabric	packages/shadowlist-fabric/cpp/react/renderer/components/ShadowListViewSpec/ShadowListNativeJSI.cpp	native	parameter	engine	engine	standard	152
shadowlist-fabric	packages/shadowlist-fabric/cpp/react/renderer/components/ShadowListViewSpec/ShadowListNativeJSI.cpp	native	variable	engine_	engine_	standard	158
shadowlist-fabric	packages/shadowlist-fabric/cpp/react/renderer/components/ShadowListViewSpec/ShadowListNativeJSI.cpp	native	parameter	runtime	runtime	standard	161
shadowlist-fabric	packages/shadowlist-fabric/cpp/react/renderer/components/ShadowListViewSpec/ShadowListNativeJSI.cpp	native	variable	global	global	standard	162
shadowlist-fabric	packages/shadowlist-fabric/cpp/react/renderer/components/ShadowListViewSpec/ShadowListNativeJSI.cpp	native	variable	count	count	standard	169
shadowlist-fabric	packages/shadowlist-fabric/cpp/react/renderer/components/ShadowListViewSpec/ShadowListNativeJSI.cpp	native	variable	engine	engine	standard	170
shadowlist-fabric	packages/shadowlist-fabric/cpp/react/renderer/components/ShadowListViewSpec/ShadowListNativeJSI.cpp	native	variable	scrollToStart	scrollToStart	standard	174
shadowlist-fabric	packages/shadowlist-fabric/cpp/react/renderer/components/ShadowListViewSpec/ShadowListNativeJSI.cpp	native	variable	size	size	standard	175
shadowlist-fabric	packages/shadowlist-fabric/cpp/react/renderer/components/ShadowListViewSpec/ShadowListNativeJSI.cpp	native	variable	count	count	standard	185
shadowlist-fabric	packages/shadowlist-fabric/cpp/react/renderer/components/ShadowListViewSpec/ShadowListNativeJSI.cpp	native	variable	engine	engine	standard	186
shadowlist-fabric	packages/shadowlist-fabric/cpp/react/renderer/components/ShadowListViewSpec/ShadowListNativeJSI.cpp	native	variable	rows	rows	standard	190
shadowlist-fabric	packages/shadowlist-fabric/cpp/react/renderer/components/ShadowListViewSpec/ShadowListNativeJSI.cpp	native	variable	scrollToStart	scrollToStart	standard	191
shadowlist-fabric	packages/shadowlist-fabric/cpp/react/renderer/components/ShadowListViewSpec/ShadowListNativeJSI.cpp	native	variable	size	size	standard	192
shadowlist-fabric	packages/shadowlist-fabric/cpp/react/renderer/components/ShadowListViewSpec/ShadowListNativeJSI.cpp	native	variable	count	count	standard	207
shadowlist-fabric	packages/shadowlist-fabric/cpp/react/renderer/components/ShadowListViewSpec/ShadowListNativeJSI.cpp	native	variable	engine	engine	standard	208
shadowlist-fabric	packages/shadowlist-fabric/cpp/react/renderer/components/ShadowListViewSpec/ShadowListNativeJSI.cpp	native	variable	index	index	standard	212
shadowlist-fabric	packages/shadowlist-fabric/cpp/react/renderer/components/ShadowListViewSpec/ShadowListNativeJSI.cpp	native	variable	size	size	standard	213
shadowlist-fabric	packages/shadowlist-fabric/cpp/react/renderer/components/ShadowListViewSpec/ShadowListNativeJSI.cpp	native	variable	count	count	standard	222
shadowlist-fabric	packages/shadowlist-fabric/cpp/react/renderer/components/ShadowListViewSpec/ShadowListNativeJSI.cpp	native	variable	engine	engine	standard	223
shadowlist-fabric	packages/shadowlist-fabric/cpp/react/renderer/components/ShadowListViewSpec/ShadowListNativeJSI.cpp	native	variable	replace	replace	standard	227
shadowlist-fabric	packages/shadowlist-fabric/cpp/react/renderer/components/ShadowListViewSpec/ShadowListNativeJSI.cpp	native	variable	updated	updated	standard	228
shadowlist-fabric	packages/shadowlist-fabric/cpp/react/renderer/components/ShadowListViewSpec/ShadowListNativeJSI.cpp	native	variable	count	count	standard	237
shadowlist-fabric	packages/shadowlist-fabric/cpp/react/renderer/components/ShadowListViewSpec/ShadowListNativeJSI.cpp	native	variable	engine	engine	standard	238
shadowlist-fabric	packages/shadowlist-fabric/cpp/react/renderer/components/ShadowListViewSpec/ShadowListNativeJSI.cpp	native	variable	size	size	standard	242
shadowlist-fabric	packages/shadowlist-fabric/cpp/react/renderer/components/ShadowListViewSpec/ShadowListNativeJSI.cpp	native	variable	count	count	standard	247
shadowlist-fabric	packages/shadowlist-fabric/cpp/react/renderer/components/ShadowListViewSpec/ShadowListNativeJSI.cpp	native	variable	engine	engine	standard	248
shadowlist-fabric	packages/shadowlist-fabric/cpp/react/renderer/components/ShadowListViewSpec/ShadowListNativeJSI.cpp	native	variable	toIndex	toIndex	standard	252
shadowlist-fabric	packages/shadowlist-fabric/cpp/react/renderer/components/ShadowListViewSpec/ShadowListNativeJSI.cpp	native	variable	moved	moved	standard	253
shadowlist-fabric	packages/shadowlist-fabric/cpp/react/renderer/components/ShadowListViewSpec/ShadowListNativeJSI.cpp	native	variable	count	count	standard	259
shadowlist-fabric	packages/shadowlist-fabric/cpp/react/renderer/components/ShadowListViewSpec/ShadowListNativeJSI.cpp	native	variable	engine	engine	standard	260
shadowlist-fabric	packages/shadowlist-fabric/cpp/react/renderer/components/ShadowListViewSpec/ShadowListNativeJSI.cpp	native	variable	index	index	standard	264
shadowlist-fabric	packages/shadowlist-fabric/cpp/react/renderer/components/ShadowListViewSpec/ShadowListNativeJSI.cpp	native	variable	viewPosition	viewPosition	standard	265
shadowlist-fabric	packages/shadowlist-fabric/cpp/react/renderer/components/ShadowListViewSpec/ShadowListNativeJSI.cpp	native	variable	count	count	standard	277
shadowlist-fabric	packages/shadowlist-fabric/cpp/react/renderer/components/ShadowListViewSpec/ShadowListNativeJSI.cpp	native	variable	engine	engine	standard	278
shadowlist-fabric	packages/shadowlist-fabric/cpp/react/renderer/components/ShadowListViewSpec/ShadowListNativeJSI.cpp	native	variable	count	count	standard	290
shadowlist-fabric	packages/shadowlist-fabric/cpp/react/renderer/components/ShadowListViewSpec/ShadowListNativeJSI.cpp	native	variable	engine	engine	standard	291
shadowlist-fabric	packages/shadowlist-fabric/cpp/react/renderer/components/ShadowListViewSpec/ShadowListNativeJSI.cpp	native	variable	count	count	standard	300
shadowlist-fabric	packages/shadowlist-fabric/cpp/react/renderer/components/ShadowListViewSpec/ShadowListNativeJSI.cpp	native	variable	engine	engine	standard	301
shadowlist-fabric	packages/shadowlist-fabric/cpp/react/renderer/components/ShadowListViewSpec/ShadowListNativeJSI.cpp	native	variable	item	item	standard	305
shadowlist-fabric	packages/shadowlist-fabric/cpp/react/renderer/components/ShadowListViewSpec/ShadowListNativeJSI.cpp	native	variable	count	count	standard	310
shadowlist-fabric	packages/shadowlist-fabric/cpp/react/renderer/components/ShadowListViewSpec/ShadowListNativeJSI.cpp	native	variable	engine	engine	standard	311
shadowlist-fabric	packages/shadowlist-fabric/cpp/react/renderer/components/ShadowListViewSpec/ShadowListNativeJSI.cpp	native	variable	keys	keys	standard	312
shadowlist-fabric	packages/shadowlist-fabric/cpp/react/renderer/components/ShadowListViewSpec/ShadowListNativeJSI.cpp	native	variable	array	array	standard	313
shadowlist-fabric	packages/shadowlist-fabric/cpp/react/renderer/components/ShadowListViewSpec/ShadowListNativeJSI.cpp	native	variable	index	index	standard	314
shadowlist-fabric	packages/shadowlist-fabric/cpp/react/renderer/components/ShadowListViewSpec/ShadowListNativeJSI.cpp	native	variable	count	count	standard	321
shadowlist-fabric	packages/shadowlist-fabric/cpp/react/renderer/components/ShadowListViewSpec/ShadowListNativeJSI.cpp	native	variable	engine	engine	standard	322
shadowlist-fabric	packages/shadowlist-fabric/cpp/react/renderer/components/ShadowListViewSpec/ShadowListNativeJSI.cpp	native	variable	count	count	standard	327
shadowlist-fabric	packages/shadowlist-fabric/cpp/react/renderer/components/ShadowListViewSpec/ShadowListNativeJSI.cpp	native	variable	engine	engine	standard	328
shadowlist-fabric	packages/shadowlist-fabric/cpp/react/renderer/components/ShadowListViewSpec/ShadowListNativeJSI.cpp	native	variable	tag	tag	standard	332
shadowlist-fabric	packages/shadowlist-fabric/cpp/react/renderer/components/ShadowListViewSpec/ShadowListNativeJSI.cpp	native	variable	hit	hit	standard	336
shadowlist-fabric	packages/shadowlist-fabric/cpp/react/renderer/components/ShadowListViewSpec/ShadowListNativeJSI.cpp	native	variable	count	count	standard	348
shadowlist-fabric	packages/shadowlist-fabric/cpp/react/renderer/components/ShadowListViewSpec/ShadowListNativeJSI.cpp	native	variable	engine	engine	standard	349
shadowlist-fabric	packages/shadowlist-fabric/cpp/react/renderer/components/ShadowListViewSpec/ShadowListNativeJSI.cpp	native	variable	count	count	standard	354
shadowlist-fabric	packages/shadowlist-fabric/cpp/react/renderer/components/ShadowListViewSpec/ShadowListNativeJSI.cpp	native	variable	object	object	standard	356
shadowlist-fabric	packages/shadowlist-fabric/cpp/react/renderer/components/ShadowListViewSpec/ShadowListNativeJSI.cpp	native	parameter	contextContainer	contextContainer	standard	369
shadowlist-fabric	packages/shadowlist-fabric/cpp/react/renderer/components/ShadowListViewSpec/ShadowListNativeJSI.cpp	native	variable	weakRuntimeScheduler	weakRuntimeScheduler	standard	373
shadowlist-fabric	packages/shadowlist-fabric/cpp/react/renderer/components/ShadowListViewSpec/ShadowListNativeJSI.cpp	native	variable	runtimeScheduler	runtimeScheduler	standard	374
shadowlist-fabric	packages/shadowlist-fabric/cpp/react/renderer/components/ShadowListViewSpec/ShadowListNativeJSI.h	native	parameter	contextContainer	contextContainer	standard	16
shadowlist-fabric	packages/shadowlist-fabric/cpp/react/renderer/components/ShadowListViewSpec/ShadowListTextMeasurer.h	native	variable	existing	existing	standard	45
shadowlist-fabric	packages/shadowlist-fabric/cpp/react/renderer/components/ShadowListViewSpec/ShadowListTextMeasurer.h	native	variable	textLayoutManager	textLayoutManager	standard	50
shadowlist-fabric	packages/shadowlist-fabric/cpp/react/renderer/components/ShadowListViewSpec/ShadowListTextMeasurer.h	native	parameter	value	value	standard	57
shadowlist-fabric	packages/shadowlist-fabric/cpp/react/renderer/components/ShadowListViewSpec/ShadowListTextMeasurer.h	native	variable	fallback	fallback	standard	88
shadowlist-fabric	packages/shadowlist-fabric/cpp/react/renderer/components/ShadowListViewSpec/ShadowListTextMeasurer.h	native	parameter	fallback	fallback	standard	88
shadowlist-fabric	packages/shadowlist-fabric/cpp/react/renderer/components/ShadowListViewSpec/ShadowListTextMeasurer.h	native	parameter	name	name	standard	88
shadowlist-fabric	packages/shadowlist-fabric/cpp/react/renderer/components/ShadowListViewSpec/ShadowListTextMeasurer.h	native	parameter	object	object	standard	88
shadowlist-fabric	packages/shadowlist-fabric/cpp/react/renderer/components/ShadowListViewSpec/ShadowListTextMeasurer.h	native	parameter	name	name	standard	96
shadowlist-fabric	packages/shadowlist-fabric/cpp/react/renderer/components/ShadowListViewSpec/ShadowListTextMeasurer.h	native	parameter	object	object	standard	96
shadowlist-fabric	packages/shadowlist-fabric/cpp/react/renderer/components/ShadowListViewSpec/ShadowListTextMeasurer.h	native	parameter	json	json	standard	109
shadowlist-fabric	packages/shadowlist-fabric/cpp/react/renderer/components/ShadowListViewSpec/ShadowListTextMeasurer.h	native	variable	availableWidth	availableWidth	standard	170
shadowlist-fabric	packages/shadowlist-fabric/cpp/react/renderer/components/ShadowListViewSpec/ShadowListTextMeasurer.h	native	variable	rowWidth	rowWidth	standard	173
shadowlist-fabric	packages/shadowlist-fabric/cpp/react/renderer/components/ShadowListViewSpec/ShadowListTextMeasurer.h	native	variable	widthFraction	widthFraction	standard	179
shadowlist-fabric	packages/shadowlist-fabric/cpp/react/renderer/components/ShadowListViewSpec/ShadowListTextMeasurer.h	native	variable	textWidth	textWidth	standard	180
shadowlist-fabric	packages/shadowlist-fabric/cpp/react/renderer/components/ShadowListViewSpec/ShadowListTextMeasurer.h	native	variable	measurement	measurement	standard	226
shadowlist-fabric	packages/shadowlist-fabric/cpp/react/renderer/components/ShadowListViewSpec/ShadowListTrace.h	native	variable	enabled	enabled	standard	22
shadowlist-fabric	packages/shadowlist-fabric/cpp/react/renderer/components/ShadowListViewSpec/ShadowListTrace.h	native	parameter	contextContainer	contextContainer	standard	29
shadowlist-fabric	packages/shadowlist-fabric/cpp/react/renderer/components/ShadowListViewSpec/ShadowListTrace.h	native	variable	weakRuntimeScheduler	weakRuntimeScheduler	standard	33
shadowlist-fabric	packages/shadowlist-fabric/cpp/react/renderer/components/ShadowListViewSpec/ShadowListTrace.h	native	variable	runtimeScheduler	runtimeScheduler	standard	34
shadowlist-fabric	packages/shadowlist-fabric/cpp/react/renderer/components/ShadowListViewSpec/ShadowListTrace.h	native	variable	global	global	standard	39
shadowlist-fabric	packages/shadowlist-fabric/cpp/react/renderer/components/ShadowListViewSpec/ShadowListTrace.h	native	variable	trace	trace	standard	43
shadowlist-fabric	packages/shadowlist-fabric/cpp/react/renderer/components/ShadowListViewSpec/ShadowListTrace.h	native	variable	count	count	standard	47
shadowlist-fabric	packages/shadowlist-fabric/cpp/react/renderer/components/ShadowListViewSpec/ShadowListTrace.h	native	variable	message	message	standard	49
shadowlist-fabric	packages/shadowlist-fabric/cpp/react/renderer/components/ShadowListViewSpec/ShadowListTrace.h	native	variable	seconds	seconds	standard	50
shadowlist-fabric	packages/shadowlist-fabric/cpp/react/renderer/components/ShadowListViewSpec/ShadowListViewComponentDescriptor.h	native	parameter	fragment	fragment	standard	40
shadowlist-fabric	packages/shadowlist-fabric/cpp/react/renderer/components/ShadowListViewSpec/ShadowListViewComponentDescriptor.h	native	parameter	sourceShadowNode	sourceShadowNode	standard	40
shadowlist-fabric	packages/shadowlist-fabric/cpp/react/renderer/components/ShadowListViewSpec/ShadowListViewComponentDescriptor.h	native	variable	shadowNode	shadowNode	standard	42
shadowlist-fabric	packages/shadowlist-fabric/cpp/react/renderer/components/ShadowListViewSpec/ShadowListViewComponentDescriptor.h	native	variable	children	children	standard	47
shadowlist-fabric	packages/shadowlist-fabric/cpp/react/renderer/components/ShadowListViewSpec/ShadowListViewComponentDescriptor.h	native	variable	nextShadowNode	nextShadowNode	standard	51
shadowlist-fabric	packages/shadowlist-fabric/cpp/react/renderer/components/ShadowListViewSpec/ShadowListViewComponentDescriptor.h	native	variable	templateProps	templateProps	standard	62
shadowlist-fabric	packages/shadowlist-fabric/cpp/react/renderer/components/ShadowListViewSpec/ShadowListViewComponentDescriptor.h	native	variable	children	children	standard	67
shadowlist-fabric	packages/shadowlist-fabric/cpp/react/renderer/components/ShadowListViewSpec/ShadowListViewComponentDescriptor.h	native	variable	index	index	standard	76
shadowlist-fabric	packages/shadowlist-fabric/cpp/react/renderer/components/ShadowListViewSpec/ShadowListViewComponentDescriptor.h	native	parameter	shadowNode	shadowNode	standard	81
shadowlist-fabric	packages/shadowlist-fabric/cpp/react/renderer/components/ShadowListViewSpec/ShadowListViewComponentDescriptor.h	native	variable	newerState	newerState	standard	108
shadowlist-fabric	packages/shadowlist-fabric/cpp/react/renderer/components/ShadowListViewSpec/ShadowListViewComponentDescriptor.h	native	variable	shadowlistViewLayoutMetrics	shadowlistViewLayoutMetrics	standard	121
shadowlist-fabric	packages/shadowlist-fabric/cpp/react/renderer/components/ShadowListViewSpec/ShadowListViewComponentDescriptor.h	native	variable	containerManager	containerManager	standard	123
shadowlist-fabric	packages/shadowlist-fabric/cpp/react/renderer/components/ShadowListViewSpec/ShadowListViewComponentDescriptor.h	native	variable	endIndex	endIndex	standard	169
shadowlist-fabric	packages/shadowlist-fabric/cpp/react/renderer/components/ShadowListViewSpec/ShadowListViewComponentDescriptor.h	native	variable	startIndex	startIndex	standard	169
shadowlist-fabric	packages/shadowlist-fabric/cpp/react/renderer/components/ShadowListViewSpec/ShadowListViewComponentDescriptor.h	native	variable	visibleStartIndex	visibleStartIndex	standard	170
shadowlist-fabric	packages/shadowlist-fabric/cpp/react/renderer/components/ShadowListViewSpec/ShadowListViewComponentDescriptor.h	native	variable	visibleEndIndex	visibleEndIndex	standard	171
shadowlist-fabric	packages/shadowlist-fabric/cpp/react/renderer/components/ShadowListViewSpec/ShadowListViewComponentDescriptor.h	native	variable	payload	payload	standard	174
shadowlist-fabric	packages/shadowlist-fabric/cpp/react/renderer/components/ShadowListViewSpec/ShadowListViewComponentDescriptor.h	native	variable	endIndex	endIndex	standard	184
shadowlist-fabric	packages/shadowlist-fabric/cpp/react/renderer/components/ShadowListViewSpec/ShadowListViewComponentDescriptor.h	native	variable	startIndex	startIndex	standard	184
shadowlist-fabric	packages/shadowlist-fabric/cpp/react/renderer/components/ShadowListViewSpec/ShadowListViewComponentDescriptor.h	native	variable	viewableStartIndex	viewableStartIndex	standard	185
shadowlist-fabric	packages/shadowlist-fabric/cpp/react/renderer/components/ShadowListViewSpec/ShadowListViewComponentDescriptor.h	native	variable	viewableEndIndex	viewableEndIndex	standard	186
shadowlist-fabric	packages/shadowlist-fabric/cpp/react/renderer/components/ShadowListViewSpec/ShadowListViewComponentDescriptor.h	native	variable	payload	payload	standard	189
shadowlist-fabric	packages/shadowlist-fabric/cpp/react/renderer/components/ShadowListViewSpec/ShadowListViewComponentDescriptor.h	native	variable	containerOffsetX	containerOffsetX	standard	200
shadowlist-fabric	packages/shadowlist-fabric/cpp/react/renderer/components/ShadowListViewSpec/ShadowListViewComponentDescriptor.h	native	variable	containerOffsetY	containerOffsetY	standard	200
shadowlist-fabric	packages/shadowlist-fabric/cpp/react/renderer/components/ShadowListViewSpec/ShadowListViewComponentDescriptor.h	native	variable	payload	payload	standard	203
shadowlist-fabric	packages/shadowlist-fabric/cpp/react/renderer/components/ShadowListViewSpec/ShadowListViewComponentDescriptor.h	native	variable	nativeScrollCommand	nativeScrollCommand	standard	241
shadowlist-fabric	packages/shadowlist-fabric/cpp/react/renderer/components/ShadowListViewSpec/ShadowListViewComponentDescriptor.h	native	variable	geometryCache	geometryCache	standard	255
shadowlist-fabric	packages/shadowlist-fabric/cpp/react/renderer/components/ShadowListViewSpec/ShadowListViewComponentDescriptor.h	native	variable	stickyHeaderIndex	stickyHeaderIndex	standard	270
shadowlist-fabric	packages/shadowlist-fabric/cpp/react/renderer/components/ShadowListViewSpec/ShadowListViewComponentDescriptor.h	native	variable	nativeScrollYieldsMomentum	nativeScrollYieldsMomentum	standard	301
shadowlist-fabric	packages/shadowlist-fabric/cpp/react/renderer/components/ShadowListViewSpec/ShadowListViewComponentDescriptor.h	native	variable	geometryStale	geometryStale	standard	332
shadowlist-fabric	packages/shadowlist-fabric/cpp/react/renderer/components/ShadowListViewSpec/ShadowListViewComponentDescriptor.h	native	variable	rowsConcealed	rowsConcealed	standard	342
shadowlist-fabric	packages/shadowlist-fabric/cpp/react/renderer/components/ShadowListViewSpec/ShadowListViewComponentDescriptor.h	native	parameter	listShadowNode	listShadowNode	standard	363
shadowlist-fabric	packages/shadowlist-fabric/cpp/react/renderer/components/ShadowListViewSpec/ShadowListViewComponentDescriptor.h	native	variable	hasTemplates	hasTemplates	standard	370
shadowlist-fabric	packages/shadowlist-fabric/cpp/react/renderer/components/ShadowListViewSpec/ShadowListViewComponentDescriptor.h	native	variable	templateProps	templateProps	standard	372
shadowlist-fabric	packages/shadowlist-fabric/cpp/react/renderer/components/ShadowListViewSpec/ShadowListViewComponentDescriptor.h	native	variable	geometryCache	geometryCache	standard	413
shadowlist-fabric	packages/shadowlist-fabric/cpp/react/renderer/components/ShadowListViewSpec/ShadowListViewComponentDescriptor.h	native	variable	widthChanged	widthChanged	standard	419
shadowlist-fabric	packages/shadowlist-fabric/cpp/react/renderer/components/ShadowListViewSpec/ShadowListViewComponentDescriptor.h	native	variable	sameSpecs	sameSpecs	standard	432
shadowlist-fabric	packages/shadowlist-fabric/cpp/react/renderer/components/ShadowListViewSpec/ShadowListViewComponentDescriptor.h	native	variable	cursor	cursor	standard	441
shadowlist-fabric	packages/shadowlist-fabric/cpp/react/renderer/components/ShadowListViewSpec/ShadowListViewComponentDescriptor.h	native	variable	measured	measured	standard	442
shadowlist-fabric	packages/shadowlist-fabric/cpp/react/renderer/components/ShadowListViewSpec/ShadowListViewComponentDescriptor.h	native	variable	specCount	specCount	standard	454
shadowlist-fabric	packages/shadowlist-fabric/cpp/react/renderer/components/ShadowListViewSpec/ShadowListViewComponentDescriptor.h	native	constant	MEASURE_BUDGET_PER_COMMIT	MEASURE_BUDGET_PER_COMMIT	standard	466
shadowlist-fabric	packages/shadowlist-fabric/cpp/react/renderer/components/ShadowListViewSpec/ShadowListViewComponentDescriptor.h	native	variable	textLayoutManager_	textLayoutManager_	standard	471
shadowlist-fabric	packages/shadowlist-fabric/cpp/react/renderer/components/ShadowListViewSpec/ShadowListViewComponentDescriptor.h	native	variable	registry	registry	standard	478
shadowlist-fabric	packages/shadowlist-fabric/cpp/react/renderer/components/ShadowListViewSpec/ShadowListViewShadowNode.cpp	native	constant	CONCEAL_UNSETTLED_ROWS	CONCEAL_UNSETTLED_ROWS	standard	19
shadowlist-fabric	packages/shadowlist-fabric/cpp/react/renderer/components/ShadowListViewSpec/ShadowListViewShadowNode.cpp	native	constant	CONCEAL_UNSETTLED_ROWS	CONCEAL_UNSETTLED_ROWS	standard	21
shadowlist-fabric	packages/shadowlist-fabric/cpp/react/renderer/components/ShadowListViewSpec/ShadowListViewShadowNode.cpp	native	constant	MAX_CONCEALED_LAYOUT_PASSES	MAX_CONCEALED_LAYOUT_PASSES	standard	25
shadowlist-fabric	packages/shadowlist-fabric/cpp/react/renderer/components/ShadowListViewSpec/ShadowListViewShadowNode.cpp	native	parameter	rowShadowNode	rowShadowNode	standard	29
shadowlist-fabric	packages/shadowlist-fabric/cpp/react/renderer/components/ShadowListViewSpec/ShadowListViewShadowNode.cpp	native	variable	contextContainer	contextContainer	standard	30
shadowlist-fabric	packages/shadowlist-fabric/cpp/react/renderer/components/ShadowListViewSpec/ShadowListViewShadowNode.cpp	native	variable	containerManager	containerManager	standard	55
shadowlist-fabric	packages/shadowlist-fabric/cpp/react/renderer/components/ShadowListViewSpec/ShadowListViewShadowNode.cpp	native	variable	geometryCache	geometryCache	standard	59
shadowlist-fabric	packages/shadowlist-fabric/cpp/react/renderer/components/ShadowListViewSpec/ShadowListViewShadowNode.cpp	native	variable	headerNode	headerNode	standard	80
shadowlist-fabric	packages/shadowlist-fabric/cpp/react/renderer/components/ShadowListViewSpec/ShadowListViewShadowNode.cpp	native	variable	footerNode	footerNode	standard	81
shadowlist-fabric	packages/shadowlist-fabric/cpp/react/renderer/components/ShadowListViewSpec/ShadowListViewShadowNode.cpp	native	variable	sectionHeaderNode	sectionHeaderNode	standard	86
shadowlist-fabric	packages/shadowlist-fabric/cpp/react/renderer/components/ShadowListViewSpec/ShadowListViewShadowNode.cpp	native	variable	emptyNode	emptyNode	standard	89
shadowlist-fabric	packages/shadowlist-fabric/cpp/react/renderer/components/ShadowListViewSpec/ShadowListViewShadowNode.cpp	native	variable	headerSize	headerSize	standard	90
shadowlist-fabric	packages/shadowlist-fabric/cpp/react/renderer/components/ShadowListViewSpec/ShadowListViewShadowNode.cpp	native	variable	footerSize	footerSize	standard	91
shadowlist-fabric	packages/shadowlist-fabric/cpp/react/renderer/components/ShadowListViewSpec/ShadowListViewShadowNode.cpp	native	variable	horizontal	horizontal	standard	92
shadowlist-fabric	packages/shadowlist-fabric/cpp/react/renderer/components/ShadowListViewSpec/ShadowListViewShadowNode.cpp	native	variable	childIndex	childIndex	standard	97
shadowlist-fabric	packages/shadowlist-fabric/cpp/react/renderer/components/ShadowListViewSpec/ShadowListViewShadowNode.cpp	native	variable	elementIndex	elementIndex	standard	98
shadowlist-fabric	packages/shadowlist-fabric/cpp/react/renderer/components/ShadowListViewSpec/ShadowListViewShadowNode.cpp	native	variable	childIndex	childIndex	standard	103
shadowlist-fabric	packages/shadowlist-fabric/cpp/react/renderer/components/ShadowListViewSpec/ShadowListViewShadowNode.cpp	native	variable	elementViewProps	elementViewProps	standard	104
shadowlist-fabric	packages/shadowlist-fabric/cpp/react/renderer/components/ShadowListViewSpec/ShadowListViewShadowNode.cpp	native	variable	elementIndex	elementIndex	standard	108
shadowlist-fabric	packages/shadowlist-fabric/cpp/react/renderer/components/ShadowListViewSpec/ShadowListViewShadowNode.cpp	native	variable	templateProps	templateProps	standard	117
shadowlist-fabric	packages/shadowlist-fabric/cpp/react/renderer/components/ShadowListViewSpec/ShadowListViewShadowNode.cpp	native	variable	templateViewNode	templateViewNode	standard	118
shadowlist-fabric	packages/shadowlist-fabric/cpp/react/renderer/components/ShadowListViewSpec/ShadowListViewShadowNode.cpp	native	variable	templateViewNodeLayoutMetrics	templateViewNodeLayoutMetrics	standard	123
shadowlist-fabric	packages/shadowlist-fabric/cpp/react/renderer/components/ShadowListViewSpec/ShadowListViewShadowNode.cpp	native	variable	templateViewNodeSize	templateViewNodeSize	standard	124
shadowlist-fabric	packages/shadowlist-fabric/cpp/react/renderer/components/ShadowListViewSpec/ShadowListViewShadowNode.cpp	native	variable	layoutInputsChanged	layoutInputsChanged	standard	148
shadowlist-fabric	packages/shadowlist-fabric/cpp/react/renderer/components/ShadowListViewSpec/ShadowListViewShadowNode.cpp	native	variable	previousHeaderSize	previousHeaderSize	standard	155
shadowlist-fabric	packages/shadowlist-fabric/cpp/react/renderer/components/ShadowListViewSpec/ShadowListViewShadowNode.cpp	native	variable	previousWindowSize	previousWindowSize	standard	156
shadowlist-fabric	packages/shadowlist-fabric/cpp/react/renderer/components/ShadowListViewSpec/ShadowListViewShadowNode.cpp	native	variable	lowestChangedIndex	lowestChangedIndex	standard	179
shadowlist-fabric	packages/shadowlist-fabric/cpp/react/renderer/components/ShadowListViewSpec/ShadowListViewShadowNode.cpp	native	variable	elementViewNode	elementViewNode	standard	181
shadowlist-fabric	packages/shadowlist-fabric/cpp/react/renderer/components/ShadowListViewSpec/ShadowListViewShadowNode.cpp	native	variable	firstMeasurement	firstMeasurement	standard	201
shadowlist-fabric	packages/shadowlist-fabric/cpp/react/renderer/components/ShadowListViewSpec/ShadowListViewShadowNode.cpp	native	variable	changed	changed	standard	202
shadowlist-fabric	packages/shadowlist-fabric/cpp/react/renderer/components/ShadowListViewSpec/ShadowListViewShadowNode.cpp	native	variable	correcting	correcting	standard	224
shadowlist-fabric	packages/shadowlist-fabric/cpp/react/renderer/components/ShadowListViewSpec/ShadowListViewShadowNode.cpp	native	variable	concealAck	concealAck	standard	225
shadowlist-fabric	packages/shadowlist-fabric/cpp/react/renderer/components/ShadowListViewSpec/ShadowListViewShadowNode.cpp	native	variable	concealBeforeIndex	concealBeforeIndex	standard	230
shadowlist-fabric	packages/shadowlist-fabric/cpp/react/renderer/components/ShadowListViewSpec/ShadowListViewShadowNode.cpp	native	variable	anchorIndex	anchorIndex	standard	234
shadowlist-fabric	packages/shadowlist-fabric/cpp/react/renderer/components/ShadowListViewSpec/ShadowListViewShadowNode.cpp	native	variable	nextConcealGeneration	nextConcealGeneration	standard	240
shadowlist-fabric	packages/shadowlist-fabric/cpp/react/renderer/components/ShadowListViewSpec/ShadowListViewShadowNode.cpp	native	variable	previousLayoutableChild	previousLayoutableChild	standard	248
shadowlist-fabric	packages/shadowlist-fabric/cpp/react/renderer/components/ShadowListViewSpec/ShadowListViewShadowNode.cpp	native	variable	nextProps	nextProps	standard	257
shadowlist-fabric	packages/shadowlist-fabric/cpp/react/renderer/components/ShadowListViewSpec/ShadowListViewShadowNode.cpp	native	variable	concealedRow	concealedRow	standard	258
shadowlist-fabric	packages/shadowlist-fabric/cpp/react/renderer/components/ShadowListViewSpec/ShadowListViewShadowNode.cpp	native	variable	settled	settled	standard	262
shadowlist-fabric	packages/shadowlist-fabric/cpp/react/renderer/components/ShadowListViewSpec/ShadowListViewShadowNode.cpp	native	variable	long	long	standard	270
shadowlist-fabric	packages/shadowlist-fabric/cpp/react/renderer/components/ShadowListViewSpec/ShadowListViewShadowNode.cpp	native	variable	long	long	standard	270
shadowlist-fabric	packages/shadowlist-fabric/cpp/react/renderer/components/ShadowListViewSpec/ShadowListViewShadowNode.cpp	native	variable	concealedProps	concealedProps	standard	284
shadowlist-fabric	packages/shadowlist-fabric/cpp/react/renderer/components/ShadowListViewSpec/ShadowListViewShadowNode.cpp	native	variable	long	long	standard	287
shadowlist-fabric	packages/shadowlist-fabric/cpp/react/renderer/components/ShadowListViewSpec/ShadowListViewShadowNode.cpp	native	variable	elementViewNode	elementViewNode	standard	319
shadowlist-fabric	packages/shadowlist-fabric/cpp/react/renderer/components/ShadowListViewSpec/ShadowListViewShadowNode.cpp	native	variable	iterator	iterator	standard	337
shadowlist-fabric	packages/shadowlist-fabric/cpp/react/renderer/components/ShadowListViewSpec/ShadowListViewShadowNode.cpp	native	variable	stillConcealed	stillConcealed	standard	338
shadowlist-fabric	packages/shadowlist-fabric/cpp/react/renderer/components/ShadowListViewSpec/ShadowListViewShadowNode.cpp	native	variable	placeTemplate	placeTemplate	standard	345
shadowlist-fabric	packages/shadowlist-fabric/cpp/react/renderer/components/ShadowListViewSpec/ShadowListViewShadowNode.cpp	native	variable	previousTemplateNode	previousTemplateNode	standard	346
shadowlist-fabric	packages/shadowlist-fabric/cpp/react/renderer/components/ShadowListViewSpec/ShadowListViewShadowNode.cpp	native	variable	templateViewNode	templateViewNode	standard	357
shadowlist-fabric	packages/shadowlist-fabric/cpp/react/renderer/components/ShadowListViewSpec/ShadowListViewShadowNode.cpp	native	variable	emptyOffset	emptyOffset	standard	377
shadowlist-fabric	packages/shadowlist-fabric/cpp/react/renderer/components/ShadowListViewSpec/ShadowListViewShadowNode.cpp	native	variable	footerOffset	footerOffset	standard	382
shadowlist-fabric	packages/shadowlist-fabric/cpp/react/renderer/components/ShadowListViewSpec/ShadowListViewShadowNode.cpp	native	variable	nextStateData	nextStateData	standard	395
shadowlist-fabric	packages/shadowlist-fabric/cpp/react/renderer/components/ShadowListViewSpec/ShadowListViewShadowNode.cpp	native	variable	stateUpdate	stateUpdate	standard	396
shadowlist-fabric	packages/shadowlist-fabric/cpp/react/renderer/components/ShadowListViewSpec/ShadowListViewShadowNode.cpp	native	variable	windowSize	windowSize	standard	407
shadowlist-fabric	packages/shadowlist-fabric/cpp/react/renderer/components/ShadowListViewSpec/ShadowListViewShadowNode.cpp	native	variable	totalSize	totalSize	standard	408
shadowlist-fabric	packages/shadowlist-fabric/cpp/react/renderer/components/ShadowListViewSpec/ShadowListViewShadowNode.cpp	native	variable	geometryStale	geometryStale	standard	412
shadowlist-fabric	packages/shadowlist-fabric/cpp/react/renderer/components/ShadowListViewSpec/ShadowListViewShadowNode.cpp	native	variable	adoptIfChanged	adoptIfChanged	standard	439
shadowlist-fabric	packages/shadowlist-fabric/cpp/react/renderer/components/ShadowListViewSpec/ShadowListViewShadowNode.cpp	native	variable	elementsSize	elementsSize	standard	452
shadowlist-fabric	packages/shadowlist-fabric/cpp/react/renderer/components/ShadowListViewSpec/ShadowListViewShadowNode.cpp	native	variable	stickyIndex	stickyIndex	standard	456
shadowlist-fabric	packages/shadowlist-fabric/cpp/react/renderer/components/ShadowListViewSpec/ShadowListViewShadowNode.cpp	native	variable	snapOffset	snapOffset	standard	475
shadowlist-fabric	packages/shadowlist-fabric/cpp/react/renderer/components/ShadowListViewSpec/ShadowListViewShadowNode.cpp	native	variable	stickyChanged	stickyChanged	standard	482
shadowlist-fabric	packages/shadowlist-fabric/cpp/react/renderer/components/ShadowListViewSpec/ShadowListViewShadowNode.cpp	native	variable	snapChanged	snapChanged	standard	487
shadowlist-fabric	packages/shadowlist-fabric/cpp/react/renderer/components/ShadowListViewSpec/ShadowListViewShadowNode.cpp	native	variable	concealGeneration	concealGeneration	standard	490
shadowlist-fabric	packages/shadowlist-fabric/cpp/react/renderer/components/ShadowListViewSpec/ShadowListViewShadowNode.cpp	native	variable	concealChanged	concealChanged	standard	491
shadowlist-fabric	packages/shadowlist-fabric/cpp/react/renderer/components/ShadowListViewSpec/ShadowListViewShadowNode.cpp	native	variable	continuesCorrection	continuesCorrection	standard	505
shadowlist-fabric	packages/shadowlist-fabric/cpp/react/renderer/components/ShadowListViewSpec/ShadowListViewShadowNode.cpp	native	variable	suggestedIndex	suggestedIndex	standard	553
shadowlist-fabric	packages/shadowlist-fabric/cpp/react/renderer/components/ShadowListViewSpec/ShadowListViewShadowNode.cpp	native	variable	elementViewProps	elementViewProps	standard	560
shadowlist-fabric	packages/shadowlist-fabric/cpp/react/renderer/components/ShadowListViewSpec/ShadowListViewShadowNode.cpp	native	variable	elementIndex	elementIndex	standard	565
shadowlist-fabric	packages/shadowlist-fabric/cpp/react/renderer/components/ShadowListViewSpec/ShadowListViewShadowNode.cpp	native	variable	elementViewNode	elementViewNode	standard	568
shadowlist-fabric	packages/shadowlist-fabric/cpp/react/renderer/components/ShadowListViewSpec/ShadowListViewShadowNode.cpp	native	variable	elementViewNodeSize	elementViewNodeSize	standard	569
shadowlist-fabric	packages/shadowlist-fabric/cpp/react/renderer/components/ShadowListViewSpec/ShadowListViewShadowNode.cpp	native	variable	laidOut	laidOut	standard	575
shadowlist-fabric	packages/shadowlist-fabric/cpp/react/renderer/components/ShadowListViewSpec/ShadowListViewShadowNode.cpp	native	variable	firstMeasurement	firstMeasurement	standard	577
shadowlist-fabric	packages/shadowlist-fabric/cpp/react/renderer/components/ShadowListViewSpec/ShadowListViewShadowNode.h	native	variable	geometryVersion	geometryVersion	standard	32
shadowlist-fabric	packages/shadowlist-fabric/cpp/react/renderer/components/ShadowListViewSpec/ShadowListViewShadowNode.h	native	variable	snapToItem	snapToItem	standard	33
shadowlist-fabric	packages/shadowlist-fabric/cpp/react/renderer/components/ShadowListViewSpec/ShadowListViewShadowNode.h	native	variable	snapAlignment	snapAlignment	standard	34
shadowlist-fabric	packages/shadowlist-fabric/cpp/react/renderer/components/ShadowListViewSpec/ShadowListViewShadowNode.h	native	variable	inverted	inverted	standard	35
shadowlist-fabric	packages/shadowlist-fabric/cpp/react/renderer/components/ShadowListViewSpec/ShadowListViewShadowNode.h	native	variable	horizontal	horizontal	standard	36
shadowlist-fabric	packages/shadowlist-fabric/cpp/react/renderer/components/ShadowListViewSpec/ShadowListViewShadowNode.h	native	variable	windowSize	windowSize	standard	37
shadowlist-fabric	packages/shadowlist-fabric/cpp/react/renderer/components/ShadowListViewSpec/ShadowListViewShadowNode.h	native	variable	totalSize	totalSize	standard	38
shadowlist-fabric	packages/shadowlist-fabric/cpp/react/renderer/components/ShadowListViewSpec/ShadowListViewShadowNode.h	native	variable	stickyHeaderIndices	stickyHeaderIndices	standard	45
shadowlist-fabric	packages/shadowlist-fabric/cpp/react/renderer/components/ShadowListViewSpec/ShadowListViewShadowNode.h	native	variable	stickyHeaderOffsets	stickyHeaderOffsets	standard	46
shadowlist-fabric	packages/shadowlist-fabric/cpp/react/renderer/components/ShadowListViewSpec/ShadowListViewShadowNode.h	native	variable	stickyHeaderSizes	stickyHeaderSizes	standard	47
shadowlist-fabric	packages/shadowlist-fabric/cpp/react/renderer/components/ShadowListViewSpec/ShadowListViewShadowNode.h	native	variable	snapOffsets	snapOffsets	standard	48
shadowlist-fabric	packages/shadowlist-fabric/cpp/react/renderer/components/ShadowListViewSpec/ShadowListViewShadowNode.h	native	variable	keysProps	keysProps	standard	52
shadowlist-fabric	packages/shadowlist-fabric/cpp/react/renderer/components/ShadowListViewSpec/ShadowListViewShadowNode.h	native	variable	nativeKeysVersion	nativeKeysVersion	standard	55
shadowlist-fabric	packages/shadowlist-fabric/cpp/react/renderer/components/ShadowListViewSpec/ShadowListViewShadowNode.h	native	variable	sizeSpecsProps	sizeSpecsProps	standard	60
shadowlist-fabric	packages/shadowlist-fabric/cpp/react/renderer/components/ShadowListViewSpec/ShadowListViewShadowNode.h	native	variable	sizeSpecsCursor	sizeSpecsCursor	standard	67
shadowlist-fabric	packages/shadowlist-fabric/cpp/react/renderer/components/ShadowListViewSpec/ShadowListViewShadowNode.h	native	variable	sizeSpecsDone	sizeSpecsDone	standard	70
shadowlist-fabric	packages/shadowlist-fabric/cpp/react/renderer/components/ShadowListViewSpec/ShadowListViewShadowNode.h	native	variable	sourceProps	sourceProps	standard	86
shadowlist-fabric	packages/shadowlist-fabric/cpp/react/renderer/components/ShadowListViewSpec/ShadowListViewShadowNode.h	native	variable	concealedProps	concealedProps	standard	87
shadowlist-fabric	packages/shadowlist-fabric/cpp/react/renderer/components/ShadowListViewSpec/ShadowListViewShadowNode.h	native	variable	generation	generation	standard	88
shadowlist-fabric	packages/shadowlist-fabric/cpp/react/renderer/components/ShadowListViewSpec/ShadowListViewShadowNode.h	native	variable	layoutPasses	layoutPasses	standard	90
shadowlist-fabric	packages/shadowlist-fabric/cpp/react/renderer/components/ShadowListViewSpec/ShadowListViewShadowNode.h	native	variable	concealGeneration	concealGeneration	standard	95
shadowlist-fabric	packages/shadowlist-fabric/cpp/react/renderer/components/ShadowListViewSpec/ShadowListViewShadowNode.h	native	parameter	layoutContext	layoutContext	standard	115
shadowlist-fabric	packages/shadowlist-fabric/cpp/react/renderer/components/ShadowListViewSpec/ShadowListViewShadowNode.h	native	variable	suggestedIndex	suggestedIndex	standard	119
shadowlist-fabric	packages/shadowlist-fabric/cpp/react/renderer/components/ShadowListViewSpec/ShadowListViewShadowNode.h	native	variable	containerManager	containerManager	standard	121
shadowlist-fabric	packages/shadowlist-fabric/cpp/react/renderer/components/ShadowListViewSpec/ShadowListViewShadowNode.h	native	parameter	containerManager	containerManager	standard	121
shadowlist-fabric	packages/shadowlist-fabric/cpp/react/renderer/components/ShadowListViewSpec/ShadowListViewShadowNode.h	native	variable	geometryCache	geometryCache	standard	122
shadowlist-fabric	packages/shadowlist-fabric/cpp/react/renderer/components/ShadowListViewSpec/ShadowListViewShadowNode.h	native	parameter	geometryCache	geometryCache	standard	122
shadowlist-fabric	packages/shadowlist-fabric/cpp/react/renderer/components/ShadowListViewSpec/ShadowListViewShadowNode.h	native	variable	nativeEngine	nativeEngine	standard	129
shadowlist-fabric	packages/shadowlist-fabric/cpp/react/renderer/components/ShadowListViewSpec/ShadowListViewShadowNode.h	native	parameter	nativeEngine	nativeEngine	standard	129
shadowlist-fabric	packages/shadowlist-fabric/cpp/react/renderer/components/ShadowListViewSpec/ShadowListViewShadowNode.h	native	variable	nativeKeys	nativeKeys	standard	131
shadowlist-fabric	packages/shadowlist-fabric/cpp/react/renderer/components/ShadowListViewSpec/ShadowListViewShadowNode.h	native	parameter	nativeKeys	nativeKeys	standard	131
shadowlist-fabric	packages/shadowlist-fabric/cpp/react/renderer/components/ShadowListViewSpec/ShadowListViewShadowNode.h	native	variable	containerManager_	containerManager_	standard	135
shadowlist-fabric	packages/shadowlist-fabric/cpp/react/renderer/components/ShadowListViewSpec/ShadowListViewShadowNode.h	native	variable	nativeEngine_	nativeEngine_	standard	137
shadowlist-fabric	packages/shadowlist-fabric/cpp/react/renderer/components/ShadowListViewSpec/ShadowListViewShadowNode.h	native	variable	nativeKeys_	nativeKeys_	standard	138
shadowlist-fabric	packages/shadowlist-fabric/cpp/react/renderer/components/ShadowListViewSpec/ShadowListViewShadowNode.h	native	variable	geometryCache_	geometryCache_	standard	141
shadowlist-fabric	packages/shadowlist-fabric/cpp/react/renderer/components/ShadowListViewSpec/ShadowListViewShadowNode.h	native	variable	suppressElementSizeFeedback_	suppressElementSizeFeedback_	standard	145
shadowlist-fabric	packages/shadowlist-fabric/cpp/react/renderer/components/ShadowListViewSpec/ShadowListViewShadowNode.h	native	variable	replacedChildren_	replacedChildren_	standard	157
shadowlist-fabric	packages/shadowlist-fabric/cpp/react/renderer/components/ShadowListViewSpec/ShadowListViewState.h	native	constant	SCROLL_PHASE_IDLE	SCROLL_PHASE_IDLE	standard	19
shadowlist-fabric	packages/shadowlist-fabric/cpp/react/renderer/components/ShadowListViewSpec/ShadowListViewState.h	native	constant	SCROLL_PHASE_DRAGGING	SCROLL_PHASE_DRAGGING	standard	20
shadowlist-fabric	packages/shadowlist-fabric/cpp/react/renderer/components/ShadowListViewSpec/ShadowListViewState.h	native	constant	SCROLL_PHASE_SETTLING	SCROLL_PHASE_SETTLING	standard	21
shadowlist-fabric	packages/shadowlist-fabric/cpp/react/renderer/components/ShadowListViewSpec/ShadowListViewState.h	native	variable	windowContainerHeight	windowContainerHeight	standard	28
shadowlist-fabric	packages/shadowlist-fabric/cpp/react/renderer/components/ShadowListViewSpec/ShadowListViewState.h	native	variable	windowContainerWidth	windowContainerWidth	standard	29
shadowlist-fabric	packages/shadowlist-fabric/cpp/react/renderer/components/ShadowListViewSpec/ShadowListViewState.h	native	variable	containerOffsetY	containerOffsetY	standard	30
shadowlist-fabric	packages/shadowlist-fabric/cpp/react/renderer/components/ShadowListViewSpec/ShadowListViewState.h	native	variable	containerOffsetX	containerOffsetX	standard	31
shadowlist-fabric	packages/shadowlist-fabric/cpp/react/renderer/components/ShadowListViewSpec/ShadowListViewState.h	native	variable	containerOffsetIndex	containerOffsetIndex	standard	32
shadowlist-fabric	packages/shadowlist-fabric/cpp/react/renderer/components/ShadowListViewSpec/ShadowListViewState.h	native	variable	containerOffsetIndexSequence	containerOffsetIndexSequence	standard	33
shadowlist-fabric	packages/shadowlist-fabric/cpp/react/renderer/components/ShadowListViewSpec/ShadowListViewState.h	native	variable	totalContainerHeight	totalContainerHeight	standard	34
shadowlist-fabric	packages/shadowlist-fabric/cpp/react/renderer/components/ShadowListViewSpec/ShadowListViewState.h	native	variable	totalContainerWidth	totalContainerWidth	standard	35
shadowlist-fabric	packages/shadowlist-fabric/cpp/react/renderer/components/ShadowListViewSpec/ShadowListViewState.h	native	variable	startReachedEnabled	startReachedEnabled	standard	36
shadowlist-fabric	packages/shadowlist-fabric/cpp/react/renderer/components/ShadowListViewSpec/ShadowListViewState.h	native	variable	endReachedEnabled	endReachedEnabled	standard	37
shadowlist-fabric	packages/shadowlist-fabric/cpp/react/renderer/components/ShadowListViewSpec/ShadowListViewState.h	native	variable	containerOffsetEnabled	containerOffsetEnabled	standard	38
shadowlist-fabric	packages/shadowlist-fabric/cpp/react/renderer/components/ShadowListViewSpec/ShadowListViewState.h	native	variable	dragEventSequence	dragEventSequence	standard	39
shadowlist-fabric	packages/shadowlist-fabric/cpp/react/renderer/components/ShadowListViewSpec/ShadowListViewState.h	native	variable	dragEventType	dragEventType	standard	40
shadowlist-fabric	packages/shadowlist-fabric/cpp/react/renderer/components/ShadowListViewSpec/ShadowListViewState.h	native	variable	stickyHeaderIndices	stickyHeaderIndices	standard	97
shadowlist-fabric	packages/shadowlist-fabric/cpp/react/renderer/components/ShadowListViewSpec/ShadowListViewState.h	native	variable	stickyHeaderOffsets	stickyHeaderOffsets	standard	98
shadowlist-fabric	packages/shadowlist-fabric/cpp/react/renderer/components/ShadowListViewSpec/ShadowListViewState.h	native	variable	stickyHeaderSizes	stickyHeaderSizes	standard	99
shadowlist-fabric	packages/shadowlist-fabric/cpp/react/renderer/components/ShadowListViewSpec/ShadowListViewState.h	native	variable	snapOffsets	snapOffsets	standard	116
shadowlist-fabric	packages/shadowlist-fabric/cpp/react/renderer/components/ShadowListViewSpec/ShadowListViewState.h	native	variable	stickyHeaderIndex	stickyHeaderIndex	standard	149
shadowlist-fabric	packages/shadowlist-fabric/cpp/react/renderer/components/ShadowListViewSpec/ShadowListViewState.h	native	variable	stickyHeaderOffset	stickyHeaderOffset	standard	155
shadowlist-fabric	packages/shadowlist-fabric/cpp/react/renderer/components/ShadowListViewSpec/ShadowListViewState.h	native	variable	stickyHeaderSize	stickyHeaderSize	standard	161
shadowlist-fabric	packages/shadowlist-fabric/cpp/react/renderer/components/ShadowListViewSpec/ShadowListViewState.h	native	variable	snapOffset	snapOffset	standard	171
shadowlist-fabric	packages/shadowlist-fabric/cpp/react/renderer/components/ShadowListViewSpec/ShadowListViewState.h	native	variable	windowContainerHeight_	windowContainerHeight_	standard	184
shadowlist-fabric	packages/shadowlist-fabric/cpp/react/renderer/components/ShadowListViewSpec/ShadowListViewState.h	native	variable	windowContainerWidth_	windowContainerWidth_	standard	185
shadowlist-fabric	packages/shadowlist-fabric/cpp/react/renderer/components/ShadowListViewSpec/ShadowListViewState.h	native	variable	containerOffsetY_	containerOffsetY_	standard	186
shadowlist-fabric	packages/shadowlist-fabric/cpp/react/renderer/components/ShadowListViewSpec/ShadowListViewState.h	native	variable	containerOffsetX_	containerOffsetX_	standard	187
shadowlist-fabric	packages/shadowlist-fabric/cpp/react/renderer/components/ShadowListViewSpec/ShadowListViewState.h	native	variable	containerOffsetIndex_	containerOffsetIndex_	standard	188
shadowlist-fabric	packages/shadowlist-fabric/cpp/react/renderer/components/ShadowListViewSpec/ShadowListViewState.h	native	variable	containerOffsetIndexSequence_	containerOffsetIndexSequence_	standard	189
shadowlist-fabric	packages/shadowlist-fabric/cpp/react/renderer/components/ShadowListViewSpec/ShadowListViewState.h	native	variable	containerOffsetIndexViewPosition_	containerOffsetIndexViewPosition_	standard	192
shadowlist-fabric	packages/shadowlist-fabric/cpp/react/renderer/components/ShadowListViewSpec/ShadowListViewState.h	native	variable	totalContainerHeight_	totalContainerHeight_	standard	193
shadowlist-fabric	packages/shadowlist-fabric/cpp/react/renderer/components/ShadowListViewSpec/ShadowListViewState.h	native	variable	totalContainerWidth_	totalContainerWidth_	standard	194
shadowlist-fabric	packages/shadowlist-fabric/cpp/react/renderer/components/ShadowListViewSpec/ShadowListViewState.h	native	variable	startReachedEnabled_	startReachedEnabled_	standard	195
shadowlist-fabric	packages/shadowlist-fabric/cpp/react/renderer/components/ShadowListViewSpec/ShadowListViewState.h	native	variable	endReachedEnabled_	endReachedEnabled_	standard	196
shadowlist-fabric	packages/shadowlist-fabric/cpp/react/renderer/components/ShadowListViewSpec/ShadowListViewState.h	native	variable	containerOffsetEnabled_	containerOffsetEnabled_	standard	197
shadowlist-fabric	packages/shadowlist-fabric/cpp/react/renderer/components/ShadowListViewSpec/ShadowListViewState.h	native	variable	dragEventSequence_	dragEventSequence_	standard	206
shadowlist-fabric	packages/shadowlist-fabric/cpp/react/renderer/components/ShadowListViewSpec/ShadowListViewState.h	native	variable	dragEventType_	dragEventType_	standard	207
shadowlist-fabric	packages/shadowlist-fabric/cpp/react/renderer/components/ShadowListViewSpec/ShadowListViewState.h	native	variable	userScrolled_	userScrolled_	standard	215
shadowlist-fabric	packages/shadowlist-fabric/cpp/react/renderer/components/ShadowListViewSpec/ShadowListViewState.h	native	variable	scrollPhase_	scrollPhase_	standard	221
shadowlist-fabric	packages/shadowlist-fabric/cpp/react/renderer/components/ShadowListViewSpec/ShadowListViewState.h	native	variable	stickyHeaderIndices_	stickyHeaderIndices_	standard	235
shadowlist-fabric	packages/shadowlist-fabric/cpp/react/renderer/components/ShadowListViewSpec/ShadowListViewState.h	native	variable	stickyHeaderOffsets_	stickyHeaderOffsets_	standard	236
shadowlist-fabric	packages/shadowlist-fabric/cpp/react/renderer/components/ShadowListViewSpec/ShadowListViewState.h	native	variable	stickyHeaderSizes_	stickyHeaderSizes_	standard	237
shadowlist-fabric	packages/shadowlist-fabric/cpp/react/renderer/components/ShadowListViewSpec/ShadowListViewState.h	native	variable	snapOffsets_	snapOffsets_	standard	241
shadowlist-fabric	packages/shadowlist-fabric/cpp/react/renderer/components/ShadowListViewSpec/ShadowListViewState.h	native	variable	commitToken_	commitToken_	standard	247
shadowlist-fabric	packages/shadowlist-fabric/cpp/react/renderer/components/ShadowListViewSpec/ShadowListViewState.h	native	variable	containerOffsetBaseX_	containerOffsetBaseX_	standard	256
shadowlist-fabric	packages/shadowlist-fabric/cpp/react/renderer/components/ShadowListViewSpec/ShadowListViewState.h	native	variable	containerOffsetBaseY_	containerOffsetBaseY_	standard	257
shadowlist-fabric	packages/shadowlist-fabric/cpp/react/renderer/components/ShadowListViewSpec/ShadowListViewState.h	native	variable	concealGeneration_	concealGeneration_	standard	265
shadowlist-fabric	packages/shadowlist-fabric/cpp/react/renderer/components/ShadowListViewSpec/ShadowListViewState.h	native	variable	concealGenerationAck_	concealGenerationAck_	standard	266
shadowlist-fabric	packages/shadowlist-fabric/cpp/react/renderer/components/ShadowListViewSpec/ShadowListViewState.h	native	variable	momentumYieldToken_	momentumYieldToken_	standard	272
shadowlist-fabric	packages/shadowlist-fabric/ios/ShadowListElementView.mm	native	variable	defaultProps	defaultProps	standard	26
shadowlist-fabric	packages/shadowlist-fabric/ios/ShadowListKeyboard.mm	native	variable	_enabledCount	_enabledCount	standard	9
shadowlist-fabric	packages/shadowlist-fabric/ios/ShadowListKeyboard.mm	native	variable	_current	_current	standard	10
shadowlist-fabric	packages/shadowlist-fabric/ios/ShadowListKeyboard.mm	native	variable	_targetHeight	_targetHeight	standard	11
shadowlist-fabric	packages/shadowlist-fabric/ios/ShadowListKeyboard.mm	native	variable	_animationFrom	_animationFrom	standard	16
shadowlist-fabric	packages/shadowlist-fabric/ios/ShadowListKeyboard.mm	native	variable	_animationTo	_animationTo	standard	17
shadowlist-fabric	packages/shadowlist-fabric/ios/ShadowListKeyboard.mm	native	variable	screenHeight	screenHeight	standard	143
shadowlist-fabric	packages/shadowlist-fabric/ios/ShadowListKeyboard.mm	native	variable	height	height	standard	144
shadowlist-fabric	packages/shadowlist-fabric/ios/ShadowListKeyboard.mm	native	variable	time	time	standard	189
shadowlist-fabric	packages/shadowlist-fabric/ios/ShadowListKeyboard.mm	native	variable	eased	eased	standard	191
shadowlist-fabric	packages/shadowlist-fabric/ios/ShadowListKeyboard.mm	native	variable	value	value	standard	192
shadowlist-fabric	packages/shadowlist-fabric/ios/ShadowListKeyboard.mm	native	variable	progress	progress	standard	208
shadowlist-fabric	packages/shadowlist-fabric/ios/ShadowListTemplateView.mm	native	variable	defaultProps	defaultProps	standard	26
shadowlist-fabric	packages/shadowlist-fabric/ios/ShadowListView.mm	native	variable	coasting	coasting	standard	62
shadowlist-fabric	packages/shadowlist-fabric/ios/ShadowListView.mm	native	variable	enabled	enabled	standard	93
shadowlist-fabric	packages/shadowlist-fabric/ios/ShadowListView.mm	native	parameter	activity	activity	standard	120
shadowlist-fabric	packages/shadowlist-fabric/ios/ShadowListView.mm	native	parameter	observer	observer	standard	120
shadowlist-fabric	packages/shadowlist-fabric/ios/ShadowListView.mm	native	variable	defaultProps	defaultProps	standard	142
shadowlist-fabric	packages/shadowlist-fabric/ios/ShadowListView.mm	native	variable	reveal	reveal	standard	417
shadowlist-fabric	packages/shadowlist-fabric/ios/ShadowListView.mm	native	variable	token	token	standard	454
shadowlist-fabric	packages/shadowlist-fabric/ios/ShadowListView.mm	native	variable	offset	offset	standard	485
shadowlist-fabric	packages/shadowlist-fabric/ios/ShadowListView.mm	native	variable	copyPublished	copyPublished	standard	508
shadowlist-fabric	packages/shadowlist-fabric/ios/ShadowListView.mm	native	variable	traceBeforeY	traceBeforeY	standard	520
shadowlist-fabric	packages/shadowlist-fabric/ios/ShadowListView.mm	native	variable	traceBeforeHeight	traceBeforeHeight	standard	521
shadowlist-fabric	packages/shadowlist-fabric/ios/ShadowListView.mm	native	variable	retargetsScrollToTopJump	retargetsScrollToTopJump	standard	544
shadowlist-fabric	packages/shadowlist-fabric/ios/ShadowListView.mm	native	variable	yieldToken	yieldToken	standard	563
shadowlist-fabric	packages/shadowlist-fabric/ios/ShadowListView.mm	native	variable	scrollCommand	scrollCommand	standard	564
shadowlist-fabric	packages/shadowlist-fabric/ios/ShadowListView.mm	native	variable	scrollCommand	scrollCommand	standard	571
shadowlist-fabric	packages/shadowlist-fabric/ios/ShadowListView.mm	native	variable	token	token	standard	583
shadowlist-fabric	packages/shadowlist-fabric/ios/ShadowListView.mm	native	variable	continuesShiftedCorrection	continuesShiftedCorrection	standard	584
shadowlist-fabric	packages/shadowlist-fabric/ios/ShadowListView.mm	native	variable	computedDuringGesture	computedDuringGesture	standard	585
shadowlist-fabric	packages/shadowlist-fabric/ios/ShadowListView.mm	native	variable	horizontal	horizontal	standard	590
shadowlist-fabric	packages/shadowlist-fabric/ios/ShadowListView.mm	native	variable	top	top	standard	591
shadowlist-fabric	packages/shadowlist-fabric/ios/ShadowListView.mm	native	variable	maxY	maxY	standard	592
shadowlist-fabric	packages/shadowlist-fabric/ios/ShadowListView.mm	native	variable	shift	shift	standard	595
shadowlist-fabric	packages/shadowlist-fabric/ios/ShadowListView.mm	native	variable	unapplied	unapplied	standard	602
shadowlist-fabric	packages/shadowlist-fabric/ios/ShadowListView.mm	native	variable	long	long	standard	638
shadowlist-fabric	packages/shadowlist-fabric/ios/ShadowListView.mm	native	variable	userScrolled	userScrolled	standard	685
shadowlist-fabric	packages/shadowlist-fabric/ios/ShadowListView.mm	native	variable	echoToken	echoToken	standard	695
shadowlist-fabric	packages/shadowlist-fabric/ios/ShadowListView.mm	native	variable	long	long	standard	699
shadowlist-fabric	packages/shadowlist-fabric/ios/ShadowListView.mm	native	variable	nextStateData	nextStateData	standard	700
shadowlist-fabric	packages/shadowlist-fabric/ios/ShadowListView.mm	native	variable	nextStateData	nextStateData	standard	731
shadowlist-fabric	packages/shadowlist-fabric/ios/ShadowListView.mm	native	variable	projected	projected	standard	833
shadowlist-fabric	packages/shadowlist-fabric/ios/ShadowListView.mm	native	variable	best	best	standard	834
shadowlist-fabric	packages/shadowlist-fabric/ios/ShadowListView.mm	native	variable	bestDistance	bestDistance	standard	835
shadowlist-fabric	packages/shadowlist-fabric/ios/ShadowListView.mm	native	variable	snapOffset	snapOffset	standard	836
shadowlist-fabric	packages/shadowlist-fabric/ios/ShadowListView.mm	native	variable	distance	distance	standard	837
shadowlist-fabric	packages/shadowlist-fabric/ios/ShadowListView.mm	native	constant	SCROLL_TO_TOP_ANIMATED_VIEWPORTS	SCROLL_TO_TOP_ANIMATED_VIEWPORTS	standard	871
shadowlist-fabric	packages/shadowlist-fabric/ios/ShadowListView.mm	native	constant	SCROLL_TO_TOP_MAX_STEP_VIEWPORTS	SCROLL_TO_TOP_MAX_STEP_VIEWPORTS	standard	875
shadowlist-fabric	packages/shadowlist-fabric/ios/ShadowListView.mm	native	constant	SCROLL_TO_TOP_JUMP_COVERAGE	SCROLL_TO_TOP_JUMP_COVERAGE	standard	878
shadowlist-fabric	packages/shadowlist-fabric/ios/ShadowListView.mm	native	variable	top	top	standard	886
shadowlist-fabric	packages/shadowlist-fabric/ios/ShadowListView.mm	native	variable	viewport	viewport	standard	903
shadowlist-fabric	packages/shadowlist-fabric/ios/ShadowListView.mm	native	variable	jumpY	jumpY	standard	904
shadowlist-fabric	packages/shadowlist-fabric/ios/ShadowListView.mm	native	variable	nextStateData	nextStateData	standard	909
shadowlist-fabric	packages/shadowlist-fabric/ios/ShadowListView.mm	native	variable	end	end	standard	926
shadowlist-fabric	packages/shadowlist-fabric/ios/ShadowListView.mm	native	variable	low	low	standard	938
shadowlist-fabric	packages/shadowlist-fabric/ios/ShadowListView.mm	native	variable	high	high	standard	939
shadowlist-fabric	packages/shadowlist-fabric/ios/ShadowListView.mm	native	variable	covered	covered	standard	946
shadowlist-fabric	packages/shadowlist-fabric/ios/ShadowListView.mm	native	variable	reached	reached	standard	947
shadowlist-fabric	packages/shadowlist-fabric/ios/ShadowListView.mm	native	variable	low	low	standard	949
shadowlist-fabric	packages/shadowlist-fabric/ios/ShadowListView.mm	native	variable	waitedTooLong	waitedTooLong	standard	964
shadowlist-fabric	packages/shadowlist-fabric/ios/ShadowListView.mm	native	variable	top	top	standard	970
shadowlist-fabric	packages/shadowlist-fabric/ios/ShadowListView.mm	native	variable	maxY	maxY	standard	971
shadowlist-fabric	packages/shadowlist-fabric/ios/ShadowListView.mm	native	variable	top	top	standard	1024
shadowlist-fabric	packages/shadowlist-fabric/ios/ShadowListView.mm	native	variable	time	time	standard	1025
shadowlist-fabric	packages/shadowlist-fabric/ios/ShadowListView.mm	native	variable	eased	eased	standard	1026
shadowlist-fabric	packages/shadowlist-fabric/ios/ShadowListView.mm	native	variable	remainingFraction	remainingFraction	standard	1027
shadowlist-fabric	packages/shadowlist-fabric/ios/ShadowListView.mm	native	variable	currentY	currentY	standard	1028
shadowlist-fabric	packages/shadowlist-fabric/ios/ShadowListView.mm	native	variable	nextY	nextY	standard	1029
shadowlist-fabric	packages/shadowlist-fabric/ios/ShadowListView.mm	native	variable	progress	progress	standard	1032
shadowlist-fabric	packages/shadowlist-fabric/ios/ShadowListView.mm	native	variable	maxStep	maxStep	standard	1034
shadowlist-fabric	packages/shadowlist-fabric/ios/ShadowListView.mm	native	variable	nextStateData	nextStateData	standard	1071
shadowlist-fabric	packages/shadowlist-fabric/ios/ShadowListView.mm	native	variable	horizontal	horizontal	standard	1095
shadowlist-fabric	packages/shadowlist-fabric/ios/ShadowListView.mm	native	variable	offset	offset	standard	1096
shadowlist-fabric	packages/shadowlist-fabric/ios/ShadowListView.mm	native	variable	viewport	viewport	standard	1097
shadowlist-fabric	packages/shadowlist-fabric/ios/ShadowListView.mm	native	variable	leading	leading	standard	1098
shadowlist-fabric	packages/shadowlist-fabric/ios/ShadowListView.mm	native	variable	extent	extent	standard	1101
shadowlist-fabric	packages/shadowlist-fabric/ios/ShadowListView.mm	native	variable	aLeading	aLeading	standard	1116
shadowlist-fabric	packages/shadowlist-fabric/ios/ShadowListView.mm	native	variable	bLeading	bLeading	standard	1117
shadowlist-fabric	packages/shadowlist-fabric/ios/ShadowListView.mm	native	variable	phase	phase	standard	1133
shadowlist-fabric	packages/shadowlist-fabric/ios/ShadowListView.mm	native	variable	inverted	inverted	standard	1134
shadowlist-fabric	packages/shadowlist-fabric/ios/ShadowListView.mm	native	variable	overlayVisible	overlayVisible	standard	1138
shadowlist-fabric	packages/shadowlist-fabric/ios/ShadowListView.mm	native	variable	props	props	standard	1162
shadowlist-fabric	packages/shadowlist-fabric/ios/ShadowListView.mm	native	variable	props	props	standard	1174
shadowlist-fabric	packages/shadowlist-fabric/ios/ShadowListView.mm	native	variable	yielded	yielded	standard	1207
shadowlist-fabric	packages/shadowlist-fabric/ios/ShadowListView.mm	native	variable	nextStateData	nextStateData	standard	1251
shadowlist-fabric	packages/shadowlist-fabric/ios/ShadowListView.mm	native	variable	nextStateData	nextStateData	standard	1263
shadowlist-fabric	packages/shadowlist-fabric/ios/ShadowListView.mm	native	variable	nextStateData	nextStateData	standard	1276
shadowlist-fabric	packages/shadowlist-fabric/ios/ShadowListView.mm	native	variable	nextStateData	nextStateData	standard	1291
shadowlist-fabric	packages/shadowlist-fabric/ios/ShadowListView.mm	native	variable	nextStateData	nextStateData	standard	1328
shadowlist-fabric	packages/shadowlist-fabric/ios/ShadowListView+DragReorder.mm	native	variable	index	index	standard	66
shadowlist-fabric	packages/shadowlist-fabric/ios/ShadowListView+DragReorder.mm	native	variable	restingLeading	restingLeading	standard	84
shadowlist-fabric	packages/shadowlist-fabric/ios/ShadowListView+DragReorder.mm	native	variable	touchAxis	touchAxis	standard	86
shadowlist-fabric	packages/shadowlist-fabric/ios/ShadowListView+DragReorder.mm	native	variable	window	window	standard	121
shadowlist-fabric	packages/shadowlist-fabric/ios/ShadowListView+DragReorder.mm	native	variable	content	content	standard	122
shadowlist-fabric	packages/shadowlist-fabric/ios/ShadowListView+DragReorder.mm	native	variable	maxOffset	maxOffset	standard	123
shadowlist-fabric	packages/shadowlist-fabric/ios/ShadowListView+DragReorder.mm	native	variable	offset	offset	standard	124
shadowlist-fabric	packages/shadowlist-fabric/ios/ShadowListView+DragReorder.mm	native	variable	touch	touch	standard	125
shadowlist-fabric	packages/shadowlist-fabric/ios/ShadowListView+DragReorder.mm	native	constant	AUTO_SCROLL_EDGE	AUTO_SCROLL_EDGE	standard	127
shadowlist-fabric	packages/shadowlist-fabric/ios/ShadowListView+DragReorder.mm	native	constant	AUTO_SCROLL_MAX_SPEED	AUTO_SCROLL_MAX_SPEED	standard	128
shadowlist-fabric	packages/shadowlist-fabric/ios/ShadowListView+DragReorder.mm	native	variable	delta	delta	standard	129
shadowlist-fabric	packages/shadowlist-fabric/ios/ShadowListView+DragReorder.mm	native	variable	newOffset	newOffset	standard	139
shadowlist-fabric	packages/shadowlist-fabric/ios/ShadowListView+DragReorder.mm	native	variable	currentIndex	currentIndex	standard	162
shadowlist-fabric	packages/shadowlist-fabric/ios/ShadowListView+DragReorder.mm	native	variable	offset	offset	standard	171
shadowlist-fabric	packages/shadowlist-fabric/ios/ShadowListView+DragReorder.mm	native	variable	touchViewport	touchViewport	standard	172
shadowlist-fabric	packages/shadowlist-fabric/ios/ShadowListView+DragReorder.mm	native	variable	touchContent	touchContent	standard	173
shadowlist-fabric	packages/shadowlist-fabric/ios/ShadowListView+DragReorder.mm	native	variable	restingLeading	restingLeading	standard	176
shadowlist-fabric	packages/shadowlist-fabric/ios/ShadowListView+DragReorder.mm	native	variable	extent	extent	standard	177
shadowlist-fabric	packages/shadowlist-fabric/ios/ShadowListView+DragReorder.mm	native	variable	contentExtent	contentExtent	standard	178
shadowlist-fabric	packages/shadowlist-fabric/ios/ShadowListView+DragReorder.mm	native	variable	desiredLeading	desiredLeading	standard	180
shadowlist-fabric	packages/shadowlist-fabric/ios/ShadowListView+DragReorder.mm	native	variable	translation	translation	standard	184
shadowlist-fabric	packages/shadowlist-fabric/ios/ShadowListView+DragReorder.mm	native	variable	insertion	insertion	standard	197
shadowlist-fabric	packages/shadowlist-fabric/ios/ShadowListView+DragReorder.mm	native	variable	elementIndex	elementIndex	standard	205
shadowlist-fabric	packages/shadowlist-fabric/ios/ShadowListView+DragReorder.mm	native	variable	leading	leading	standard	210
shadowlist-fabric	packages/shadowlist-fabric/ios/ShadowListView+DragReorder.mm	native	variable	extent	extent	standard	211
shadowlist-fabric	packages/shadowlist-fabric/ios/ShadowListView+DragReorder.mm	native	variable	midpoint	midpoint	standard	212
shadowlist-fabric	packages/shadowlist-fabric/ios/ShadowListView+DragReorder.mm	native	variable	elementIndex	elementIndex	standard	233
shadowlist-fabric	packages/shadowlist-fabric/ios/ShadowListView+DragReorder.mm	native	variable	shift	shift	standard	237
shadowlist-fabric	packages/shadowlist-fabric/ios/ShadowListView+DragReorder.mm	native	variable	newResting	newResting	standard	267
shadowlist-fabric	packages/shadowlist-fabric/ios/ShadowListView+DragReorder.mm	native	variable	startTranslation	startTranslation	standard	268
shadowlist-fabric	packages/shadowlist-fabric/ios/ShadowListView+DragReorder.mm	native	variable	finished	finished	standard	279
shadowlist-fabric	packages/shadowlist-fabric/ios/ShadowListView+DragReorder.mm	native	variable	data	data	standard	303
shadowlist-fabric	packages/shadowlist-fabric/ios/ShadowListView+DragReorder.mm	native	variable	from	from	standard	326
shadowlist-fabric	packages/shadowlist-fabric/ios/ShadowListView+DragReorder.mm	native	variable	to	to	standard	327
shadowlist-fabric	packages/shadowlist-fabric/ios/ShadowListView+DragReorder.mm	native	variable	settleToken	settleToken	standard	355
shadowlist-fabric	packages/shadowlist-fabric/ios/ShadowListView+DragReorder.mm	native	variable	index	index	standard	446
shadowlist-fabric	packages/shadowlist-fabric/ios/ShadowListView+DragReorder.mm	native	variable	neighborIndex	neighborIndex	standard	456
shadowlist-fabric	packages/shadowlist-fabric/ios/ShadowListView+DragReorder.mm	native	variable	subviewIndex	subviewIndex	standard	461
shadowlist-fabric	packages/shadowlist-fabric/ios/ShadowListView+Internal.h	native	variable	zPosition	zPosition	standard	10
shadowlist-fabric	packages/shadowlist-fabric/ios/ShadowListView+Internal.h	native	parameter	zPosition	zPosition	standard	10
shadowlist-fabric	packages/shadowlist-fabric/ios/ShadowListView+Internal.h	native	variable	_refreshEnabled	_refreshEnabled	standard	34
shadowlist-fabric	packages/shadowlist-fabric/ios/ShadowListView+Internal.h	native	variable	_refreshing	_refreshing	standard	35
shadowlist-fabric	packages/shadowlist-fabric/ios/ShadowListView+Internal.h	native	variable	_refreshAwaitingSettle	_refreshAwaitingSettle	standard	38
shadowlist-fabric	packages/shadowlist-fabric/ios/ShadowListView+Internal.h	native	variable	_refreshSettleToken	_refreshSettleToken	standard	39
shadowlist-fabric	packages/shadowlist-fabric/ios/ShadowListView+Internal.h	native	variable	_stickyHeader	_stickyHeader	standard	46
shadowlist-fabric	packages/shadowlist-fabric/ios/ShadowListView+Internal.h	native	variable	_stickyFooter	_stickyFooter	standard	47
shadowlist-fabric	packages/shadowlist-fabric/ios/ShadowListView+Internal.h	native	variable	_horizontal	_horizontal	standard	48
shadowlist-fabric	packages/shadowlist-fabric/ios/ShadowListView+Internal.h	native	variable	_snapToItem	_snapToItem	standard	50
shadowlist-fabric	packages/shadowlist-fabric/ios/ShadowListView+Internal.h	native	variable	_autoHideHeader	_autoHideHeader	standard	54
shadowlist-fabric	packages/shadowlist-fabric/ios/ShadowListView+Internal.h	native	variable	_autoHideFooter	_autoHideFooter	standard	55
shadowlist-fabric	packages/shadowlist-fabric/ios/ShadowListView+Internal.h	native	variable	_headerHidden	_headerHidden	standard	56
shadowlist-fabric	packages/shadowlist-fabric/ios/ShadowListView+Internal.h	native	variable	_footerHidden	_footerHidden	standard	57
shadowlist-fabric	packages/shadowlist-fabric/ios/ShadowListView+Internal.h	native	variable	_lastAutoHideOffset	_lastAutoHideOffset	standard	58
shadowlist-fabric	packages/shadowlist-fabric/ios/ShadowListView+Internal.h	native	variable	_hasAppliedOffset	_hasAppliedOffset	standard	72
shadowlist-fabric	packages/shadowlist-fabric/ios/ShadowListView+Internal.h	native	variable	_armedToken	_armedToken	standard	73
shadowlist-fabric	packages/shadowlist-fabric/ios/ShadowListView+Internal.h	native	variable	_echoedToken	_echoedToken	standard	75
shadowlist-fabric	packages/shadowlist-fabric/ios/ShadowListView+Internal.h	native	variable	_publishedGesture	_publishedGesture	standard	79
shadowlist-fabric	packages/shadowlist-fabric/ios/ShadowListView+Internal.h	native	variable	_shiftedToken	_shiftedToken	standard	82
shadowlist-fabric	packages/shadowlist-fabric/ios/ShadowListView+Internal.h	native	variable	_shiftedTokenDelta	_shiftedTokenDelta	standard	83
shadowlist-fabric	packages/shadowlist-fabric/ios/ShadowListView+Internal.h	native	variable	_yieldedToken	_yieldedToken	standard	86
shadowlist-fabric	packages/shadowlist-fabric/ios/ShadowListView+Internal.h	native	variable	_reportedDuringStateUpdate	_reportedDuringStateUpdate	standard	89
shadowlist-fabric	packages/shadowlist-fabric/ios/ShadowListView+Internal.h	native	variable	_applyingContentSize	_applyingContentSize	standard	94
shadowlist-fabric	packages/shadowlist-fabric/ios/ShadowListView+Internal.h	native	variable	_commandIndex	_commandIndex	standard	99
shadowlist-fabric	packages/shadowlist-fabric/ios/ShadowListView+Internal.h	native	variable	_commandViewPosition	_commandViewPosition	standard	101
shadowlist-fabric	packages/shadowlist-fabric/ios/ShadowListView+Internal.h	native	variable	_commandSequence	_commandSequence	standard	102
shadowlist-fabric	packages/shadowlist-fabric/ios/ShadowListView+Internal.h	native	variable	_scrollingToTop	_scrollingToTop	standard	111
shadowlist-fabric	packages/shadowlist-fabric/ios/ShadowListView+Internal.h	native	variable	_scrollToTopProgress	_scrollToTopProgress	standard	113
shadowlist-fabric	packages/shadowlist-fabric/ios/ShadowListView+Internal.h	native	variable	_scrollToTopJumpPending	_scrollToTopJumpPending	standard	118
shadowlist-fabric	packages/shadowlist-fabric/ios/ShadowListView+Internal.h	native	variable	_scrollToTopJumpY	_scrollToTopJumpY	standard	119
shadowlist-fabric	packages/shadowlist-fabric/ios/ShadowListView+Internal.h	native	variable	_scrollToTopJumpToken	_scrollToTopJumpToken	standard	120
shadowlist-fabric	packages/shadowlist-fabric/ios/ShadowListView+Internal.h	native	variable	_dragEnabled	_dragEnabled	standard	124
shadowlist-fabric	packages/shadowlist-fabric/ios/ShadowListView+Internal.h	native	variable	_dragging	_dragging	standard	132
shadowlist-fabric	packages/shadowlist-fabric/ios/ShadowListView+Internal.h	native	variable	_dragOriginIndex	_dragOriginIndex	standard	135
shadowlist-fabric	packages/shadowlist-fabric/ios/ShadowListView+Internal.h	native	variable	_dragInsertionIndex	_dragInsertionIndex	standard	136
shadowlist-fabric	packages/shadowlist-fabric/ios/ShadowListView+Internal.h	native	variable	_draggedExtent	_draggedExtent	standard	142
shadowlist-fabric	packages/shadowlist-fabric/ios/ShadowListView+Internal.h	native	variable	_dragGrabOffset	_dragGrabOffset	standard	144
shadowlist-fabric	packages/shadowlist-fabric/ios/ShadowListView+Internal.h	native	variable	_dragDropPending	_dragDropPending	standard	148
shadowlist-fabric	packages/shadowlist-fabric/ios/ShadowListView+Internal.h	native	variable	_dropInsertionIndex	_dropInsertionIndex	standard	149
shadowlist-fabric	packages/shadowlist-fabric/ios/ShadowListView+Internal.h	native	variable	_dragLeading	_dragLeading	standard	152
shadowlist-fabric	packages/shadowlist-fabric/ios/ShadowListView+Internal.h	native	variable	_dropReleaseLeading	_dropReleaseLeading	standard	153
shadowlist-fabric	packages/shadowlist-fabric/ios/ShadowListView+Internal.h	native	variable	_dropSettleToken	_dropSettleToken	standard	155
shadowlist-fabric	packages/shadowlist-fabric/ios/ShadowListView+Sticky.mm	native	variable	axisOffset	axisOffset	standard	15
shadowlist-fabric	packages/shadowlist-fabric/ios/ShadowListView+Sticky.mm	native	variable	windowSize	windowSize	standard	16
shadowlist-fabric	packages/shadowlist-fabric/ios/ShadowListView+Sticky.mm	native	variable	contentSize	contentSize	standard	17
shadowlist-fabric	packages/shadowlist-fabric/ios/ShadowListView+Sticky.mm	native	variable	headerSize	headerSize	standard	18
shadowlist-fabric	packages/shadowlist-fabric/ios/ShadowListView+Sticky.mm	native	variable	footerSize	footerSize	standard	21
shadowlist-fabric	packages/shadowlist-fabric/ios/ShadowListView+Sticky.mm	native	variable	autoHideDelta	autoHideDelta	standard	27
shadowlist-fabric	packages/shadowlist-fabric/ios/ShadowListView+Sticky.mm	native	variable	translation	translation	standard	31
shadowlist-fabric	packages/shadowlist-fabric/ios/ShadowListView+Sticky.mm	native	variable	collisionTop	collisionTop	standard	43
shadowlist-fabric	packages/shadowlist-fabric/ios/ShadowListView+Sticky.mm	native	variable	translation	translation	standard	54
shadowlist-fabric	packages/shadowlist-fabric/ios/ShadowListView+Sticky.mm	native	variable	maxOffset	maxOffset	standard	57
shadowlist-fabric	packages/shadowlist-fabric/ios/ShadowListView+Sticky.mm	native	variable	collisionBottom	collisionBottom	standard	68
shadowlist-fabric	packages/shadowlist-fabric/ios/ShadowListView+Sticky.mm	native	variable	axisOffset	axisOffset	standard	96
shadowlist-fabric	packages/shadowlist-fabric/ios/ShadowListView+Sticky.mm	native	variable	hasActive	hasActive	standard	103
shadowlist-fabric	packages/shadowlist-fabric/ios/ShadowListView+Sticky.mm	native	variable	activeSize	activeSize	standard	104
shadowlist-fabric	packages/shadowlist-fabric/ios/ShadowListView+Sticky.mm	native	variable	hasNext	hasNext	standard	105
shadowlist-fabric	packages/shadowlist-fabric/ios/ShadowListView+Sticky.mm	native	variable	nextOffset	nextOffset	standard	106
shadowlist-fabric	packages/shadowlist-fabric/ios/ShadowListView+Sticky.mm	native	variable	headerIndex	headerIndex	standard	107
shadowlist-fabric	packages/shadowlist-fabric/ios/ShadowListView+Sticky.mm	native	variable	headerOffset	headerOffset	standard	108
shadowlist-fabric	packages/shadowlist-fabric/ios/ShadowListView+Sticky.mm	native	variable	translation	translation	standard	125
shadowlist-fabric	packages/shadowlist-fabric/ios/ShadowListView+Sticky.mm	native	variable	pushedTop	pushedTop	standard	127
shadowlist-fabric	packages/shadowlist-fabric/scripts/vendor-core.js	javascript	constant	fs	fs	standard	9
shadowlist-fabric	packages/shadowlist-fabric/scripts/vendor-core.js	javascript	constant	path	path	standard	10
shadowlist-fabric	packages/shadowlist-fabric/scripts/vendor-core.js	javascript	constant	srcDir	srcDir	standard	12
shadowlist-fabric	packages/shadowlist-fabric/scripts/vendor-core.js	javascript	constant	destDir	destDir	standard	13
shadowlist-fabric	packages/shadowlist-fabric/scripts/vendor-core.js	javascript	parameter	src	src	standard	25
shadowlist-fabric	packages/shadowlist-fabric/src/__tests__/extras.test.ts	javascript	parameter	minPad	minPad	standard	4
shadowlist-fabric	packages/shadowlist-fabric/src/__tests__/extras.test.ts	javascript	parameter	padding	padding	standard	4
shadowlist-fabric	packages/shadowlist-fabric/src/__tests__/extras.test.ts	javascript	constant	patches	patches	standard	5
shadowlist-fabric	packages/shadowlist-fabric/src/__tests__/extras.test.ts	javascript	constant	window	window	standard	6
shadowlist-fabric	packages/shadowlist-fabric/src/__tests__/extras.test.ts	javascript	parameter	index	index	standard	7
shadowlist-fabric	packages/shadowlist-fabric/src/__tests__/extras.test.ts	javascript	parameter	patch	patch	standard	7
shadowlist-fabric	packages/shadowlist-fabric/src/__tests__/extras.test.ts	javascript	constant	patches	patches	standard	15
shadowlist-fabric	packages/shadowlist-fabric/src/__tests__/extras.test.ts	javascript	constant	window	window	standard	15
shadowlist-fabric	packages/shadowlist-fabric/src/__tests__/extras.test.ts	javascript	constant	seeded	seeded	standard	16
shadowlist-fabric	packages/shadowlist-fabric/src/__tests__/extras.test.ts	javascript	parameter	index	index	standard	22
shadowlist-fabric	packages/shadowlist-fabric/src/__tests__/extras.test.ts	javascript	constant	patches	patches	standard	36
shadowlist-fabric	packages/shadowlist-fabric/src/__tests__/extras.test.ts	javascript	constant	window	window	standard	36
shadowlist-fabric	packages/shadowlist-fabric/src/__tests__/extras.test.ts	javascript	parameter	index	index	standard	37
shadowlist-fabric	packages/shadowlist-fabric/src/__tests__/extras.test.ts	javascript	constant	patches	patches	standard	55
shadowlist-fabric	packages/shadowlist-fabric/src/__tests__/extras.test.ts	javascript	constant	window	window	standard	55
shadowlist-fabric	packages/shadowlist-fabric/src/__tests__/extras.test.ts	javascript	variable	focus	focus	standard	56
shadowlist-fabric	packages/shadowlist-fabric/src/__tests__/extras.test.ts	javascript	constant	getExtra	getExtra	standard	57
shadowlist-fabric	packages/shadowlist-fabric/src/__tests__/extras.test.ts	javascript	parameter	index	index	standard	57
shadowlist-fabric	packages/shadowlist-fabric/src/__tests__/extras.test.ts	javascript	constant	patches	patches	standard	71
shadowlist-fabric	packages/shadowlist-fabric/src/__tests__/extras.test.ts	javascript	constant	window	window	standard	71
shadowlist-fabric	packages/shadowlist-fabric/src/__tests__/mountedRange.test.ts	javascript	constant	range	range	standard	12
shadowlist-fabric	packages/shadowlist-fabric/src/__tests__/mountedRange.test.ts	javascript	constant	off	off	standard	26
shadowlist-fabric	packages/shadowlist-fabric/src/__tests__/mountedRange.test.ts	javascript	constant	centred	centred	standard	58
shadowlist-fabric	packages/shadowlist-fabric/src/__tests__/mountedRange.test.ts	javascript	constant	atEnd	atEnd	standard	61
shadowlist-fabric	packages/shadowlist-fabric/src/__tests__/mountedRange.test.ts	javascript	constant	omitted	omitted	standard	66
shadowlist-fabric	packages/shadowlist-fabric/src/__tests__/mountedRange.test.ts	javascript	constant	range	range	standard	85
shadowlist-fabric	packages/shadowlist-fabric/src/__tests__/shadowListNative.test.ts	javascript	parameter	marker	marker	standard	11
shadowlist-fabric	packages/shadowlist-fabric/src/__tests__/shadowListNative.test.ts	javascript	constant	style	style	standard	62
shadowlist-fabric	packages/shadowlist-fabric/src/__tests__/shadowListNative.test.ts	javascript	constant	nativeID	nativeID	standard	85
shadowlist-fabric	packages/shadowlist-fabric/src/DraggableList.tsx	javascript	parameter	dragEnabled	dragEnabled	standard	12
shadowlist-fabric	packages/shadowlist-fabric/src/DraggableList.tsx	javascript	parameter	props	props	standard	12
shadowlist-fabric	packages/shadowlist-fabric/src/DraggableList.tsx	javascript	parameter	ref	ref	standard	12
shadowlist-fabric	packages/shadowlist-fabric/src/DraggableList.tsx	javascript	constant	DraggableList	DraggableList	standard	18
shadowlist-fabric	packages/shadowlist-fabric/src/DraggableList.tsx	javascript	parameter	props	props	standard	20
shadowlist-fabric	packages/shadowlist-fabric/src/keyboard/KeyboardView.tsx	javascript	parameter	enabled	enabled	standard	13
shadowlist-fabric	packages/shadowlist-fabric/src/keyboard/KeyboardView.tsx	javascript	parameter	children	children	standard	14
shadowlist-fabric	packages/shadowlist-fabric/src/keyboard/KeyboardView.tsx	javascript	parameter	viewProps	viewProps	standard	16
shadowlist-fabric	packages/shadowlist-fabric/src/keyboard/KeyboardView.tsx	javascript	constant	keyboardVisible	keyboardVisible	standard	18
shadowlist-fabric	packages/shadowlist-fabric/src/keyboard/KeyboardView.tsx	javascript	constant	isIos	isIos	standard	21
shadowlist-fabric	packages/shadowlist-fabric/src/keyboard/KeyboardView.tsx	javascript	constant	showEvent	showEvent	standard	22
shadowlist-fabric	packages/shadowlist-fabric/src/keyboard/KeyboardView.tsx	javascript	constant	hideEvent	hideEvent	standard	23
shadowlist-fabric	packages/shadowlist-fabric/src/keyboard/KeyboardView.tsx	javascript	constant	showSub	showSub	standard	25
shadowlist-fabric	packages/shadowlist-fabric/src/keyboard/KeyboardView.tsx	javascript	constant	hideSub	hideSub	standard	28
shadowlist-fabric	packages/shadowlist-fabric/src/keyboard/NativeShadowListKeyboard.ts	javascript	parameter	enabled	enabled	standard	11
shadowlist-fabric	packages/shadowlist-fabric/src/keyboard/useKeyboardAnimation.ts	javascript	variable	enabledCount	enabledCount	standard	16
shadowlist-fabric	packages/shadowlist-fabric/src/keyboard/useKeyboardAnimation.ts	javascript	constant	height	height	standard	19
shadowlist-fabric	packages/shadowlist-fabric/src/keyboard/useKeyboardAnimation.ts	javascript	constant	progress	progress	standard	20
shadowlist-fabric	packages/shadowlist-fabric/src/keyboard/useKeyboardAnimation.ts	javascript	constant	subscription	subscription	standard	28
shadowlist-fabric	packages/shadowlist-fabric/src/keyboard/useKeyboardAnimation.ts	javascript	parameter	event	event	standard	29
shadowlist-fabric	packages/shadowlist-fabric/src/native/binding.ts	javascript	parameter	listId	listId	standard	11
shadowlist-fabric	packages/shadowlist-fabric/src/native/binding.ts	javascript	parameter	items	items	standard	12
shadowlist-fabric	packages/shadowlist-fabric/src/native/binding.ts	javascript	parameter	keys	keys	standard	13
shadowlist-fabric	packages/shadowlist-fabric/src/native/binding.ts	javascript	parameter	templates	templates	standard	14
shadowlist-fabric	packages/shadowlist-fabric/src/native/binding.ts	javascript	parameter	scrollToStart	scrollToStart	standard	15
shadowlist-fabric	packages/shadowlist-fabric/src/native/binding.ts	javascript	parameter	listId	listId	standard	19
shadowlist-fabric	packages/shadowlist-fabric/src/native/binding.ts	javascript	parameter	count	count	standard	20
shadowlist-fabric	packages/shadowlist-fabric/src/native/binding.ts	javascript	parameter	order	order	standard	21
shadowlist-fabric	packages/shadowlist-fabric/src/native/binding.ts	javascript	parameter	indexField	indexField	standard	22
shadowlist-fabric	packages/shadowlist-fabric/src/native/binding.ts	javascript	parameter	valueField	valueField	standard	23
shadowlist-fabric	packages/shadowlist-fabric/src/native/binding.ts	javascript	parameter	extraIndices	extraIndices	standard	24
shadowlist-fabric	packages/shadowlist-fabric/src/native/binding.ts	javascript	parameter	extraItems	extraItems	standard	25
shadowlist-fabric	packages/shadowlist-fabric/src/native/binding.ts	javascript	parameter	extraTemplates	extraTemplates	standard	26
shadowlist-fabric	packages/shadowlist-fabric/src/native/binding.ts	javascript	parameter	scrollToStart	scrollToStart	standard	27
shadowlist-fabric	packages/shadowlist-fabric/src/native/binding.ts	javascript	parameter	ids	ids	standard	28
shadowlist-fabric	packages/shadowlist-fabric/src/native/binding.ts	javascript	parameter	listId	listId	standard	31
shadowlist-fabric	packages/shadowlist-fabric/src/native/binding.ts	javascript	parameter	index	index	standard	32
shadowlist-fabric	packages/shadowlist-fabric/src/native/binding.ts	javascript	parameter	items	items	standard	33
shadowlist-fabric	packages/shadowlist-fabric/src/native/binding.ts	javascript	parameter	keys	keys	standard	34
shadowlist-fabric	packages/shadowlist-fabric/src/native/binding.ts	javascript	parameter	templates	templates	standard	35
shadowlist-fabric	packages/shadowlist-fabric/src/native/binding.ts	javascript	parameter	listId	listId	standard	38
shadowlist-fabric	packages/shadowlist-fabric/src/native/binding.ts	javascript	parameter	key	key	standard	39
shadowlist-fabric	packages/shadowlist-fabric/src/native/binding.ts	javascript	parameter	patch	patch	standard	40
shadowlist-fabric	packages/shadowlist-fabric/src/native/binding.ts	javascript	parameter	template	template	standard	41
shadowlist-fabric	packages/shadowlist-fabric/src/native/binding.ts	javascript	parameter	replace	replace	standard	42
shadowlist-fabric	packages/shadowlist-fabric/src/native/binding.ts	javascript	parameter	keys	keys	standard	45
shadowlist-fabric	packages/shadowlist-fabric/src/native/binding.ts	javascript	parameter	listId	listId	standard	45
shadowlist-fabric	packages/shadowlist-fabric/src/native/binding.ts	javascript	parameter	key	key	standard	46
shadowlist-fabric	packages/shadowlist-fabric/src/native/binding.ts	javascript	parameter	listId	listId	standard	46
shadowlist-fabric	packages/shadowlist-fabric/src/native/binding.ts	javascript	parameter	toIndex	toIndex	standard	46
shadowlist-fabric	packages/shadowlist-fabric/src/native/binding.ts	javascript	parameter	index	index	standard	48
shadowlist-fabric	packages/shadowlist-fabric/src/native/binding.ts	javascript	parameter	listId	listId	standard	48
shadowlist-fabric	packages/shadowlist-fabric/src/native/binding.ts	javascript	parameter	viewPosition	viewPosition	standard	48
shadowlist-fabric	packages/shadowlist-fabric/src/native/binding.ts	javascript	parameter	listId	listId	standard	49
shadowlist-fabric	packages/shadowlist-fabric/src/native/binding.ts	javascript	parameter	template	template	standard	50
shadowlist-fabric	packages/shadowlist-fabric/src/native/binding.ts	javascript	parameter	elementId	elementId	standard	51
shadowlist-fabric	packages/shadowlist-fabric/src/native/binding.ts	javascript	parameter	style	style	standard	52
shadowlist-fabric	packages/shadowlist-fabric/src/native/binding.ts	javascript	parameter	config	config	standard	55
shadowlist-fabric	packages/shadowlist-fabric/src/native/binding.ts	javascript	parameter	listId	listId	standard	55
shadowlist-fabric	packages/shadowlist-fabric/src/native/binding.ts	javascript	parameter	key	key	standard	56
shadowlist-fabric	packages/shadowlist-fabric/src/native/binding.ts	javascript	parameter	listId	listId	standard	56
shadowlist-fabric	packages/shadowlist-fabric/src/native/binding.ts	javascript	parameter	listId	listId	standard	57
shadowlist-fabric	packages/shadowlist-fabric/src/native/binding.ts	javascript	parameter	listId	listId	standard	58
shadowlist-fabric	packages/shadowlist-fabric/src/native/binding.ts	javascript	parameter	listId	listId	standard	59
shadowlist-fabric	packages/shadowlist-fabric/src/native/binding.ts	javascript	parameter	tag	tag	standard	60
shadowlist-fabric	packages/shadowlist-fabric/src/native/binding.ts	javascript	parameter	listId	listId	standard	64
shadowlist-fabric	packages/shadowlist-fabric/src/native/binding.ts	javascript	parameter	handle	handle	standard	65
shadowlist-fabric	packages/shadowlist-fabric/src/native/binding.ts	javascript	constant	binding	binding	standard	94
shadowlist-fabric	packages/shadowlist-fabric/src/native/binding.ts	javascript	constant	setBinding	setBinding	standard	94
shadowlist-fabric	packages/shadowlist-fabric/src/native/binding.ts	javascript	variable	frame	frame	standard	97
shadowlist-fabric	packages/shadowlist-fabric/src/native/binding.ts	javascript	constant	poll	poll	standard	98
shadowlist-fabric	packages/shadowlist-fabric/src/native/binding.ts	javascript	constant	installed	installed	standard	99
shadowlist-fabric	packages/shadowlist-fabric/src/native/binding.ts	javascript	variable	nextListId	nextListId	standard	112
shadowlist-fabric	packages/shadowlist-fabric/src/native/binding.ts	javascript	constant	RUNTIME_NONCE	RUNTIME_NONCE	standard	118
shadowlist-fabric	packages/shadowlist-fabric/src/native/binding.ts	javascript	constant	ELEMENT_MARKER	ELEMENT_MARKER	standard	131
shadowlist-fabric	packages/shadowlist-fabric/src/native/binding.ts	javascript	constant	TEMPLATE_MARKER	TEMPLATE_MARKER	standard	132
shadowlist-fabric	packages/shadowlist-fabric/src/native/binding.ts	javascript	parameter	id	id	standard	142
shadowlist-fabric	packages/shadowlist-fabric/src/native/binding.ts	javascript	parameter	bind	bind	standard	143
shadowlist-fabric	packages/shadowlist-fabric/src/native/binding.ts	javascript	parameter	action	action	standard	144
shadowlist-fabric	packages/shadowlist-fabric/src/native/binding.ts	javascript	parameter	repeat	repeat	standard	145
shadowlist-fabric	packages/shadowlist-fabric/src/native/binding.ts	javascript	parameter	repeatMax	repeatMax	standard	146
shadowlist-fabric	packages/shadowlist-fabric/src/native/binding.ts	javascript	constant	spec	spec	standard	149
shadowlist-fabric	packages/shadowlist-fabric/src/native/binding.ts	javascript	parameter	id	id	standard	180
shadowlist-fabric	packages/shadowlist-fabric/src/native/binding.ts	javascript	parameter	bind	bind	standard	181
shadowlist-fabric	packages/shadowlist-fabric/src/native/binding.ts	javascript	constant	nativeID	nativeID	standard	187
shadowlist-fabric	packages/shadowlist-fabric/src/native/binding.ts	javascript	parameter	name	name	standard	191
shadowlist-fabric	packages/shadowlist-fabric/src/native/binding.ts	javascript	parameter	prop	prop	standard	195
shadowlist-fabric	packages/shadowlist-fabric/src/native/binding.ts	javascript	parameter	style	style	standard	203
shadowlist-fabric	packages/shadowlist-fabric/src/native/binding.ts	javascript	constant	flat	flat	standard	204
shadowlist-fabric	packages/shadowlist-fabric/src/native/binding.ts	javascript	constant	result	result	standard	208
shadowlist-fabric	packages/shadowlist-fabric/src/native/binding.ts	javascript	constant	prop	prop	standard	209
shadowlist-fabric	packages/shadowlist-fabric/src/native/binding.ts	javascript	constant	value	value	standard	209
shadowlist-fabric	packages/shadowlist-fabric/src/native/binding.ts	javascript	constant	color	color	standard	212
shadowlist-fabric	packages/shadowlist-fabric/src/native/extras.ts	javascript	parameter	index	index	standard	18
shadowlist-fabric	packages/shadowlist-fabric/src/native/extras.ts	javascript	parameter	patch	patch	standard	18
shadowlist-fabric	packages/shadowlist-fabric/src/native/extras.ts	javascript	constant	NO_EXTRA	NO_EXTRA	standard	24
shadowlist-fabric	packages/shadowlist-fabric/src/native/extras.ts	javascript	parameter	a	a	standard	27
shadowlist-fabric	packages/shadowlist-fabric/src/native/extras.ts	javascript	parameter	b	b	standard	27
shadowlist-fabric	packages/shadowlist-fabric/src/native/extras.ts	javascript	variable	i	i	standard	32
shadowlist-fabric	packages/shadowlist-fabric/src/native/extras.ts	javascript	parameter	index	index	standard	39
shadowlist-fabric	packages/shadowlist-fabric/src/native/extras.ts	javascript	parameter	initialWindow	initialWindow	standard	46
shadowlist-fabric	packages/shadowlist-fabric/src/native/extras.ts	javascript	parameter	options	options	standard	46
shadowlist-fabric	packages/shadowlist-fabric/src/native/extras.ts	javascript	parameter	count	count	standard	56
shadowlist-fabric	packages/shadowlist-fabric/src/native/extras.ts	javascript	parameter	statics	statics	standard	57
shadowlist-fabric	packages/shadowlist-fabric/src/native/extras.ts	javascript	parameter	getExtra	getExtra	standard	58
shadowlist-fabric	packages/shadowlist-fabric/src/native/extras.ts	javascript	parameter	index	index	standard	59
shadowlist-fabric	packages/shadowlist-fabric/src/native/extras.ts	javascript	constant	index	index	standard	64
shadowlist-fabric	packages/shadowlist-fabric/src/native/extras.ts	javascript	constant	item	item	standard	64
shadowlist-fabric	packages/shadowlist-fabric/src/native/extras.ts	javascript	constant	seeded	seeded	standard	68
shadowlist-fabric	packages/shadowlist-fabric/src/native/extras.ts	javascript	constant	fill	fill	standard	69
shadowlist-fabric	packages/shadowlist-fabric/src/native/extras.ts	javascript	constant	index	index	standard	70
shadowlist-fabric	packages/shadowlist-fabric/src/native/extras.ts	javascript	constant	item	item	standard	70
shadowlist-fabric	packages/shadowlist-fabric/src/native/extras.ts	javascript	variable	index	index	standard	75
shadowlist-fabric	packages/shadowlist-fabric/src/native/extras.ts	javascript	constant	item	item	standard	76
shadowlist-fabric	packages/shadowlist-fabric/src/native/extras.ts	javascript	parameter	getExtra	getExtra	standard	85
shadowlist-fabric	packages/shadowlist-fabric/src/native/extras.ts	javascript	parameter	index	index	standard	86
shadowlist-fabric	packages/shadowlist-fabric/src/native/extras.ts	javascript	constant	index	index	standard	91
shadowlist-fabric	packages/shadowlist-fabric/src/native/extras.ts	javascript	parameter	window	window	standard	99
shadowlist-fabric	packages/shadowlist-fabric/src/native/extras.ts	javascript	constant	keep	keep	standard	102
shadowlist-fabric	packages/shadowlist-fabric/src/native/extras.ts	javascript	constant	index	index	standard	103
shadowlist-fabric	packages/shadowlist-fabric/src/native/extras.ts	javascript	parameter	indices	indices	standard	110
shadowlist-fabric	packages/shadowlist-fabric/src/native/extras.ts	javascript	constant	targets	targets	standard	112
shadowlist-fabric	packages/shadowlist-fabric/src/native/extras.ts	javascript	constant	index	index	standard	113
shadowlist-fabric	packages/shadowlist-fabric/src/native/extras.ts	javascript	parameter	a	a	standard	120
shadowlist-fabric	packages/shadowlist-fabric/src/native/extras.ts	javascript	parameter	b	b	standard	120
shadowlist-fabric	packages/shadowlist-fabric/src/native/extras.ts	javascript	constant	fill	fill	standard	124
shadowlist-fabric	packages/shadowlist-fabric/src/native/extras.ts	javascript	variable	index	index	standard	125
shadowlist-fabric	packages/shadowlist-fabric/src/native/extras.ts	javascript	parameter	pads	pads	standard	130
shadowlist-fabric	packages/shadowlist-fabric/src/native/extras.ts	javascript	parameter	window	window	standard	130
shadowlist-fabric	packages/shadowlist-fabric/src/native/extras.ts	javascript	constant	size	size	standard	131
shadowlist-fabric	packages/shadowlist-fabric/src/native/extras.ts	javascript	constant	pad	pad	standard	132
shadowlist-fabric	packages/shadowlist-fabric/src/native/extras.ts	javascript	parameter	index	index	standard	140
shadowlist-fabric	packages/shadowlist-fabric/src/native/extras.ts	javascript	parameter	index	index	standard	144
shadowlist-fabric	packages/shadowlist-fabric/src/native/extras.ts	javascript	constant	extra	extra	standard	145
shadowlist-fabric	packages/shadowlist-fabric/src/native/extras.ts	javascript	constant	base	base	standard	146
shadowlist-fabric	packages/shadowlist-fabric/src/native/extras.ts	javascript	parameter	index	index	standard	151
shadowlist-fabric	packages/shadowlist-fabric/src/native/extras.ts	javascript	constant	previous	previous	standard	153
shadowlist-fabric	packages/shadowlist-fabric/src/native/extras.ts	javascript	constant	next	next	standard	154
shadowlist-fabric	packages/shadowlist-fabric/src/native/extras.ts	javascript	parameter	index	index	standard	159
shadowlist-fabric	packages/shadowlist-fabric/src/native/extras.ts	javascript	constant	previous	previous	standard	160
shadowlist-fabric	packages/shadowlist-fabric/src/native/extras.ts	javascript	parameter	index	index	standard	166
shadowlist-fabric	packages/shadowlist-fabric/src/native/extras.ts	javascript	parameter	next	next	standard	166
shadowlist-fabric	packages/shadowlist-fabric/src/native/extras.ts	javascript	parameter	previous	previous	standard	166
shadowlist-fabric	packages/shadowlist-fabric/src/native/extras.ts	javascript	variable	patch	patch	standard	168
shadowlist-fabric	packages/shadowlist-fabric/src/native/extras.ts	javascript	constant	key	key	standard	169
shadowlist-fabric	packages/shadowlist-fabric/src/native/extras.ts	javascript	constant	key	key	standard	175
shadowlist-fabric	packages/shadowlist-fabric/src/SectionList.tsx	javascript	parameter	component	component	standard	30
shadowlist-fabric	packages/shadowlist-fabric/src/SectionList.tsx	javascript	parameter	previous	previous	standard	41
shadowlist-fabric	packages/shadowlist-fabric/src/SectionList.tsx	javascript	parameter	next	next	standard	42
shadowlist-fabric	packages/shadowlist-fabric/src/SectionList.tsx	javascript	parameter	previous	previous	standard	58
shadowlist-fabric	packages/shadowlist-fabric/src/SectionList.tsx	javascript	parameter	next	next	standard	59
shadowlist-fabric	packages/shadowlist-fabric/src/SectionList.tsx	javascript	parameter	index	index	standard	65
shadowlist-fabric	packages/shadowlist-fabric/src/SectionList.tsx	javascript	parameter	value	value	standard	65
shadowlist-fabric	packages/shadowlist-fabric/src/SectionList.tsx	javascript	parameter	rows	rows	standard	69
shadowlist-fabric	packages/shadowlist-fabric/src/SectionList.tsx	javascript	parameter	elementKeys	elementKeys	standard	70
shadowlist-fabric	packages/shadowlist-fabric/src/SectionList.tsx	javascript	constant	keys	keys	standard	74
shadowlist-fabric	packages/shadowlist-fabric/src/SectionList.tsx	javascript	parameter	row	row	standard	76
shadowlist-fabric	packages/shadowlist-fabric/src/SectionList.tsx	javascript	parameter	row	row	standard	77
shadowlist-fabric	packages/shadowlist-fabric/src/SectionList.tsx	javascript	parameter	sections	sections	standard	81
shadowlist-fabric	packages/shadowlist-fabric/src/SectionList.tsx	javascript	parameter	renderElement	renderElement	standard	82
shadowlist-fabric	packages/shadowlist-fabric/src/SectionList.tsx	javascript	parameter	renderSectionHeader	renderSectionHeader	standard	83
shadowlist-fabric	packages/shadowlist-fabric/src/SectionList.tsx	javascript	parameter	renderSectionFooter	renderSectionFooter	standard	84
shadowlist-fabric	packages/shadowlist-fabric/src/SectionList.tsx	javascript	parameter	keyExtractor	keyExtractor	standard	85
shadowlist-fabric	packages/shadowlist-fabric/src/SectionList.tsx	javascript	parameter	stickySectionHeadersEnabled	stickySectionHeadersEnabled	standard	86
shadowlist-fabric	packages/shadowlist-fabric/src/SectionList.tsx	javascript	parameter	ItemSeparatorComponent	ItemSeparatorComponent	standard	87
shadowlist-fabric	packages/shadowlist-fabric/src/SectionList.tsx	javascript	parameter	SectionSeparatorComponent	SectionSeparatorComponent	standard	88
shadowlist-fabric	packages/shadowlist-fabric/src/SectionList.tsx	javascript	parameter	getElementSizeSpec	getElementSizeSpec	standard	89
shadowlist-fabric	packages/shadowlist-fabric/src/SectionList.tsx	javascript	parameter	nonAnchorKeys	nonAnchorKeys	standard	90
shadowlist-fabric	packages/shadowlist-fabric/src/SectionList.tsx	javascript	parameter	persistentKeys	persistentKeys	standard	91
shadowlist-fabric	packages/shadowlist-fabric/src/SectionList.tsx	javascript	parameter	rest	rest	standard	93
shadowlist-fabric	packages/shadowlist-fabric/src/SectionList.tsx	javascript	parameter	ref	ref	standard	94
shadowlist-fabric	packages/shadowlist-fabric/src/SectionList.tsx	javascript	constant	sectionsRef	sectionsRef	standard	98
shadowlist-fabric	packages/shadowlist-fabric/src/SectionList.tsx	javascript	constant	previousRowsRef	previousRowsRef	standard	105
shadowlist-fabric	packages/shadowlist-fabric/src/SectionList.tsx	javascript	constant	previousIndicesRef	previousIndicesRef	standard	108
shadowlist-fabric	packages/shadowlist-fabric/src/SectionList.tsx	javascript	constant	data	data	standard	110
shadowlist-fabric	packages/shadowlist-fabric/src/SectionList.tsx	javascript	constant	stickyHeaderIndices	stickyHeaderIndices	standard	110
shadowlist-fabric	packages/shadowlist-fabric/src/SectionList.tsx	javascript	constant	rows	rows	standard	111
shadowlist-fabric	packages/shadowlist-fabric/src/SectionList.tsx	javascript	constant	stickyIndices	stickyIndices	standard	112
shadowlist-fabric	packages/shadowlist-fabric/src/SectionList.tsx	javascript	constant	previousRows	previousRows	standard	113
shadowlist-fabric	packages/shadowlist-fabric/src/SectionList.tsx	javascript	constant	nextRows	nextRows	standard	114
shadowlist-fabric	packages/shadowlist-fabric/src/SectionList.tsx	javascript	constant	push	push	standard	116
shadowlist-fabric	packages/shadowlist-fabric/src/SectionList.tsx	javascript	parameter	row	row	standard	116
shadowlist-fabric	packages/shadowlist-fabric/src/SectionList.tsx	javascript	constant	previousRow	previousRow	standard	117
shadowlist-fabric	packages/shadowlist-fabric/src/SectionList.tsx	javascript	constant	finalRow	finalRow	standard	118
shadowlist-fabric	packages/shadowlist-fabric/src/SectionList.tsx	javascript	parameter	section	section	standard	123
shadowlist-fabric	packages/shadowlist-fabric/src/SectionList.tsx	javascript	parameter	sectionIndex	sectionIndex	standard	123
shadowlist-fabric	packages/shadowlist-fabric/src/SectionList.tsx	javascript	constant	sectionKey	sectionKey	standard	124
shadowlist-fabric	packages/shadowlist-fabric/src/SectionList.tsx	javascript	constant	sectionKeyExtractor	sectionKeyExtractor	standard	125
shadowlist-fabric	packages/shadowlist-fabric/src/SectionList.tsx	javascript	constant	lastElementIndex	lastElementIndex	standard	139
shadowlist-fabric	packages/shadowlist-fabric/src/SectionList.tsx	javascript	parameter	element	element	standard	140
shadowlist-fabric	packages/shadowlist-fabric/src/SectionList.tsx	javascript	parameter	elementIndex	elementIndex	standard	140
shadowlist-fabric	packages/shadowlist-fabric/src/SectionList.tsx	javascript	constant	elementKey	elementKey	standard	141
shadowlist-fabric	packages/shadowlist-fabric/src/SectionList.tsx	javascript	constant	isLastInSection	isLastInSection	standard	144
shadowlist-fabric	packages/shadowlist-fabric/src/SectionList.tsx	javascript	constant	indices	indices	standard	177
shadowlist-fabric	packages/shadowlist-fabric/src/SectionList.tsx	javascript	constant	renderStickyHeaderOverlay	renderStickyHeaderOverlay	standard	191
shadowlist-fabric	packages/shadowlist-fabric/src/SectionList.tsx	javascript	parameter	activeIndex	activeIndex	standard	192
shadowlist-fabric	packages/shadowlist-fabric/src/SectionList.tsx	javascript	constant	row	row	standard	193
shadowlist-fabric	packages/shadowlist-fabric/src/SectionList.tsx	javascript	constant	section	section	standard	195
shadowlist-fabric	packages/shadowlist-fabric/src/SectionList.tsx	javascript	constant	getRowSizeSpec	getRowSizeSpec	standard	202
shadowlist-fabric	packages/shadowlist-fabric/src/SectionList.tsx	javascript	parameter	row	row	standard	205
shadowlist-fabric	packages/shadowlist-fabric/src/SectionList.tsx	javascript	constant	section	section	standard	206
shadowlist-fabric	packages/shadowlist-fabric/src/SectionList.tsx	javascript	constant	rowNonAnchorKeys	rowNonAnchorKeys	standard	219
shadowlist-fabric	packages/shadowlist-fabric/src/SectionList.tsx	javascript	constant	rowPersistentKeys	rowPersistentKeys	standard	223
shadowlist-fabric	packages/shadowlist-fabric/src/SectionList.tsx	javascript	constant	elementSeparator	elementSeparator	standard	232
shadowlist-fabric	packages/shadowlist-fabric/src/SectionList.tsx	javascript	constant	sectionSeparator	sectionSeparator	standard	238
shadowlist-fabric	packages/shadowlist-fabric/src/SectionList.tsx	javascript	constant	renderRow	renderRow	standard	245
shadowlist-fabric	packages/shadowlist-fabric/src/SectionList.tsx	javascript	parameter	row	row	standard	247
shadowlist-fabric	packages/shadowlist-fabric/src/SectionList.tsx	javascript	constant	section	section	standard	252
shadowlist-fabric	packages/shadowlist-fabric/src/SectionList.tsx	javascript	constant	sectionRenderElement	sectionRenderElement	standard	267
shadowlist-fabric	packages/shadowlist-fabric/src/SectionList.tsx	javascript	constant	content	content	standard	268
shadowlist-fabric	packages/shadowlist-fabric/src/SectionList.tsx	javascript	variable	separator	separator	standard	277
shadowlist-fabric	packages/shadowlist-fabric/src/SectionList.tsx	javascript	constant	traceDepsRef	traceDepsRef	standard	305
shadowlist-fabric	packages/shadowlist-fabric/src/SectionList.tsx	javascript	constant	deps	deps	standard	307
shadowlist-fabric	packages/shadowlist-fabric/src/SectionList.tsx	javascript	constant	names	names	standard	315
shadowlist-fabric	packages/shadowlist-fabric/src/SectionList.tsx	javascript	constant	changed	changed	standard	323
shadowlist-fabric	packages/shadowlist-fabric/src/SectionList.tsx	javascript	parameter	_name	_name	standard	324
shadowlist-fabric	packages/shadowlist-fabric/src/SectionList.tsx	javascript	parameter	index	index	standard	324
shadowlist-fabric	packages/shadowlist-fabric/src/SectionList.tsx	javascript	constant	SectionList	SectionList	standard	347
shadowlist-fabric	packages/shadowlist-fabric/src/SectionList.tsx	javascript	parameter	props	props	standard	350
shadowlist-fabric	packages/shadowlist-fabric/src/ShadowList.tsx	javascript	constant	EMPTY_STRINGS	EMPTY_STRINGS	standard	41
shadowlist-fabric	packages/shadowlist-fabric/src/ShadowList.tsx	javascript	constant	EMPTY_NUMBERS	EMPTY_NUMBERS	standard	42
shadowlist-fabric	packages/shadowlist-fabric/src/ShadowList.tsx	javascript	parameter	element	element	standard	44
shadowlist-fabric	packages/shadowlist-fabric/src/ShadowList.tsx	javascript	parameter	component	component	standard	48
shadowlist-fabric	packages/shadowlist-fabric/src/ShadowList.tsx	javascript	parameter	dataProp	dataProp	standard	61
shadowlist-fabric	packages/shadowlist-fabric/src/ShadowList.tsx	javascript	parameter	renderElement	renderElement	standard	61
shadowlist-fabric	packages/shadowlist-fabric/src/ShadowList.tsx	javascript	parameter	keyExtractor	keyExtractor	standard	62
shadowlist-fabric	packages/shadowlist-fabric/src/ShadowList.tsx	javascript	parameter	style	style	standard	63
shadowlist-fabric	packages/shadowlist-fabric/src/ShadowList.tsx	javascript	parameter	elementStyle	elementStyle	standard	64
shadowlist-fabric	packages/shadowlist-fabric/src/ShadowList.tsx	javascript	parameter	inverted	inverted	standard	65
shadowlist-fabric	packages/shadowlist-fabric/src/ShadowList.tsx	javascript	parameter	followAppends	followAppends	standard	66
shadowlist-fabric	packages/shadowlist-fabric/src/ShadowList.tsx	javascript	parameter	horizontal	horizontal	standard	67
shadowlist-fabric	packages/shadowlist-fabric/src/ShadowList.tsx	javascript	parameter	stickyHeader	stickyHeader	standard	68
shadowlist-fabric	packages/shadowlist-fabric/src/ShadowList.tsx	javascript	parameter	stickyFooter	stickyFooter	standard	69
shadowlist-fabric	packages/shadowlist-fabric/src/ShadowList.tsx	javascript	parameter	autoHideHeader	autoHideHeader	standard	70
shadowlist-fabric	packages/shadowlist-fabric/src/ShadowList.tsx	javascript	parameter	autoHideFooter	autoHideFooter	standard	71
shadowlist-fabric	packages/shadowlist-fabric/src/ShadowList.tsx	javascript	parameter	dragEnabled	dragEnabled	standard	72
shadowlist-fabric	packages/shadowlist-fabric/src/ShadowList.tsx	javascript	parameter	onReorder	onReorder	standard	73
shadowlist-fabric	packages/shadowlist-fabric/src/ShadowList.tsx	javascript	parameter	columns	columns	standard	74
shadowlist-fabric	packages/shadowlist-fabric/src/ShadowList.tsx	javascript	parameter	overscan	overscan	standard	75
shadowlist-fabric	packages/shadowlist-fabric/src/ShadowList.tsx	javascript	parameter	overscanRows	overscanRows	standard	76
shadowlist-fabric	packages/shadowlist-fabric/src/ShadowList.tsx	javascript	parameter	overscanRowsLeading	overscanRowsLeading	standard	77
shadowlist-fabric	packages/shadowlist-fabric/src/ShadowList.tsx	javascript	parameter	getElementSizeSpec	getElementSizeSpec	standard	78
shadowlist-fabric	packages/shadowlist-fabric/src/ShadowList.tsx	javascript	parameter	measureLookaheadRows	measureLookaheadRows	standard	79
shadowlist-fabric	packages/shadowlist-fabric/src/ShadowList.tsx	javascript	parameter	persistentKeys	persistentKeys	standard	80
shadowlist-fabric	packages/shadowlist-fabric/src/ShadowList.tsx	javascript	parameter	nonAnchorKeys	nonAnchorKeys	standard	81
shadowlist-fabric	packages/shadowlist-fabric/src/ShadowList.tsx	javascript	parameter	stickyHeaderIndices	stickyHeaderIndices	standard	82
shadowlist-fabric	packages/shadowlist-fabric/src/ShadowList.tsx	javascript	parameter	renderStickyHeaderOverlay	renderStickyHeaderOverlay	standard	83
shadowlist-fabric	packages/shadowlist-fabric/src/ShadowList.tsx	javascript	parameter	containerOffsetIndex	containerOffsetIndex	standard	84
shadowlist-fabric	packages/shadowlist-fabric/src/ShadowList.tsx	javascript	parameter	trackElementSizes	trackElementSizes	standard	85
shadowlist-fabric	packages/shadowlist-fabric/src/ShadowList.tsx	javascript	parameter	refreshing	refreshing	standard	86
shadowlist-fabric	packages/shadowlist-fabric/src/ShadowList.tsx	javascript	parameter	onRefresh	onRefresh	standard	87
shadowlist-fabric	packages/shadowlist-fabric/src/ShadowList.tsx	javascript	parameter	refreshColor	refreshColor	standard	88
shadowlist-fabric	packages/shadowlist-fabric/src/ShadowList.tsx	javascript	parameter	initialElementsSize	initialElementsSize	standard	89
shadowlist-fabric	packages/shadowlist-fabric/src/ShadowList.tsx	javascript	parameter	onStartReached	onStartReached	standard	90
shadowlist-fabric	packages/shadowlist-fabric/src/ShadowList.tsx	javascript	parameter	onEndReached	onEndReached	standard	91
shadowlist-fabric	packages/shadowlist-fabric/src/ShadowList.tsx	javascript	parameter	onStartReachedThreshold	onStartReachedThreshold	standard	92
shadowlist-fabric	packages/shadowlist-fabric/src/ShadowList.tsx	javascript	parameter	onEndReachedThreshold	onEndReachedThreshold	standard	93
shadowlist-fabric	packages/shadowlist-fabric/src/ShadowList.tsx	javascript	parameter	onScroll	onScroll	standard	94
shadowlist-fabric	packages/shadowlist-fabric/src/ShadowList.tsx	javascript	parameter	snapToItem	snapToItem	standard	95
shadowlist-fabric	packages/shadowlist-fabric/src/ShadowList.tsx	javascript	parameter	snapToAlignment	snapToAlignment	standard	96
shadowlist-fabric	packages/shadowlist-fabric/src/ShadowList.tsx	javascript	parameter	viewabilityConfig	viewabilityConfig	standard	97
shadowlist-fabric	packages/shadowlist-fabric/src/ShadowList.tsx	javascript	parameter	onViewableItemsChanged	onViewableItemsChanged	standard	98
shadowlist-fabric	packages/shadowlist-fabric/src/ShadowList.tsx	javascript	parameter	ItemSeparatorComponent	ItemSeparatorComponent	standard	99
shadowlist-fabric	packages/shadowlist-fabric/src/ShadowList.tsx	javascript	parameter	ListHeaderComponent	ListHeaderComponent	standard	100
shadowlist-fabric	packages/shadowlist-fabric/src/ShadowList.tsx	javascript	parameter	ListFooterComponent	ListFooterComponent	standard	101
shadowlist-fabric	packages/shadowlist-fabric/src/ShadowList.tsx	javascript	parameter	ListEmptyComponent	ListEmptyComponent	standard	102
shadowlist-fabric	packages/shadowlist-fabric/src/ShadowList.tsx	javascript	parameter	accessible	accessible	standard	103
shadowlist-fabric	packages/shadowlist-fabric/src/ShadowList.tsx	javascript	parameter	accessibilityLabel	accessibilityLabel	standard	104
shadowlist-fabric	packages/shadowlist-fabric/src/ShadowList.tsx	javascript	parameter	accessibilityRole	accessibilityRole	standard	105
shadowlist-fabric	packages/shadowlist-fabric/src/ShadowList.tsx	javascript	parameter	accessibilityHint	accessibilityHint	standard	106
shadowlist-fabric	packages/shadowlist-fabric/src/ShadowList.tsx	javascript	parameter	testID	testID	standard	107
shadowlist-fabric	packages/shadowlist-fabric/src/ShadowList.tsx	javascript	parameter	ref	ref	standard	109
shadowlist-fabric	packages/shadowlist-fabric/src/ShadowList.tsx	javascript	constant	shadowlistViewRef	shadowlistViewRef	standard	112
shadowlist-fabric	packages/shadowlist-fabric/src/ShadowList.tsx	javascript	constant	traceRenderStartRef	traceRenderStartRef	standard	116
shadowlist-fabric	packages/shadowlist-fabric/src/ShadowList.tsx	javascript	constant	traceDataRef	traceDataRef	standard	117
shadowlist-fabric	packages/shadowlist-fabric/src/ShadowList.tsx	javascript	constant	handleRefresh	handleRefresh	standard	122
shadowlist-fabric	packages/shadowlist-fabric/src/ShadowList.tsx	javascript	constant	edgeHandlersRef	edgeHandlersRef	standard	133
shadowlist-fabric	packages/shadowlist-fabric/src/ShadowList.tsx	javascript	constant	handleStartReached	handleStartReached	standard	135
shadowlist-fabric	packages/shadowlist-fabric/src/ShadowList.tsx	javascript	constant	handleEndReached	handleEndReached	standard	141
shadowlist-fabric	packages/shadowlist-fabric/src/ShadowList.tsx	javascript	constant	data	data	standard	152
shadowlist-fabric	packages/shadowlist-fabric/src/ShadowList.tsx	javascript	constant	handleRefreshSettle	handleRefreshSettle	standard	152
shadowlist-fabric	packages/shadowlist-fabric/src/ShadowList.tsx	javascript	constant	elementsAllKeys	elementsAllKeys	standard	166
shadowlist-fabric	packages/shadowlist-fabric/src/ShadowList.tsx	javascript	constant	keyToIndex	keyToIndex	standard	166
shadowlist-fabric	packages/shadowlist-fabric/src/ShadowList.tsx	javascript	constant	keys	keys	standard	167
shadowlist-fabric	packages/shadowlist-fabric/src/ShadowList.tsx	javascript	constant	map	map	standard	168
shadowlist-fabric	packages/shadowlist-fabric/src/ShadowList.tsx	javascript	variable	index	index	standard	169
shadowlist-fabric	packages/shadowlist-fabric/src/ShadowList.tsx	javascript	constant	key	key	standard	170
shadowlist-fabric	packages/shadowlist-fabric/src/ShadowList.tsx	javascript	constant	handleVisibleIndicesChange	handleVisibleIndicesChange	standard	177
shadowlist-fabric	packages/shadowlist-fabric/src/ShadowList.tsx	javascript	constant	mountedIndices	mountedIndices	standard	177
shadowlist-fabric	packages/shadowlist-fabric/src/ShadowList.tsx	javascript	constant	seedAroundIndex	seedAroundIndex	standard	177
shadowlist-fabric	packages/shadowlist-fabric/src/ShadowList.tsx	javascript	constant	draggedIndices	draggedIndices	standard	191
shadowlist-fabric	packages/shadowlist-fabric/src/ShadowList.tsx	javascript	constant	handleDragStart	handleDragStart	standard	191
shadowlist-fabric	packages/shadowlist-fabric/src/ShadowList.tsx	javascript	constant	handleDragEnd	handleDragEnd	standard	192
shadowlist-fabric	packages/shadowlist-fabric/src/ShadowList.tsx	javascript	constant	renderIndices	renderIndices	standard	202
shadowlist-fabric	packages/shadowlist-fabric/src/ShadowList.tsx	javascript	constant	activeStickyIndex	activeStickyIndex	standard	208
shadowlist-fabric	packages/shadowlist-fabric/src/ShadowList.tsx	javascript	constant	handleViewableIndicesChange	handleViewableIndicesChange	standard	208
shadowlist-fabric	packages/shadowlist-fabric/src/ShadowList.tsx	javascript	constant	elementSizesRef	elementSizesRef	standard	219
shadowlist-fabric	packages/shadowlist-fabric/src/ShadowList.tsx	javascript	constant	handleElementLayout	handleElementLayout	standard	230
shadowlist-fabric	packages/shadowlist-fabric/src/ShadowList.tsx	javascript	parameter	height	height	standard	231
shadowlist-fabric	packages/shadowlist-fabric/src/ShadowList.tsx	javascript	parameter	key	key	standard	231
shadowlist-fabric	packages/shadowlist-fabric/src/ShadowList.tsx	javascript	parameter	width	width	standard	231
shadowlist-fabric	packages/shadowlist-fabric/src/ShadowList.tsx	javascript	constant	handleElementRelease	handleElementRelease	standard	237
shadowlist-fabric	packages/shadowlist-fabric/src/ShadowList.tsx	javascript	parameter	key	key	standard	237
shadowlist-fabric	packages/shadowlist-fabric/src/ShadowList.tsx	javascript	constant	elementDimensionStyle	elementDimensionStyle	standard	248
shadowlist-fabric	packages/shadowlist-fabric/src/ShadowList.tsx	javascript	constant	elementBaseStyle	elementBaseStyle	standard	260
shadowlist-fabric	packages/shadowlist-fabric/src/ShadowList.tsx	javascript	constant	elementsSizeSpecs	elementsSizeSpecs	standard	273
shadowlist-fabric	packages/shadowlist-fabric/src/ShadowList.tsx	javascript	constant	viewablePercentThreshold	viewablePercentThreshold	standard	281
shadowlist-fabric	packages/shadowlist-fabric/src/ShadowList.tsx	javascript	constant	header	header	standard	284
shadowlist-fabric	packages/shadowlist-fabric/src/ShadowList.tsx	javascript	constant	footer	footer	standard	289
shadowlist-fabric	packages/shadowlist-fabric/src/ShadowList.tsx	javascript	constant	empty	empty	standard	294
shadowlist-fabric	packages/shadowlist-fabric/src/ShadowList.tsx	javascript	constant	separator	separator	standard	303
shadowlist-fabric	packages/shadowlist-fabric/src/ShadowList.tsx	javascript	constant	stickyEnabled	stickyEnabled	standard	310
shadowlist-fabric	packages/shadowlist-fabric/src/ShadowList.tsx	javascript	constant	stickyOverlay	stickyOverlay	standard	316
shadowlist-fabric	packages/shadowlist-fabric/src/ShadowList.tsx	javascript	constant	previousData	previousData	standard	326
shadowlist-fabric	packages/shadowlist-fabric/src/ShadowList.tsx	javascript	constant	first	first	standard	328
shadowlist-fabric	packages/shadowlist-fabric/src/ShadowList.tsx	javascript	constant	last	last	standard	329
shadowlist-fabric	packages/shadowlist-fabric/src/ShadowList.tsx	javascript	constant	elapsed	elapsed	standard	330
shadowlist-fabric	packages/shadowlist-fabric/src/ShadowList.tsx	javascript	parameter	index	index	standard	414
shadowlist-fabric	packages/shadowlist-fabric/src/ShadowList.tsx	javascript	constant	element	element	standard	415
shadowlist-fabric	packages/shadowlist-fabric/src/ShadowList.tsx	javascript	constant	elementKey	elementKey	standard	419
shadowlist-fabric	packages/shadowlist-fabric/src/ShadowList.tsx	javascript	constant	styles	styles	standard	455
shadowlist-fabric	packages/shadowlist-fabric/src/ShadowList.tsx	javascript	constant	ShadowList	ShadowList	standard	473
shadowlist-fabric	packages/shadowlist-fabric/src/ShadowList.tsx	javascript	parameter	props	props	standard	475
shadowlist-fabric	packages/shadowlist-fabric/src/ShadowListNative.tsx	javascript	constant	EMPTY_STRINGS	EMPTY_STRINGS	standard	54
shadowlist-fabric	packages/shadowlist-fabric/src/ShadowListNative.tsx	javascript	constant	EMPTY_NUMBERS	EMPTY_NUMBERS	standard	55
shadowlist-fabric	packages/shadowlist-fabric/src/ShadowListNative.tsx	javascript	constant	EMPTY_ITEMS	EMPTY_ITEMS	standard	56
shadowlist-fabric	packages/shadowlist-fabric/src/ShadowListNative.tsx	javascript	constant	EMPTY_EXTRAS	EMPTY_EXTRAS	standard	57
shadowlist-fabric	packages/shadowlist-fabric/src/ShadowListNative.tsx	javascript	constant	REFRESH_SETTLE_FALLBACK_MS	REFRESH_SETTLE_FALLBACK_MS	standard	59
shadowlist-fabric	packages/shadowlist-fabric/src/ShadowListNative.tsx	javascript	constant	LONG_PRESS_DELAY_MS	LONG_PRESS_DELAY_MS	standard	60
shadowlist-fabric	packages/shadowlist-fabric/src/ShadowListNative.tsx	javascript	parameter	action	action	standard	63
shadowlist-fabric	packages/shadowlist-fabric/src/ShadowListNative.tsx	javascript	parameter	elementId	elementId	standard	64
shadowlist-fabric	packages/shadowlist-fabric/src/ShadowListNative.tsx	javascript	parameter	target	target	standard	65
shadowlist-fabric	packages/shadowlist-fabric/src/ShadowListNative.tsx	javascript	parameter	pageX	pageX	standard	66
shadowlist-fabric	packages/shadowlist-fabric/src/ShadowListNative.tsx	javascript	parameter	pageY	pageY	standard	67
shadowlist-fabric	packages/shadowlist-fabric/src/ShadowListNative.tsx	javascript	parameter	long	long	standard	68
shadowlist-fabric	packages/shadowlist-fabric/src/ShadowListNative.tsx	javascript	constant	contextGlobal	contextGlobal	standard	80
shadowlist-fabric	packages/shadowlist-fabric/src/ShadowListNative.tsx	javascript	constant	ShadowListNativeContext	ShadowListNativeContext	standard	83
shadowlist-fabric	packages/shadowlist-fabric/src/ShadowListNative.tsx	javascript	parameter	index	index	standard	86
shadowlist-fabric	packages/shadowlist-fabric/src/ShadowListNative.tsx	javascript	parameter	item	item	standard	86
shadowlist-fabric	packages/shadowlist-fabric/src/ShadowListNative.tsx	javascript	constant	id	id	standard	87
shadowlist-fabric	packages/shadowlist-fabric/src/ShadowListNative.tsx	javascript	parameter	component	component	standard	91
shadowlist-fabric	packages/shadowlist-fabric/src/ShadowListNative.tsx	javascript	parameter	items	items	standard	99
shadowlist-fabric	packages/shadowlist-fabric/src/ShadowListNative.tsx	javascript	parameter	keyExtractor	keyExtractor	standard	100
shadowlist-fabric	packages/shadowlist-fabric/src/ShadowListNative.tsx	javascript	parameter	index	index	standard	101
shadowlist-fabric	packages/shadowlist-fabric/src/ShadowListNative.tsx	javascript	parameter	item	item	standard	101
shadowlist-fabric	packages/shadowlist-fabric/src/ShadowListNative.tsx	javascript	parameter	templateOf	templateOf	standard	101
shadowlist-fabric	packages/shadowlist-fabric/src/ShadowListNative.tsx	javascript	parameter	index	index	standard	102
shadowlist-fabric	packages/shadowlist-fabric/src/ShadowListNative.tsx	javascript	parameter	item	item	standard	102
shadowlist-fabric	packages/shadowlist-fabric/src/ShadowListNative.tsx	javascript	constant	keys	keys	standard	104
shadowlist-fabric	packages/shadowlist-fabric/src/ShadowListNative.tsx	javascript	constant	templates	templates	standard	105
shadowlist-fabric	packages/shadowlist-fabric/src/ShadowListNative.tsx	javascript	variable	index	index	standard	106
shadowlist-fabric	packages/shadowlist-fabric/src/ShadowListNative.tsx	javascript	constant	item	item	standard	107
shadowlist-fabric	packages/shadowlist-fabric/src/ShadowListNative.tsx	javascript	parameter	count	count	standard	124
shadowlist-fabric	packages/shadowlist-fabric/src/ShadowListNative.tsx	javascript	parameter	binding	binding	standard	128
shadowlist-fabric	packages/shadowlist-fabric/src/ShadowListNative.tsx	javascript	parameter	session	session	standard	129
shadowlist-fabric	packages/shadowlist-fabric/src/ShadowListNative.tsx	javascript	parameter	indexed	indexed	standard	130
shadowlist-fabric	packages/shadowlist-fabric/src/ShadowListNative.tsx	javascript	parameter	templateOf	templateOf	standard	131
shadowlist-fabric	packages/shadowlist-fabric/src/ShadowListNative.tsx	javascript	parameter	extraWindow	extraWindow	standard	132
shadowlist-fabric	packages/shadowlist-fabric/src/ShadowListNative.tsx	javascript	parameter	index	index	standard	132
shadowlist-fabric	packages/shadowlist-fabric/src/ShadowListNative.tsx	javascript	parameter	item	item	standard	132
shadowlist-fabric	packages/shadowlist-fabric/src/ShadowListNative.tsx	javascript	parameter	getExtra	getExtra	standard	133
shadowlist-fabric	packages/shadowlist-fabric/src/ShadowListNative.tsx	javascript	parameter	index	index	standard	134
shadowlist-fabric	packages/shadowlist-fabric/src/ShadowListNative.tsx	javascript	parameter	scrollToStart	scrollToStart	standard	134
shadowlist-fabric	packages/shadowlist-fabric/src/ShadowListNative.tsx	javascript	constant	count	count	standard	137
shadowlist-fabric	packages/shadowlist-fabric/src/ShadowListNative.tsx	javascript	constant	extras	extras	standard	139
shadowlist-fabric	packages/shadowlist-fabric/src/ShadowListNative.tsx	javascript	parameter	index	index	standard	145
shadowlist-fabric	packages/shadowlist-fabric/src/ShadowListNative.tsx	javascript	constant	indices	indices	standard	147
shadowlist-fabric	packages/shadowlist-fabric/src/ShadowListNative.tsx	javascript	constant	items	items	standard	148
shadowlist-fabric	packages/shadowlist-fabric/src/ShadowListNative.tsx	javascript	constant	templates	templates	standard	149
shadowlist-fabric	packages/shadowlist-fabric/src/ShadowListNative.tsx	javascript	variable	entry	entry	standard	150
shadowlist-fabric	packages/shadowlist-fabric/src/ShadowListNative.tsx	javascript	constant	index	index	standard	151
shadowlist-fabric	packages/shadowlist-fabric/src/ShadowListNative.tsx	javascript	constant	item	item	standard	151
shadowlist-fabric	packages/shadowlist-fabric/src/ShadowListNative.tsx	javascript	parameter	binding	binding	standard	173
shadowlist-fabric	packages/shadowlist-fabric/src/ShadowListNative.tsx	javascript	parameter	session	session	standard	174
shadowlist-fabric	packages/shadowlist-fabric/src/ShadowListNative.tsx	javascript	parameter	items	items	standard	175
shadowlist-fabric	packages/shadowlist-fabric/src/ShadowListNative.tsx	javascript	parameter	keyExtractor	keyExtractor	standard	176
shadowlist-fabric	packages/shadowlist-fabric/src/ShadowListNative.tsx	javascript	parameter	index	index	standard	177
shadowlist-fabric	packages/shadowlist-fabric/src/ShadowListNative.tsx	javascript	parameter	item	item	standard	177
shadowlist-fabric	packages/shadowlist-fabric/src/ShadowListNative.tsx	javascript	parameter	templateOf	templateOf	standard	177
shadowlist-fabric	packages/shadowlist-fabric/src/ShadowListNative.tsx	javascript	parameter	index	index	standard	178
shadowlist-fabric	packages/shadowlist-fabric/src/ShadowListNative.tsx	javascript	parameter	item	item	standard	178
shadowlist-fabric	packages/shadowlist-fabric/src/ShadowListNative.tsx	javascript	constant	keys	keys	standard	180
shadowlist-fabric	packages/shadowlist-fabric/src/ShadowListNative.tsx	javascript	constant	templates	templates	standard	180
shadowlist-fabric	packages/shadowlist-fabric/src/ShadowListNative.tsx	javascript	parameter	data	data	standard	192
shadowlist-fabric	packages/shadowlist-fabric/src/ShadowListNative.tsx	javascript	parameter	initialData	initialData	standard	193
shadowlist-fabric	packages/shadowlist-fabric/src/ShadowListNative.tsx	javascript	parameter	indexed	indexed	standard	194
shadowlist-fabric	packages/shadowlist-fabric/src/ShadowListNative.tsx	javascript	parameter	getExtra	getExtra	standard	195
shadowlist-fabric	packages/shadowlist-fabric/src/ShadowListNative.tsx	javascript	parameter	extraPadding	extraPadding	standard	196
shadowlist-fabric	packages/shadowlist-fabric/src/ShadowListNative.tsx	javascript	parameter	stickyHeaderIndices	stickyHeaderIndices	standard	197
shadowlist-fabric	packages/shadowlist-fabric/src/ShadowListNative.tsx	javascript	parameter	keyExtractor	keyExtractor	standard	198
shadowlist-fabric	packages/shadowlist-fabric/src/ShadowListNative.tsx	javascript	parameter	templates	templates	standard	199
shadowlist-fabric	packages/shadowlist-fabric/src/ShadowListNative.tsx	javascript	parameter	templateKey	templateKey	standard	200
shadowlist-fabric	packages/shadowlist-fabric/src/ShadowListNative.tsx	javascript	parameter	getTemplate	getTemplate	standard	201
shadowlist-fabric	packages/shadowlist-fabric/src/ShadowListNative.tsx	javascript	parameter	onElementPress	onElementPress	standard	202
shadowlist-fabric	packages/shadowlist-fabric/src/ShadowListNative.tsx	javascript	parameter	onElementLongPress	onElementLongPress	standard	203
shadowlist-fabric	packages/shadowlist-fabric/src/ShadowListNative.tsx	javascript	parameter	longPressDelay	longPressDelay	standard	204
shadowlist-fabric	packages/shadowlist-fabric/src/ShadowListNative.tsx	javascript	parameter	onVisibleRangeChange	onVisibleRangeChange	standard	205
shadowlist-fabric	packages/shadowlist-fabric/src/ShadowListNative.tsx	javascript	parameter	style	style	standard	206
shadowlist-fabric	packages/shadowlist-fabric/src/ShadowListNative.tsx	javascript	parameter	elementStyle	elementStyle	standard	207
shadowlist-fabric	packages/shadowlist-fabric/src/ShadowListNative.tsx	javascript	parameter	testID	testID	standard	208
shadowlist-fabric	packages/shadowlist-fabric/src/ShadowListNative.tsx	javascript	parameter	inverted	inverted	standard	209
shadowlist-fabric	packages/shadowlist-fabric/src/ShadowListNative.tsx	javascript	parameter	followAppends	followAppends	standard	210
shadowlist-fabric	packages/shadowlist-fabric/src/ShadowListNative.tsx	javascript	parameter	horizontal	horizontal	standard	211
shadowlist-fabric	packages/shadowlist-fabric/src/ShadowListNative.tsx	javascript	parameter	columns	columns	standard	212
shadowlist-fabric	packages/shadowlist-fabric/src/ShadowListNative.tsx	javascript	parameter	overscan	overscan	standard	213
shadowlist-fabric	packages/shadowlist-fabric/src/ShadowListNative.tsx	javascript	parameter	initialNumToRender	initialNumToRender	standard	214
shadowlist-fabric	packages/shadowlist-fabric/src/ShadowListNative.tsx	javascript	parameter	padRows	padRows	standard	215
shadowlist-fabric	packages/shadowlist-fabric/src/ShadowListNative.tsx	javascript	parameter	cacheRows	cacheRows	standard	216
shadowlist-fabric	packages/shadowlist-fabric/src/ShadowListNative.tsx	javascript	parameter	initialScrollIndex	initialScrollIndex	standard	217
shadowlist-fabric	packages/shadowlist-fabric/src/ShadowListNative.tsx	javascript	parameter	stickyHeader	stickyHeader	standard	218
shadowlist-fabric	packages/shadowlist-fabric/src/ShadowListNative.tsx	javascript	parameter	stickyFooter	stickyFooter	standard	219
shadowlist-fabric	packages/shadowlist-fabric/src/ShadowListNative.tsx	javascript	parameter	autoHideHeader	autoHideHeader	standard	220
shadowlist-fabric	packages/shadowlist-fabric/src/ShadowListNative.tsx	javascript	parameter	autoHideFooter	autoHideFooter	standard	221
shadowlist-fabric	packages/shadowlist-fabric/src/ShadowListNative.tsx	javascript	parameter	snapToItem	snapToItem	standard	222
shadowlist-fabric	packages/shadowlist-fabric/src/ShadowListNative.tsx	javascript	parameter	snapToAlignment	snapToAlignment	standard	223
shadowlist-fabric	packages/shadowlist-fabric/src/ShadowListNative.tsx	javascript	parameter	refreshing	refreshing	standard	224
shadowlist-fabric	packages/shadowlist-fabric/src/ShadowListNative.tsx	javascript	parameter	onRefresh	onRefresh	standard	225
shadowlist-fabric	packages/shadowlist-fabric/src/ShadowListNative.tsx	javascript	parameter	onRefreshSettle	onRefreshSettle	standard	226
shadowlist-fabric	packages/shadowlist-fabric/src/ShadowListNative.tsx	javascript	parameter	refreshColor	refreshColor	standard	227
shadowlist-fabric	packages/shadowlist-fabric/src/ShadowListNative.tsx	javascript	parameter	onStartReached	onStartReached	standard	228
shadowlist-fabric	packages/shadowlist-fabric/src/ShadowListNative.tsx	javascript	parameter	onEndReached	onEndReached	standard	229
shadowlist-fabric	packages/shadowlist-fabric/src/ShadowListNative.tsx	javascript	parameter	onStartReachedThreshold	onStartReachedThreshold	standard	230
shadowlist-fabric	packages/shadowlist-fabric/src/ShadowListNative.tsx	javascript	parameter	onEndReachedThreshold	onEndReachedThreshold	standard	231
shadowlist-fabric	packages/shadowlist-fabric/src/ShadowListNative.tsx	javascript	parameter	onScroll	onScroll	standard	232
shadowlist-fabric	packages/shadowlist-fabric/src/ShadowListNative.tsx	javascript	parameter	ListHeaderComponent	ListHeaderComponent	standard	233
shadowlist-fabric	packages/shadowlist-fabric/src/ShadowListNative.tsx	javascript	parameter	ListFooterComponent	ListFooterComponent	standard	234
shadowlist-fabric	packages/shadowlist-fabric/src/ShadowListNative.tsx	javascript	parameter	ListEmptyComponent	ListEmptyComponent	standard	235
shadowlist-fabric	packages/shadowlist-fabric/src/ShadowListNative.tsx	javascript	parameter	ref	ref	standard	237
shadowlist-fabric	packages/shadowlist-fabric/src/ShadowListNative.tsx	javascript	constant	viewRef	viewRef	standard	240
shadowlist-fabric	packages/shadowlist-fabric/src/ShadowListNative.tsx	javascript	constant	binding	binding	standard	241
shadowlist-fabric	packages/shadowlist-fabric/src/ShadowListNative.tsx	javascript	constant	sessionRef	sessionRef	standard	250
shadowlist-fabric	packages/shadowlist-fabric/src/ShadowListNative.tsx	javascript	constant	session	session	standard	260
shadowlist-fabric	packages/shadowlist-fabric/src/ShadowListNative.tsx	javascript	constant	listId	listId	standard	261
shadowlist-fabric	packages/shadowlist-fabric/src/ShadowListNative.tsx	javascript	constant	controlled	controlled	standard	262
shadowlist-fabric	packages/shadowlist-fabric/src/ShadowListNative.tsx	javascript	constant	source	source	standard	263
shadowlist-fabric	packages/shadowlist-fabric/src/ShadowListNative.tsx	javascript	parameter	index	index	standard	265
shadowlist-fabric	packages/shadowlist-fabric/src/ShadowListNative.tsx	javascript	parameter	item	item	standard	265
shadowlist-fabric	packages/shadowlist-fabric/src/ShadowListNative.tsx	javascript	constant	templateOf	templateOf	standard	265
shadowlist-fabric	packages/shadowlist-fabric/src/ShadowListNative.tsx	javascript	parameter	item	item	standard	269
shadowlist-fabric	packages/shadowlist-fabric/src/ShadowListNative.tsx	javascript	constant	itemsRef	itemsRef	standard	275
shadowlist-fabric	packages/shadowlist-fabric/src/ShadowListNative.tsx	javascript	constant	setStoreCount	setStoreCount	standard	278
shadowlist-fabric	packages/shadowlist-fabric/src/ShadowListNative.tsx	javascript	constant	storeCount	storeCount	standard	278
shadowlist-fabric	packages/shadowlist-fabric/src/ShadowListNative.tsx	javascript	constant	getExtraRef	getExtraRef	standard	284
shadowlist-fabric	packages/shadowlist-fabric/src/ShadowListNative.tsx	javascript	constant	bindingRef	bindingRef	standard	285
shadowlist-fabric	packages/shadowlist-fabric/src/ShadowListNative.tsx	javascript	constant	extraWindowRef	extraWindowRef	standard	287
shadowlist-fabric	packages/shadowlist-fabric/src/ShadowListNative.tsx	javascript	constant	start	start	standard	289
shadowlist-fabric	packages/shadowlist-fabric/src/ShadowListNative.tsx	javascript	parameter	index	index	standard	292
shadowlist-fabric	packages/shadowlist-fabric/src/ShadowListNative.tsx	javascript	parameter	patch	patch	standard	292
shadowlist-fabric	packages/shadowlist-fabric/src/ShadowListNative.tsx	javascript	constant	store	store	standard	293
shadowlist-fabric	packages/shadowlist-fabric/src/ShadowListNative.tsx	javascript	constant	synced	synced	standard	295
shadowlist-fabric	packages/shadowlist-fabric/src/ShadowListNative.tsx	javascript	constant	indexedData	indexedData	standard	296
shadowlist-fabric	packages/shadowlist-fabric/src/ShadowListNative.tsx	javascript	constant	ids	ids	standard	301
shadowlist-fabric	packages/shadowlist-fabric/src/ShadowListNative.tsx	javascript	constant	key	key	standard	306
shadowlist-fabric	packages/shadowlist-fabric/src/ShadowListNative.tsx	javascript	constant	pick	pick	standard	307
shadowlist-fabric	packages/shadowlist-fabric/src/ShadowListNative.tsx	javascript	variable	template	template	standard	308
shadowlist-fabric	packages/shadowlist-fabric/src/ShadowListNative.tsx	javascript	constant	previous	previous	standard	310
shadowlist-fabric	packages/shadowlist-fabric/src/ShadowListNative.tsx	javascript	constant	extraWindow	extraWindow	standard	324
shadowlist-fabric	packages/shadowlist-fabric/src/ShadowListNative.tsx	javascript	constant	extract	extract	standard	378
shadowlist-fabric	packages/shadowlist-fabric/src/ShadowListNative.tsx	javascript	constant	pick	pick	standard	378
shadowlist-fabric	packages/shadowlist-fabric/src/ShadowListNative.tsx	javascript	parameter	index	index	standard	409
shadowlist-fabric	packages/shadowlist-fabric/src/ShadowListNative.tsx	javascript	constant	count	count	standard	414
shadowlist-fabric	packages/shadowlist-fabric/src/ShadowListNative.tsx	javascript	constant	handlersRef	handlersRef	standard	416
shadowlist-fabric	packages/shadowlist-fabric/src/ShadowListNative.tsx	javascript	constant	settlePendingRef	settlePendingRef	standard	436
shadowlist-fabric	packages/shadowlist-fabric/src/ShadowListNative.tsx	javascript	constant	handleRefreshSettle	handleRefreshSettle	standard	437
shadowlist-fabric	packages/shadowlist-fabric/src/ShadowListNative.tsx	javascript	constant	wasRefreshingRef	wasRefreshingRef	standard	442
shadowlist-fabric	packages/shadowlist-fabric/src/ShadowListNative.tsx	javascript	constant	wasRefreshing	wasRefreshing	standard	444
shadowlist-fabric	packages/shadowlist-fabric/src/ShadowListNative.tsx	javascript	constant	timer	timer	standard	448
shadowlist-fabric	packages/shadowlist-fabric/src/ShadowListNative.tsx	javascript	constant	context	context	standard	455
shadowlist-fabric	packages/shadowlist-fabric/src/ShadowListNative.tsx	javascript	parameter	action	action	standard	457
shadowlist-fabric	packages/shadowlist-fabric/src/ShadowListNative.tsx	javascript	parameter	elementId	elementId	standard	457
shadowlist-fabric	packages/shadowlist-fabric/src/ShadowListNative.tsx	javascript	parameter	long	long	standard	457
shadowlist-fabric	packages/shadowlist-fabric/src/ShadowListNative.tsx	javascript	parameter	pageX	pageX	standard	457
shadowlist-fabric	packages/shadowlist-fabric/src/ShadowListNative.tsx	javascript	parameter	pageY	pageY	standard	457
shadowlist-fabric	packages/shadowlist-fabric/src/ShadowListNative.tsx	javascript	parameter	target	target	standard	457
shadowlist-fabric	packages/shadowlist-fabric/src/ShadowListNative.tsx	javascript	constant	handler	handler	standard	458
shadowlist-fabric	packages/shadowlist-fabric/src/ShadowListNative.tsx	javascript	constant	hit	hit	standard	462
shadowlist-fabric	packages/shadowlist-fabric/src/ShadowListNative.tsx	javascript	constant	handleVisibleIndicesChange	handleVisibleIndicesChange	standard	483
shadowlist-fabric	packages/shadowlist-fabric/src/ShadowListNative.tsx	javascript	parameter	event	event	standard	484
shadowlist-fabric	packages/shadowlist-fabric/src/ShadowListNative.tsx	javascript	constant	handler	handler	standard	485
shadowlist-fabric	packages/shadowlist-fabric/src/ShadowListNative.tsx	javascript	constant	visibleEndIndex	visibleEndIndex	standard	486
shadowlist-fabric	packages/shadowlist-fabric/src/ShadowListNative.tsx	javascript	constant	visibleStartIndex	visibleStartIndex	standard	486
shadowlist-fabric	packages/shadowlist-fabric/src/ShadowListNative.tsx	javascript	constant	range	range	standard	488
shadowlist-fabric	packages/shadowlist-fabric/src/ShadowListNative.tsx	javascript	parameter	index	index	standard	502
shadowlist-fabric	packages/shadowlist-fabric/src/ShadowListNative.tsx	javascript	constant	insert	insert	standard	502
shadowlist-fabric	packages/shadowlist-fabric/src/ShadowListNative.tsx	javascript	parameter	items	items	standard	502
shadowlist-fabric	packages/shadowlist-fabric/src/ShadowListNative.tsx	javascript	constant	keys	keys	standard	504
shadowlist-fabric	packages/shadowlist-fabric/src/ShadowListNative.tsx	javascript	constant	rowTemplates	rowTemplates	standard	504
shadowlist-fabric	packages/shadowlist-fabric/src/ShadowListNative.tsx	javascript	constant	next	next	standard	509
shadowlist-fabric	packages/shadowlist-fabric/src/ShadowListNative.tsx	javascript	parameter	key	key	standard	519
shadowlist-fabric	packages/shadowlist-fabric/src/ShadowListNative.tsx	javascript	parameter	patch	patch	standard	519
shadowlist-fabric	packages/shadowlist-fabric/src/ShadowListNative.tsx	javascript	parameter	replace	replace	standard	519
shadowlist-fabric	packages/shadowlist-fabric/src/ShadowListNative.tsx	javascript	constant	update	update	standard	519
shadowlist-fabric	packages/shadowlist-fabric/src/ShadowListNative.tsx	javascript	constant	currentTemplateOf	currentTemplateOf	standard	521
shadowlist-fabric	packages/shadowlist-fabric/src/ShadowListNative.tsx	javascript	variable	template	template	standard	522
shadowlist-fabric	packages/shadowlist-fabric/src/ShadowListNative.tsx	javascript	constant	previous	previous	standard	524
shadowlist-fabric	packages/shadowlist-fabric/src/ShadowListNative.tsx	javascript	constant	next	next	standard	526
shadowlist-fabric	packages/shadowlist-fabric/src/ShadowListNative.tsx	javascript	parameter	key	key	standard	537
shadowlist-fabric	packages/shadowlist-fabric/src/ShadowListNative.tsx	javascript	parameter	patch	patch	standard	537
shadowlist-fabric	packages/shadowlist-fabric/src/ShadowListNative.tsx	javascript	parameter	item	item	standard	538
shadowlist-fabric	packages/shadowlist-fabric/src/ShadowListNative.tsx	javascript	parameter	key	key	standard	538
shadowlist-fabric	packages/shadowlist-fabric/src/ShadowListNative.tsx	javascript	parameter	items	items	standard	540
shadowlist-fabric	packages/shadowlist-fabric/src/ShadowListNative.tsx	javascript	parameter	items	items	standard	541
shadowlist-fabric	packages/shadowlist-fabric/src/ShadowListNative.tsx	javascript	parameter	keys	keys	standard	542
shadowlist-fabric	packages/shadowlist-fabric/src/ShadowListNative.tsx	javascript	constant	next	next	standard	544
shadowlist-fabric	packages/shadowlist-fabric/src/ShadowListNative.tsx	javascript	parameter	key	key	standard	548
shadowlist-fabric	packages/shadowlist-fabric/src/ShadowListNative.tsx	javascript	parameter	toIndex	toIndex	standard	548
shadowlist-fabric	packages/shadowlist-fabric/src/ShadowListNative.tsx	javascript	parameter	items	items	standard	550
shadowlist-fabric	packages/shadowlist-fabric/src/ShadowListNative.tsx	javascript	parameter	options	options	standard	550
shadowlist-fabric	packages/shadowlist-fabric/src/ShadowListNative.tsx	javascript	constant	keys	keys	standard	552
shadowlist-fabric	packages/shadowlist-fabric/src/ShadowListNative.tsx	javascript	constant	rowTemplates	rowTemplates	standard	552
shadowlist-fabric	packages/shadowlist-fabric/src/ShadowListNative.tsx	javascript	constant	next	next	standard	557
shadowlist-fabric	packages/shadowlist-fabric/src/ShadowListNative.tsx	javascript	parameter	elementId	elementId	standard	567
shadowlist-fabric	packages/shadowlist-fabric/src/ShadowListNative.tsx	javascript	parameter	nextStyle	nextStyle	standard	567
shadowlist-fabric	packages/shadowlist-fabric/src/ShadowListNative.tsx	javascript	parameter	template	template	standard	567
shadowlist-fabric	packages/shadowlist-fabric/src/ShadowListNative.tsx	javascript	parameter	key	key	standard	574
shadowlist-fabric	packages/shadowlist-fabric/src/ShadowListNative.tsx	javascript	parameter	enabled	enabled	standard	577
shadowlist-fabric	packages/shadowlist-fabric/src/ShadowListNative.tsx	javascript	parameter	enabled	enabled	standard	581
shadowlist-fabric	packages/shadowlist-fabric/src/ShadowListNative.tsx	javascript	parameter	index	index	standard	589
shadowlist-fabric	packages/shadowlist-fabric/src/ShadowListNative.tsx	javascript	parameter	viewPosition	viewPosition	standard	589
shadowlist-fabric	packages/shadowlist-fabric/src/ShadowListNative.tsx	javascript	parameter	animated	animated	standard	595
shadowlist-fabric	packages/shadowlist-fabric/src/ShadowListNative.tsx	javascript	parameter	offset	offset	standard	595
shadowlist-fabric	packages/shadowlist-fabric/src/ShadowListNative.tsx	javascript	parameter	indices	indices	standard	601
shadowlist-fabric	packages/shadowlist-fabric/src/ShadowListNative.tsx	javascript	constant	stickyIndices	stickyIndices	standard	606
shadowlist-fabric	packages/shadowlist-fabric/src/ShadowListNative.tsx	javascript	parameter	index	index	standard	610
shadowlist-fabric	packages/shadowlist-fabric/src/ShadowListNative.tsx	javascript	parameter	a	a	standard	611
shadowlist-fabric	packages/shadowlist-fabric/src/ShadowListNative.tsx	javascript	parameter	b	b	standard	611
shadowlist-fabric	packages/shadowlist-fabric/src/ShadowListNative.tsx	javascript	constant	elementBaseStyle	elementBaseStyle	standard	616
shadowlist-fabric	packages/shadowlist-fabric/src/ShadowListNative.tsx	javascript	constant	dimension	dimension	standard	617
shadowlist-fabric	packages/shadowlist-fabric/src/ShadowListNative.tsx	javascript	constant	templateViews	templateViews	standard	629
shadowlist-fabric	packages/shadowlist-fabric/src/ShadowListNative.tsx	javascript	parameter	element	element	standard	631
shadowlist-fabric	packages/shadowlist-fabric/src/ShadowListNative.tsx	javascript	parameter	name	name	standard	631
shadowlist-fabric	packages/shadowlist-fabric/src/ShadowListNative.tsx	javascript	constant	header	header	standard	645
shadowlist-fabric	packages/shadowlist-fabric/src/ShadowListNative.tsx	javascript	constant	footer	footer	standard	649
shadowlist-fabric	packages/shadowlist-fabric/src/ShadowListNative.tsx	javascript	constant	empty	empty	standard	653
shadowlist-fabric	packages/shadowlist-fabric/src/ShadowListNative.tsx	javascript	constant	returnTrue	returnTrue	standard	764
shadowlist-fabric	packages/shadowlist-fabric/src/ShadowListNative.tsx	javascript	parameter	event	event	standard	770
shadowlist-fabric	packages/shadowlist-fabric/src/ShadowListNative.tsx	javascript	constant	touch	touch	standard	771
shadowlist-fabric	packages/shadowlist-fabric/src/ShadowListNative.tsx	javascript	constant	PRESS_SLOP	PRESS_SLOP	standard	776
shadowlist-fabric	packages/shadowlist-fabric/src/ShadowListNative.tsx	javascript	parameter	action	action	standard	778
shadowlist-fabric	packages/shadowlist-fabric/src/ShadowListNative.tsx	javascript	parameter	id	id	standard	778
shadowlist-fabric	packages/shadowlist-fabric/src/ShadowListNative.tsx	javascript	constant	context	context	standard	779
shadowlist-fabric	packages/shadowlist-fabric/src/ShadowListNative.tsx	javascript	constant	pressResponder	pressResponder	standard	780
shadowlist-fabric	packages/shadowlist-fabric/src/ShadowListNative.tsx	javascript	variable	start	start	standard	786
shadowlist-fabric	packages/shadowlist-fabric/src/ShadowListNative.tsx	javascript	variable	longTimer	longTimer	standard	788
shadowlist-fabric	packages/shadowlist-fabric/src/ShadowListNative.tsx	javascript	constant	cancelLong	cancelLong	standard	789
shadowlist-fabric	packages/shadowlist-fabric/src/ShadowListNative.tsx	javascript	constant	handlers	handlers	standard	793
shadowlist-fabric	packages/shadowlist-fabric/src/ShadowListNative.tsx	javascript	parameter	event	event	standard	796
shadowlist-fabric	packages/shadowlist-fabric/src/ShadowListNative.tsx	javascript	constant	origin	origin	standard	797
shadowlist-fabric	packages/shadowlist-fabric/src/ShadowListNative.tsx	javascript	constant	delay	delay	standard	804
shadowlist-fabric	packages/shadowlist-fabric/src/ShadowListNative.tsx	javascript	parameter	event	event	standard	814
shadowlist-fabric	packages/shadowlist-fabric/src/ShadowListNative.tsx	javascript	constant	origin	origin	standard	815
shadowlist-fabric	packages/shadowlist-fabric/src/ShadowListNative.tsx	javascript	parameter	event	event	standard	828
shadowlist-fabric	packages/shadowlist-fabric/src/ShadowListNative.tsx	javascript	constant	origin	origin	standard	829
shadowlist-fabric	packages/shadowlist-fabric/src/ShadowListNative.tsx	javascript	constant	pageX	pageX	standard	832
shadowlist-fabric	packages/shadowlist-fabric/src/ShadowListNative.tsx	javascript	constant	pageY	pageY	standard	832
shadowlist-fabric	packages/shadowlist-fabric/src/ShadowListNative.tsx	javascript	constant	NativeView	NativeView	standard	858
shadowlist-fabric	packages/shadowlist-fabric/src/ShadowListNative.tsx	javascript	parameter	action	action	standard	860
shadowlist-fabric	packages/shadowlist-fabric/src/ShadowListNative.tsx	javascript	parameter	bind	bind	standard	860
shadowlist-fabric	packages/shadowlist-fabric/src/ShadowListNative.tsx	javascript	parameter	forwardedRef	forwardedRef	standard	860
shadowlist-fabric	packages/shadowlist-fabric/src/ShadowListNative.tsx	javascript	parameter	id	id	standard	860
shadowlist-fabric	packages/shadowlist-fabric/src/ShadowListNative.tsx	javascript	parameter	nativeID	nativeID	standard	860
shadowlist-fabric	packages/shadowlist-fabric/src/ShadowListNative.tsx	javascript	parameter	props	props	standard	860
shadowlist-fabric	packages/shadowlist-fabric/src/ShadowListNative.tsx	javascript	parameter	repeat	repeat	standard	860
shadowlist-fabric	packages/shadowlist-fabric/src/ShadowListNative.tsx	javascript	parameter	repeatMax	repeatMax	standard	860
shadowlist-fabric	packages/shadowlist-fabric/src/ShadowListNative.tsx	javascript	constant	responder	responder	standard	863
shadowlist-fabric	packages/shadowlist-fabric/src/ShadowListNative.tsx	javascript	constant	NativeText	NativeText	standard	878
shadowlist-fabric	packages/shadowlist-fabric/src/ShadowListNative.tsx	javascript	parameter	action	action	standard	879
shadowlist-fabric	packages/shadowlist-fabric/src/ShadowListNative.tsx	javascript	parameter	bind	bind	standard	879
shadowlist-fabric	packages/shadowlist-fabric/src/ShadowListNative.tsx	javascript	parameter	children	children	standard	879
shadowlist-fabric	packages/shadowlist-fabric/src/ShadowListNative.tsx	javascript	parameter	forwardedRef	forwardedRef	standard	879
shadowlist-fabric	packages/shadowlist-fabric/src/ShadowListNative.tsx	javascript	parameter	id	id	standard	879
shadowlist-fabric	packages/shadowlist-fabric/src/ShadowListNative.tsx	javascript	parameter	nativeID	nativeID	standard	879
shadowlist-fabric	packages/shadowlist-fabric/src/ShadowListNative.tsx	javascript	parameter	props	props	standard	879
shadowlist-fabric	packages/shadowlist-fabric/src/ShadowListNative.tsx	javascript	constant	responder	responder	standard	880
shadowlist-fabric	packages/shadowlist-fabric/src/ShadowListNative.tsx	javascript	constant	NativeImage	NativeImage	standard	894
shadowlist-fabric	packages/shadowlist-fabric/src/ShadowListNative.tsx	javascript	parameter	action	action	standard	895
shadowlist-fabric	packages/shadowlist-fabric/src/ShadowListNative.tsx	javascript	parameter	bind	bind	standard	895
shadowlist-fabric	packages/shadowlist-fabric/src/ShadowListNative.tsx	javascript	parameter	forwardedRef	forwardedRef	standard	895
shadowlist-fabric	packages/shadowlist-fabric/src/ShadowListNative.tsx	javascript	parameter	id	id	standard	895
shadowlist-fabric	packages/shadowlist-fabric/src/ShadowListNative.tsx	javascript	parameter	nativeID	nativeID	standard	895
shadowlist-fabric	packages/shadowlist-fabric/src/ShadowListNative.tsx	javascript	parameter	props	props	standard	895
shadowlist-fabric	packages/shadowlist-fabric/src/ShadowListNative.tsx	javascript	constant	responder	responder	standard	896
shadowlist-fabric	packages/shadowlist-fabric/src/ShadowListNative.tsx	javascript	constant	styles	styles	standard	908
shadowlist-fabric	packages/shadowlist-fabric/src/ShadowListNative.tsx	javascript	parameter	props	props	standard	929
shadowlist-fabric	packages/shadowlist-fabric/src/ShadowListNative.tsx	javascript	constant	ShadowListNative	ShadowListNative	standard	939
shadowlist-fabric	packages/shadowlist-fabric/src/ShadowListViewNativeComponent.ts	javascript	parameter	viewRef	viewRef	standard	47
shadowlist-fabric	packages/shadowlist-fabric/src/ShadowListViewNativeComponent.ts	javascript	parameter	enabled	enabled	standard	48
shadowlist-fabric	packages/shadowlist-fabric/src/ShadowListViewNativeComponent.ts	javascript	parameter	viewRef	viewRef	standard	51
shadowlist-fabric	packages/shadowlist-fabric/src/ShadowListViewNativeComponent.ts	javascript	parameter	enabled	enabled	standard	52
shadowlist-fabric	packages/shadowlist-fabric/src/ShadowListViewNativeComponent.ts	javascript	parameter	viewRef	viewRef	standard	55
shadowlist-fabric	packages/shadowlist-fabric/src/ShadowListViewNativeComponent.ts	javascript	parameter	index	index	standard	56
shadowlist-fabric	packages/shadowlist-fabric/src/ShadowListViewNativeComponent.ts	javascript	parameter	viewPosition	viewPosition	standard	57
shadowlist-fabric	packages/shadowlist-fabric/src/ShadowListViewNativeComponent.ts	javascript	parameter	viewRef	viewRef	standard	61
shadowlist-fabric	packages/shadowlist-fabric/src/ShadowListViewNativeComponent.ts	javascript	parameter	offset	offset	standard	62
shadowlist-fabric	packages/shadowlist-fabric/src/ShadowListViewNativeComponent.ts	javascript	parameter	animated	animated	standard	63
shadowlist-fabric	packages/shadowlist-fabric/src/ShadowListViewNativeComponent.ts	javascript	parameter	viewRef	viewRef	standard	66
shadowlist-fabric	packages/shadowlist-fabric/src/ShadowListViewNativeComponent.ts	javascript	parameter	animated	animated	standard	67
shadowlist-fabric	packages/shadowlist-fabric/src/ShadowListViewNativeComponent.ts	javascript	constant	Commands	Commands	standard	111
shadowlist-fabric	packages/shadowlist-fabric/src/TreeList.tsx	javascript	parameter	previous	previous	standard	35
shadowlist-fabric	packages/shadowlist-fabric/src/TreeList.tsx	javascript	parameter	next	next	standard	36
shadowlist-fabric	packages/shadowlist-fabric/src/TreeList.tsx	javascript	parameter	ids	ids	standard	48
shadowlist-fabric	packages/shadowlist-fabric/src/TreeList.tsx	javascript	constant	EMPTY_SIZES	EMPTY_SIZES	standard	56
shadowlist-fabric	packages/shadowlist-fabric/src/TreeList.tsx	javascript	parameter	data	data	standard	59
shadowlist-fabric	packages/shadowlist-fabric/src/TreeList.tsx	javascript	parameter	getChildren	getChildren	standard	60
shadowlist-fabric	packages/shadowlist-fabric/src/TreeList.tsx	javascript	parameter	keyExtractor	keyExtractor	standard	61
shadowlist-fabric	packages/shadowlist-fabric/src/TreeList.tsx	javascript	parameter	renderElement	renderElement	standard	62
shadowlist-fabric	packages/shadowlist-fabric/src/TreeList.tsx	javascript	parameter	expandedIds	expandedIds	standard	63
shadowlist-fabric	packages/shadowlist-fabric/src/TreeList.tsx	javascript	parameter	initialExpandedIds	initialExpandedIds	standard	64
shadowlist-fabric	packages/shadowlist-fabric/src/TreeList.tsx	javascript	parameter	onExpandedChange	onExpandedChange	standard	65
shadowlist-fabric	packages/shadowlist-fabric/src/TreeList.tsx	javascript	parameter	indentWidth	indentWidth	standard	66
shadowlist-fabric	packages/shadowlist-fabric/src/TreeList.tsx	javascript	parameter	getElementSizeSpec	getElementSizeSpec	standard	67
shadowlist-fabric	packages/shadowlist-fabric/src/TreeList.tsx	javascript	parameter	rest	rest	standard	69
shadowlist-fabric	packages/shadowlist-fabric/src/TreeList.tsx	javascript	parameter	ref	ref	standard	70
shadowlist-fabric	packages/shadowlist-fabric/src/TreeList.tsx	javascript	constant	innerRef	innerRef	standard	73
shadowlist-fabric	packages/shadowlist-fabric/src/TreeList.tsx	javascript	constant	isControlled	isControlled	standard	75
shadowlist-fabric	packages/shadowlist-fabric/src/TreeList.tsx	javascript	constant	internalExpanded	internalExpanded	standard	76
shadowlist-fabric	packages/shadowlist-fabric/src/TreeList.tsx	javascript	constant	setInternalExpanded	setInternalExpanded	standard	76
shadowlist-fabric	packages/shadowlist-fabric/src/TreeList.tsx	javascript	constant	expandedSet	expandedSet	standard	79
shadowlist-fabric	packages/shadowlist-fabric/src/TreeList.tsx	javascript	constant	expandedRef	expandedRef	standard	85
shadowlist-fabric	packages/shadowlist-fabric/src/TreeList.tsx	javascript	constant	previousRowsRef	previousRowsRef	standard	92
shadowlist-fabric	packages/shadowlist-fabric/src/TreeList.tsx	javascript	constant	indexByKey	indexByKey	standard	94
shadowlist-fabric	packages/shadowlist-fabric/src/TreeList.tsx	javascript	constant	rows	rows	standard	94
shadowlist-fabric	packages/shadowlist-fabric/src/TreeList.tsx	javascript	constant	flat	flat	standard	95
shadowlist-fabric	packages/shadowlist-fabric/src/TreeList.tsx	javascript	constant	byKey	byKey	standard	96
shadowlist-fabric	packages/shadowlist-fabric/src/TreeList.tsx	javascript	constant	previousRows	previousRows	standard	97
shadowlist-fabric	packages/shadowlist-fabric/src/TreeList.tsx	javascript	constant	nextRows	nextRows	standard	98
shadowlist-fabric	packages/shadowlist-fabric/src/TreeList.tsx	javascript	constant	stack	stack	standard	104
shadowlist-fabric	packages/shadowlist-fabric/src/TreeList.tsx	javascript	variable	index	index	standard	105
shadowlist-fabric	packages/shadowlist-fabric/src/TreeList.tsx	javascript	constant	depth	depth	standard	110
shadowlist-fabric	packages/shadowlist-fabric/src/TreeList.tsx	javascript	constant	element	element	standard	110
shadowlist-fabric	packages/shadowlist-fabric/src/TreeList.tsx	javascript	constant	id	id	standard	111
shadowlist-fabric	packages/shadowlist-fabric/src/TreeList.tsx	javascript	constant	children	children	standard	112
shadowlist-fabric	packages/shadowlist-fabric/src/TreeList.tsx	javascript	constant	hasChildren	hasChildren	standard	113
shadowlist-fabric	packages/shadowlist-fabric/src/TreeList.tsx	javascript	constant	isExpanded	isExpanded	standard	114
shadowlist-fabric	packages/shadowlist-fabric/src/TreeList.tsx	javascript	constant	row	row	standard	117
shadowlist-fabric	packages/shadowlist-fabric/src/TreeList.tsx	javascript	constant	previousRow	previousRow	standard	118
shadowlist-fabric	packages/shadowlist-fabric/src/TreeList.tsx	javascript	constant	finalRow	finalRow	standard	119
shadowlist-fabric	packages/shadowlist-fabric/src/TreeList.tsx	javascript	variable	index	index	standard	124
shadowlist-fabric	packages/shadowlist-fabric/src/TreeList.tsx	javascript	constant	toggleId	toggleId	standard	138
shadowlist-fabric	packages/shadowlist-fabric/src/TreeList.tsx	javascript	parameter	id	id	standard	139
shadowlist-fabric	packages/shadowlist-fabric/src/TreeList.tsx	javascript	constant	next	next	standard	140
shadowlist-fabric	packages/shadowlist-fabric/src/TreeList.tsx	javascript	parameter	enabled	enabled	standard	153
shadowlist-fabric	packages/shadowlist-fabric/src/TreeList.tsx	javascript	parameter	enabled	enabled	standard	155
shadowlist-fabric	packages/shadowlist-fabric/src/TreeList.tsx	javascript	parameter	index	index	standard	157
shadowlist-fabric	packages/shadowlist-fabric/src/TreeList.tsx	javascript	parameter	viewPosition	viewPosition	standard	157
shadowlist-fabric	packages/shadowlist-fabric/src/TreeList.tsx	javascript	parameter	animated	animated	standard	159
shadowlist-fabric	packages/shadowlist-fabric/src/TreeList.tsx	javascript	parameter	offset	offset	standard	159
shadowlist-fabric	packages/shadowlist-fabric/src/TreeList.tsx	javascript	parameter	animated	animated	standard	161
shadowlist-fabric	packages/shadowlist-fabric/src/TreeList.tsx	javascript	parameter	id	id	standard	163
shadowlist-fabric	packages/shadowlist-fabric/src/TreeList.tsx	javascript	parameter	viewPosition	viewPosition	standard	163
shadowlist-fabric	packages/shadowlist-fabric/src/TreeList.tsx	javascript	constant	index	index	standard	164
shadowlist-fabric	packages/shadowlist-fabric/src/TreeList.tsx	javascript	parameter	key	key	standard	169
shadowlist-fabric	packages/shadowlist-fabric/src/TreeList.tsx	javascript	constant	renderRow	renderRow	standard	180
shadowlist-fabric	packages/shadowlist-fabric/src/TreeList.tsx	javascript	parameter	info	info	standard	181
shadowlist-fabric	packages/shadowlist-fabric/src/TreeList.tsx	javascript	constant	row	row	standard	182
shadowlist-fabric	packages/shadowlist-fabric/src/TreeList.tsx	javascript	constant	getRowSizeSpec	getRowSizeSpec	standard	198
shadowlist-fabric	packages/shadowlist-fabric/src/TreeList.tsx	javascript	parameter	index	index	standard	201
shadowlist-fabric	packages/shadowlist-fabric/src/TreeList.tsx	javascript	parameter	row	row	standard	201
shadowlist-fabric	packages/shadowlist-fabric/src/TreeList.tsx	javascript	parameter	props	props	standard	218
shadowlist-fabric	packages/shadowlist-fabric/src/TreeList.tsx	javascript	constant	TreeList	TreeList	standard	218
shadowlist-fabric	packages/shadowlist-fabric/src/types.ts	javascript	parameter	enabled	enabled	standard	18
shadowlist-fabric	packages/shadowlist-fabric/src/types.ts	javascript	parameter	enabled	enabled	standard	19
shadowlist-fabric	packages/shadowlist-fabric/src/types.ts	javascript	parameter	index	index	standard	24
shadowlist-fabric	packages/shadowlist-fabric/src/types.ts	javascript	parameter	viewPosition	viewPosition	standard	24
shadowlist-fabric	packages/shadowlist-fabric/src/types.ts	javascript	parameter	animated	animated	standard	25
shadowlist-fabric	packages/shadowlist-fabric/src/types.ts	javascript	parameter	offset	offset	standard	25
shadowlist-fabric	packages/shadowlist-fabric/src/types.ts	javascript	parameter	animated	animated	standard	26
shadowlist-fabric	packages/shadowlist-fabric/src/types.ts	javascript	parameter	key	key	standard	31
shadowlist-fabric	packages/shadowlist-fabric/src/types.ts	javascript	parameter	info	info	standard	61
shadowlist-fabric	packages/shadowlist-fabric/src/types.ts	javascript	parameter	element	element	standard	62
shadowlist-fabric	packages/shadowlist-fabric/src/types.ts	javascript	parameter	index	index	standard	62
shadowlist-fabric	packages/shadowlist-fabric/src/types.ts	javascript	parameter	info	info	standard	78
shadowlist-fabric	packages/shadowlist-fabric/src/types.ts	javascript	parameter	activeIndex	activeIndex	standard	80
shadowlist-fabric	packages/shadowlist-fabric/src/types.ts	javascript	parameter	element	element	standard	99
shadowlist-fabric	packages/shadowlist-fabric/src/types.ts	javascript	parameter	index	index	standard	100
shadowlist-fabric	packages/shadowlist-fabric/src/types.ts	javascript	parameter	event	event	standard	124
shadowlist-fabric	packages/shadowlist-fabric/src/types.ts	javascript	parameter	info	info	standard	128
shadowlist-fabric	packages/shadowlist-fabric/src/types.ts	javascript	parameter	element	element	standard	146
shadowlist-fabric	packages/shadowlist-fabric/src/types.ts	javascript	parameter	index	index	standard	146
shadowlist-fabric	packages/shadowlist-fabric/src/types.ts	javascript	parameter	info	info	standard	158
shadowlist-fabric	packages/shadowlist-fabric/src/types.ts	javascript	parameter	info	info	standard	187
shadowlist-fabric	packages/shadowlist-fabric/src/types.ts	javascript	parameter	info	info	standard	190
shadowlist-fabric	packages/shadowlist-fabric/src/types.ts	javascript	parameter	element	element	standard	193
shadowlist-fabric	packages/shadowlist-fabric/src/types.ts	javascript	parameter	index	index	standard	193
shadowlist-fabric	packages/shadowlist-fabric/src/types.ts	javascript	parameter	element	element	standard	197
shadowlist-fabric	packages/shadowlist-fabric/src/types.ts	javascript	parameter	index	index	standard	198
shadowlist-fabric	packages/shadowlist-fabric/src/types.ts	javascript	parameter	section	section	standard	199
shadowlist-fabric	packages/shadowlist-fabric/src/types.ts	javascript	parameter	id	id	standard	223
shadowlist-fabric	packages/shadowlist-fabric/src/types.ts	javascript	parameter	viewPosition	viewPosition	standard	223
shadowlist-fabric	packages/shadowlist-fabric/src/types.ts	javascript	parameter	element	element	standard	228
shadowlist-fabric	packages/shadowlist-fabric/src/types.ts	javascript	parameter	element	element	standard	229
shadowlist-fabric	packages/shadowlist-fabric/src/types.ts	javascript	parameter	info	info	standard	230
shadowlist-fabric	packages/shadowlist-fabric/src/types.ts	javascript	parameter	expandedIds	expandedIds	standard	233
shadowlist-fabric	packages/shadowlist-fabric/src/types.ts	javascript	parameter	element	element	standard	235
shadowlist-fabric	packages/shadowlist-fabric/src/types.ts	javascript	parameter	index	index	standard	236
shadowlist-fabric	packages/shadowlist-fabric/src/types.ts	javascript	parameter	depth	depth	standard	237
shadowlist-fabric	packages/shadowlist-fabric/src/types.ts	javascript	parameter	key	key	standard	300
shadowlist-fabric	packages/shadowlist-fabric/src/types.ts	javascript	parameter	patch	patch	standard	300
shadowlist-fabric	packages/shadowlist-fabric/src/types.ts	javascript	parameter	item	item	standard	301
shadowlist-fabric	packages/shadowlist-fabric/src/types.ts	javascript	parameter	key	key	standard	301
shadowlist-fabric	packages/shadowlist-fabric/src/types.ts	javascript	parameter	index	index	standard	302
shadowlist-fabric	packages/shadowlist-fabric/src/types.ts	javascript	parameter	items	items	standard	302
shadowlist-fabric	packages/shadowlist-fabric/src/types.ts	javascript	parameter	items	items	standard	303
shadowlist-fabric	packages/shadowlist-fabric/src/types.ts	javascript	parameter	items	items	standard	304
shadowlist-fabric	packages/shadowlist-fabric/src/types.ts	javascript	parameter	keys	keys	standard	305
shadowlist-fabric	packages/shadowlist-fabric/src/types.ts	javascript	parameter	key	key	standard	306
shadowlist-fabric	packages/shadowlist-fabric/src/types.ts	javascript	parameter	toIndex	toIndex	standard	306
shadowlist-fabric	packages/shadowlist-fabric/src/types.ts	javascript	parameter	items	items	standard	307
shadowlist-fabric	packages/shadowlist-fabric/src/types.ts	javascript	parameter	options	options	standard	308
shadowlist-fabric	packages/shadowlist-fabric/src/types.ts	javascript	parameter	template	template	standard	312
shadowlist-fabric	packages/shadowlist-fabric/src/types.ts	javascript	parameter	elementId	elementId	standard	313
shadowlist-fabric	packages/shadowlist-fabric/src/types.ts	javascript	parameter	style	style	standard	314
shadowlist-fabric	packages/shadowlist-fabric/src/types.ts	javascript	parameter	key	key	standard	317
shadowlist-fabric	packages/shadowlist-fabric/src/types.ts	javascript	parameter	enabled	enabled	standard	320
shadowlist-fabric	packages/shadowlist-fabric/src/types.ts	javascript	parameter	enabled	enabled	standard	321
shadowlist-fabric	packages/shadowlist-fabric/src/types.ts	javascript	parameter	index	index	standard	322
shadowlist-fabric	packages/shadowlist-fabric/src/types.ts	javascript	parameter	viewPosition	viewPosition	standard	322
shadowlist-fabric	packages/shadowlist-fabric/src/types.ts	javascript	parameter	animated	animated	standard	323
shadowlist-fabric	packages/shadowlist-fabric/src/types.ts	javascript	parameter	offset	offset	standard	323
shadowlist-fabric	packages/shadowlist-fabric/src/types.ts	javascript	parameter	animated	animated	standard	324
shadowlist-fabric	packages/shadowlist-fabric/src/types.ts	javascript	parameter	indices	indices	standard	328
shadowlist-fabric	packages/shadowlist-fabric/src/types.ts	javascript	parameter	index	index	standard	382
shadowlist-fabric	packages/shadowlist-fabric/src/types.ts	javascript	parameter	item	item	standard	382
shadowlist-fabric	packages/shadowlist-fabric/src/types.ts	javascript	parameter	index	index	standard	387
shadowlist-fabric	packages/shadowlist-fabric/src/types.ts	javascript	parameter	item	item	standard	387
shadowlist-fabric	packages/shadowlist-fabric/src/types.ts	javascript	parameter	event	event	standard	388
shadowlist-fabric	packages/shadowlist-fabric/src/types.ts	javascript	parameter	event	event	standard	393
shadowlist-fabric	packages/shadowlist-fabric/src/types.ts	javascript	parameter	index	index	standard	405
shadowlist-fabric	packages/shadowlist-fabric/src/types.ts	javascript	parameter	range	range	standard	414
shadowlist-fabric	packages/shadowlist-fabric/src/types.ts	javascript	parameter	event	event	standard	447
shadowlist-fabric	packages/shadowlist-fabric/src/virtualizer/ElementRenderer.tsx	javascript	parameter	info	info	standard	11
shadowlist-fabric	packages/shadowlist-fabric/src/virtualizer/ElementRenderer.tsx	javascript	parameter	height	height	standard	18
shadowlist-fabric	packages/shadowlist-fabric/src/virtualizer/ElementRenderer.tsx	javascript	parameter	key	key	standard	18
shadowlist-fabric	packages/shadowlist-fabric/src/virtualizer/ElementRenderer.tsx	javascript	parameter	width	width	standard	18
shadowlist-fabric	packages/shadowlist-fabric/src/virtualizer/ElementRenderer.tsx	javascript	parameter	key	key	standard	19
shadowlist-fabric	packages/shadowlist-fabric/src/virtualizer/ElementRenderer.tsx	javascript	constant	ElementRenderer	ElementRenderer	standard	31
shadowlist-fabric	packages/shadowlist-fabric/src/virtualizer/ElementRenderer.tsx	javascript	parameter	element	element	standard	33
shadowlist-fabric	packages/shadowlist-fabric/src/virtualizer/ElementRenderer.tsx	javascript	parameter	index	index	standard	34
shadowlist-fabric	packages/shadowlist-fabric/src/virtualizer/ElementRenderer.tsx	javascript	parameter	elementKey	elementKey	standard	35
shadowlist-fabric	packages/shadowlist-fabric/src/virtualizer/ElementRenderer.tsx	javascript	parameter	style	style	standard	36
shadowlist-fabric	packages/shadowlist-fabric/src/virtualizer/ElementRenderer.tsx	javascript	parameter	renderElement	renderElement	standard	37
shadowlist-fabric	packages/shadowlist-fabric/src/virtualizer/ElementRenderer.tsx	javascript	parameter	separator	separator	standard	38
shadowlist-fabric	packages/shadowlist-fabric/src/virtualizer/ElementRenderer.tsx	javascript	parameter	nativeIndex	nativeIndex	standard	39
shadowlist-fabric	packages/shadowlist-fabric/src/virtualizer/ElementRenderer.tsx	javascript	parameter	onElementLayout	onElementLayout	standard	40
shadowlist-fabric	packages/shadowlist-fabric/src/virtualizer/ElementRenderer.tsx	javascript	parameter	onElementRelease	onElementRelease	standard	41
shadowlist-fabric	packages/shadowlist-fabric/src/virtualizer/ElementRenderer.tsx	javascript	constant	renderedRef	renderedRef	standard	50
shadowlist-fabric	packages/shadowlist-fabric/src/virtualizer/ElementRenderer.tsx	javascript	constant	indexRef	indexRef	standard	56
shadowlist-fabric	packages/shadowlist-fabric/src/virtualizer/ElementRenderer.tsx	javascript	constant	rendered	rendered	standard	58
shadowlist-fabric	packages/shadowlist-fabric/src/virtualizer/ElementRenderer.tsx	javascript	variable	children	children	standard	59
shadowlist-fabric	packages/shadowlist-fabric/src/virtualizer/ElementRenderer.tsx	javascript	constant	next	next	standard	78
shadowlist-fabric	packages/shadowlist-fabric/src/virtualizer/ElementRenderer.tsx	javascript	constant	content	content	standard	86
shadowlist-fabric	packages/shadowlist-fabric/src/virtualizer/ElementRenderer.tsx	javascript	constant	handleLayout	handleLayout	standard	103
shadowlist-fabric	packages/shadowlist-fabric/src/virtualizer/ElementRenderer.tsx	javascript	parameter	event	event	standard	104
shadowlist-fabric	packages/shadowlist-fabric/src/virtualizer/ElementRenderer.tsx	javascript	constant	height	height	standard	105
shadowlist-fabric	packages/shadowlist-fabric/src/virtualizer/ElementRenderer.tsx	javascript	constant	width	width	standard	105
shadowlist-fabric	packages/shadowlist-fabric/src/virtualizer/ElementRenderer.tsx	javascript	parameter	props	props	standard	127
shadowlist-fabric	packages/shadowlist-fabric/src/virtualizer/helpers.ts	javascript	constant	SHADOWLIST_OVERSCAN	SHADOWLIST_OVERSCAN	standard	2
shadowlist-fabric	packages/shadowlist-fabric/src/virtualizer/helpers.ts	javascript	constant	SHADOWLIST_OVERSCAN_LEADING	SHADOWLIST_OVERSCAN_LEADING	standard	10
shadowlist-fabric	packages/shadowlist-fabric/src/virtualizer/helpers.ts	javascript	constant	SNAP_ALIGNMENT	SNAP_ALIGNMENT	standard	13
shadowlist-fabric	packages/shadowlist-fabric/src/virtualizer/helpers.ts	javascript	parameter	message	message	standard	22
shadowlist-fabric	packages/shadowlist-fabric/src/virtualizer/helpers.ts	javascript	parameter	message	message	standard	29
shadowlist-fabric	packages/shadowlist-fabric/src/virtualizer/helpers.ts	javascript	variable	rowRenderCount	rowRenderCount	standard	42
shadowlist-fabric	packages/shadowlist-fabric/src/virtualizer/helpers.ts	javascript	constant	count	count	standard	49
shadowlist-fabric	packages/shadowlist-fabric/src/virtualizer/helpers.ts	javascript	parameter	instance	instance	standard	55
shadowlist-fabric	packages/shadowlist-fabric/src/virtualizer/helpers.ts	javascript	parameter	previous	previous	standard	64
shadowlist-fabric	packages/shadowlist-fabric/src/virtualizer/helpers.ts	javascript	parameter	next	next	standard	65
shadowlist-fabric	packages/shadowlist-fabric/src/virtualizer/helpers.ts	javascript	parameter	keyExtractor	keyExtractor	standard	66
shadowlist-fabric	packages/shadowlist-fabric/src/virtualizer/helpers.ts	javascript	parameter	element	element	standard	67
shadowlist-fabric	packages/shadowlist-fabric/src/virtualizer/helpers.ts	javascript	parameter	index	index	standard	67
shadowlist-fabric	packages/shadowlist-fabric/src/virtualizer/helpers.ts	javascript	constant	firstKey	firstKey	standard	73
shadowlist-fabric	packages/shadowlist-fabric/src/virtualizer/helpers.ts	javascript	constant	lastKey	lastKey	standard	74
shadowlist-fabric	packages/shadowlist-fabric/src/virtualizer/helpers.ts	javascript	variable	firstIndex	firstIndex	standard	78
shadowlist-fabric	packages/shadowlist-fabric/src/virtualizer/helpers.ts	javascript	variable	lastIndex	lastIndex	standard	79
shadowlist-fabric	packages/shadowlist-fabric/src/virtualizer/helpers.ts	javascript	variable	index	index	standard	80
shadowlist-fabric	packages/shadowlist-fabric/src/virtualizer/helpers.ts	javascript	constant	key	key	standard	81
shadowlist-fabric	packages/shadowlist-fabric/src/virtualizer/helpers.ts	javascript	constant	middle	middle	standard	88
shadowlist-fabric	packages/shadowlist-fabric/src/virtualizer/helpers.ts	javascript	parameter	input	input	standard	93
shadowlist-fabric	packages/shadowlist-fabric/src/virtualizer/helpers.ts	javascript	parameter	from	from	standard	94
shadowlist-fabric	packages/shadowlist-fabric/src/virtualizer/helpers.ts	javascript	parameter	to	to	standard	95
shadowlist-fabric	packages/shadowlist-fabric/src/virtualizer/helpers.ts	javascript	constant	next	next	standard	98
shadowlist-fabric	packages/shadowlist-fabric/src/virtualizer/helpers.ts	javascript	constant	moved	moved	standard	108
shadowlist-fabric	packages/shadowlist-fabric/src/virtualizer/mountedRange.ts	javascript	parameter	size	size	standard	12
shadowlist-fabric	packages/shadowlist-fabric/src/virtualizer/mountedRange.ts	javascript	parameter	initial	initial	standard	13
shadowlist-fabric	packages/shadowlist-fabric/src/virtualizer/mountedRange.ts	javascript	parameter	inverted	inverted	standard	14
shadowlist-fabric	packages/shadowlist-fabric/src/virtualizer/mountedRange.ts	javascript	parameter	offsetIndex	offsetIndex	standard	15
shadowlist-fabric	packages/shadowlist-fabric/src/virtualizer/mountedRange.ts	javascript	parameter	overscanRows	overscanRows	standard	16
shadowlist-fabric	packages/shadowlist-fabric/src/virtualizer/mountedRange.ts	javascript	parameter	viewPosition	viewPosition	standard	17
shadowlist-fabric	packages/shadowlist-fabric/src/virtualizer/mountedRange.ts	javascript	constant	target	target	standard	29
shadowlist-fabric	packages/shadowlist-fabric/src/virtualizer/mountedRange.ts	javascript	constant	before	before	standard	30
shadowlist-fabric	packages/shadowlist-fabric/src/virtualizer/mountedRange.ts	javascript	parameter	first	first	standard	47
shadowlist-fabric	packages/shadowlist-fabric/src/virtualizer/mountedRange.ts	javascript	parameter	second	second	standard	48
shadowlist-fabric	packages/shadowlist-fabric/src/virtualizer/mountedRange.ts	javascript	constant	firstIndices	firstIndices	standard	51
shadowlist-fabric	packages/shadowlist-fabric/src/virtualizer/mountedRange.ts	javascript	constant	secondIndices	secondIndices	standard	52
shadowlist-fabric	packages/shadowlist-fabric/src/virtualizer/mountedRange.ts	javascript	constant	lower	lower	standard	55
shadowlist-fabric	packages/shadowlist-fabric/src/virtualizer/mountedRange.ts	javascript	constant	upper	upper	standard	55
shadowlist-fabric	packages/shadowlist-fabric/src/virtualizer/mountedRange.ts	javascript	parameter	range	range	standard	66
shadowlist-fabric	packages/shadowlist-fabric/src/virtualizer/mountedRange.ts	javascript	constant	indices	indices	standard	68
shadowlist-fabric	packages/shadowlist-fabric/src/virtualizer/mountedRange.ts	javascript	variable	index	index	standard	69
shadowlist-fabric	packages/shadowlist-fabric/src/virtualizer/mountedRange.ts	javascript	parameter	previousOffsetIndex	previousOffsetIndex	standard	78
shadowlist-fabric	packages/shadowlist-fabric/src/virtualizer/mountedRange.ts	javascript	parameter	nextOffsetIndex	nextOffsetIndex	standard	79
shadowlist-fabric	packages/shadowlist-fabric/src/virtualizer/useDragReorder.ts	javascript	parameter	info	info	standard	12
shadowlist-fabric	packages/shadowlist-fabric/src/virtualizer/useDragReorder.ts	javascript	parameter	data	data	standard	26
shadowlist-fabric	packages/shadowlist-fabric/src/virtualizer/useDragReorder.ts	javascript	parameter	keyToIndex	keyToIndex	standard	27
shadowlist-fabric	packages/shadowlist-fabric/src/virtualizer/useDragReorder.ts	javascript	parameter	mountedIndices	mountedIndices	standard	28
shadowlist-fabric	packages/shadowlist-fabric/src/virtualizer/useDragReorder.ts	javascript	parameter	dragEnabled	dragEnabled	standard	29
shadowlist-fabric	packages/shadowlist-fabric/src/virtualizer/useDragReorder.ts	javascript	parameter	onReorder	onReorder	standard	30
shadowlist-fabric	packages/shadowlist-fabric/src/virtualizer/useDragReorder.ts	javascript	constant	indexOfKey	indexOfKey	standard	37
shadowlist-fabric	packages/shadowlist-fabric/src/virtualizer/useDragReorder.ts	javascript	parameter	key	key	standard	38
shadowlist-fabric	packages/shadowlist-fabric/src/virtualizer/useDragReorder.ts	javascript	constant	draggingKey	draggingKey	standard	45
shadowlist-fabric	packages/shadowlist-fabric/src/virtualizer/useDragReorder.ts	javascript	constant	setDraggingKey	setDraggingKey	standard	45
shadowlist-fabric	packages/shadowlist-fabric/src/virtualizer/useDragReorder.ts	javascript	constant	draggingIndex	draggingIndex	standard	51
shadowlist-fabric	packages/shadowlist-fabric/src/virtualizer/useDragReorder.ts	javascript	constant	renderIndices	renderIndices	standard	57
shadowlist-fabric	packages/shadowlist-fabric/src/virtualizer/useDragReorder.ts	javascript	parameter	a	a	standard	65
shadowlist-fabric	packages/shadowlist-fabric/src/virtualizer/useDragReorder.ts	javascript	parameter	b	b	standard	65
shadowlist-fabric	packages/shadowlist-fabric/src/virtualizer/useDragReorder.ts	javascript	constant	handleDragStart	handleDragStart	standard	69
shadowlist-fabric	packages/shadowlist-fabric/src/virtualizer/useDragReorder.ts	javascript	parameter	event	event	standard	70
shadowlist-fabric	packages/shadowlist-fabric/src/virtualizer/useDragReorder.ts	javascript	constant	key	key	standard	71
shadowlist-fabric	packages/shadowlist-fabric/src/virtualizer/useDragReorder.ts	javascript	constant	handleDragEnd	handleDragEnd	standard	76
shadowlist-fabric	packages/shadowlist-fabric/src/virtualizer/useDragReorder.ts	javascript	parameter	event	event	standard	78
shadowlist-fabric	packages/shadowlist-fabric/src/virtualizer/useDragReorder.ts	javascript	constant	fromKey	fromKey	standard	79
shadowlist-fabric	packages/shadowlist-fabric/src/virtualizer/useDragReorder.ts	javascript	constant	toKey	toKey	standard	79
shadowlist-fabric	packages/shadowlist-fabric/src/virtualizer/useDragReorder.ts	javascript	constant	fromIndex	fromIndex	standard	81
shadowlist-fabric	packages/shadowlist-fabric/src/virtualizer/useDragReorder.ts	javascript	constant	toIndex	toIndex	standard	82
shadowlist-fabric	packages/shadowlist-fabric/src/virtualizer/useDragReorder.ts	javascript	parameter	previous	previous	standard	97
shadowlist-fabric	packages/shadowlist-fabric/src/virtualizer/useElementSizeSpecs.ts	javascript	parameter	element	element	standard	8
shadowlist-fabric	packages/shadowlist-fabric/src/virtualizer/useElementSizeSpecs.ts	javascript	parameter	index	index	standard	8
shadowlist-fabric	packages/shadowlist-fabric/src/virtualizer/useElementSizeSpecs.ts	javascript	constant	EDGE_MARGIN	EDGE_MARGIN	standard	26
shadowlist-fabric	packages/shadowlist-fabric/src/virtualizer/useElementSizeSpecs.ts	javascript	parameter	data	data	standard	38
shadowlist-fabric	packages/shadowlist-fabric/src/virtualizer/useElementSizeSpecs.ts	javascript	parameter	keys	keys	standard	39
shadowlist-fabric	packages/shadowlist-fabric/src/virtualizer/useElementSizeSpecs.ts	javascript	parameter	getElementSizeSpec	getElementSizeSpec	standard	40
shadowlist-fabric	packages/shadowlist-fabric/src/virtualizer/useElementSizeSpecs.ts	javascript	parameter	mountedIndices	mountedIndices	standard	41
shadowlist-fabric	packages/shadowlist-fabric/src/virtualizer/useElementSizeSpecs.ts	javascript	parameter	lookaheadRows	lookaheadRows	standard	42
shadowlist-fabric	packages/shadowlist-fabric/src/virtualizer/useElementSizeSpecs.ts	javascript	constant	windowRef	windowRef	standard	49
shadowlist-fabric	packages/shadowlist-fabric/src/virtualizer/useElementSizeSpecs.ts	javascript	constant	first	first	standard	52
shadowlist-fabric	packages/shadowlist-fabric/src/virtualizer/useElementSizeSpecs.ts	javascript	constant	last	last	standard	53
shadowlist-fabric	packages/shadowlist-fabric/src/virtualizer/useElementSizeSpecs.ts	javascript	constant	mountedLow	mountedLow	standard	54
shadowlist-fabric	packages/shadowlist-fabric/src/virtualizer/useElementSizeSpecs.ts	javascript	constant	mountedHigh	mountedHigh	standard	55
shadowlist-fabric	packages/shadowlist-fabric/src/virtualizer/useElementSizeSpecs.ts	javascript	constant	published	published	standard	56
shadowlist-fabric	packages/shadowlist-fabric/src/virtualizer/useElementSizeSpecs.ts	javascript	constant	needsRecut	needsRecut	standard	62
shadowlist-fabric	packages/shadowlist-fabric/src/virtualizer/useElementSizeSpecs.ts	javascript	constant	high	high	standard	75
shadowlist-fabric	packages/shadowlist-fabric/src/virtualizer/useElementSizeSpecs.ts	javascript	constant	low	low	standard	75
shadowlist-fabric	packages/shadowlist-fabric/src/virtualizer/useElementSizeSpecs.ts	javascript	constant	specs	specs	standard	82
shadowlist-fabric	packages/shadowlist-fabric/src/virtualizer/useElementSizeSpecs.ts	javascript	constant	last	last	standard	83
shadowlist-fabric	packages/shadowlist-fabric/src/virtualizer/useElementSizeSpecs.ts	javascript	variable	index	index	standard	85
shadowlist-fabric	packages/shadowlist-fabric/src/virtualizer/useElementSizeSpecs.ts	javascript	constant	element	element	standard	86
shadowlist-fabric	packages/shadowlist-fabric/src/virtualizer/useElementSizeSpecs.ts	javascript	constant	spec	spec	standard	94
shadowlist-fabric	packages/shadowlist-fabric/src/virtualizer/useImperativeCommands.ts	javascript	constant	EMPTY_SIZES	EMPTY_SIZES	standard	14
shadowlist-fabric	packages/shadowlist-fabric/src/virtualizer/useImperativeCommands.ts	javascript	parameter	ref	ref	standard	16
shadowlist-fabric	packages/shadowlist-fabric/src/virtualizer/useImperativeCommands.ts	javascript	parameter	viewRef	viewRef	standard	17
shadowlist-fabric	packages/shadowlist-fabric/src/virtualizer/useImperativeCommands.ts	javascript	parameter	elementSizesRef	elementSizesRef	standard	18
shadowlist-fabric	packages/shadowlist-fabric/src/virtualizer/useImperativeCommands.ts	javascript	parameter	seedAroundIndex	seedAroundIndex	standard	19
shadowlist-fabric	packages/shadowlist-fabric/src/virtualizer/useImperativeCommands.ts	javascript	parameter	index	index	standard	20
shadowlist-fabric	packages/shadowlist-fabric/src/virtualizer/useImperativeCommands.ts	javascript	parameter	viewPosition	viewPosition	standard	20
shadowlist-fabric	packages/shadowlist-fabric/src/virtualizer/useImperativeCommands.ts	javascript	parameter	enabled	enabled	standard	23
shadowlist-fabric	packages/shadowlist-fabric/src/virtualizer/useImperativeCommands.ts	javascript	parameter	enabled	enabled	standard	27
shadowlist-fabric	packages/shadowlist-fabric/src/virtualizer/useImperativeCommands.ts	javascript	parameter	index	index	standard	31
shadowlist-fabric	packages/shadowlist-fabric/src/virtualizer/useImperativeCommands.ts	javascript	parameter	viewPosition	viewPosition	standard	31
shadowlist-fabric	packages/shadowlist-fabric/src/virtualizer/useImperativeCommands.ts	javascript	constant	position	position	standard	34
shadowlist-fabric	packages/shadowlist-fabric/src/virtualizer/useImperativeCommands.ts	javascript	parameter	animated	animated	standard	43
shadowlist-fabric	packages/shadowlist-fabric/src/virtualizer/useImperativeCommands.ts	javascript	parameter	offset	offset	standard	43
shadowlist-fabric	packages/shadowlist-fabric/src/virtualizer/useImperativeCommands.ts	javascript	parameter	animated	animated	standard	47
shadowlist-fabric	packages/shadowlist-fabric/src/virtualizer/useImperativeCommands.ts	javascript	parameter	key	key	standard	51
shadowlist-fabric	packages/shadowlist-fabric/src/virtualizer/useMountedRange.ts	javascript	parameter	index	index	standard	30
shadowlist-fabric	packages/shadowlist-fabric/src/virtualizer/useMountedRange.ts	javascript	parameter	viewPosition	viewPosition	standard	30
shadowlist-fabric	packages/shadowlist-fabric/src/virtualizer/useMountedRange.ts	javascript	constant	MAX_FOLLOWED_APPEND	MAX_FOLLOWED_APPEND	standard	43
shadowlist-fabric	packages/shadowlist-fabric/src/virtualizer/useMountedRange.ts	javascript	parameter	keys	keys	standard	56
shadowlist-fabric	packages/shadowlist-fabric/src/virtualizer/useMountedRange.ts	javascript	parameter	keyToIndex	keyToIndex	standard	57
shadowlist-fabric	packages/shadowlist-fabric/src/virtualizer/useMountedRange.ts	javascript	parameter	initialElementsSize	initialElementsSize	standard	58
shadowlist-fabric	packages/shadowlist-fabric/src/virtualizer/useMountedRange.ts	javascript	parameter	inverted	inverted	standard	59
shadowlist-fabric	packages/shadowlist-fabric/src/virtualizer/useMountedRange.ts	javascript	parameter	followAppends	followAppends	standard	60
shadowlist-fabric	packages/shadowlist-fabric/src/virtualizer/useMountedRange.ts	javascript	parameter	containerOffsetIndex	containerOffsetIndex	standard	61
shadowlist-fabric	packages/shadowlist-fabric/src/virtualizer/useMountedRange.ts	javascript	parameter	overscanRows	overscanRows	standard	62
shadowlist-fabric	packages/shadowlist-fabric/src/virtualizer/useMountedRange.ts	javascript	parameter	overscanRowsLeading	overscanRowsLeading	standard	63
shadowlist-fabric	packages/shadowlist-fabric/src/virtualizer/useMountedRange.ts	javascript	constant	mountedKeys	mountedKeys	standard	70
shadowlist-fabric	packages/shadowlist-fabric/src/virtualizer/useMountedRange.ts	javascript	constant	setMountedKeys	setMountedKeys	standard	70
shadowlist-fabric	packages/shadowlist-fabric/src/virtualizer/useMountedRange.ts	javascript	constant	seededOffsetIndex	seededOffsetIndex	standard	79
shadowlist-fabric	packages/shadowlist-fabric/src/virtualizer/useMountedRange.ts	javascript	constant	setSeededOffsetIndex	setSeededOffsetIndex	standard	79
shadowlist-fabric	packages/shadowlist-fabric/src/virtualizer/useMountedRange.ts	javascript	constant	reseed	reseed	standard	82
shadowlist-fabric	packages/shadowlist-fabric/src/virtualizer/useMountedRange.ts	javascript	constant	commandSeed	commandSeed	standard	97
shadowlist-fabric	packages/shadowlist-fabric/src/virtualizer/useMountedRange.ts	javascript	constant	setCommandSeed	setCommandSeed	standard	97
shadowlist-fabric	packages/shadowlist-fabric/src/virtualizer/useMountedRange.ts	javascript	parameter	index	index	standard	103
shadowlist-fabric	packages/shadowlist-fabric/src/virtualizer/useMountedRange.ts	javascript	constant	seedAroundIndex	seedAroundIndex	standard	103
shadowlist-fabric	packages/shadowlist-fabric/src/virtualizer/useMountedRange.ts	javascript	parameter	viewPosition	viewPosition	standard	103
shadowlist-fabric	packages/shadowlist-fabric/src/virtualizer/useMountedRange.ts	javascript	constant	resolveRange	resolveRange	standard	111
shadowlist-fabric	packages/shadowlist-fabric/src/virtualizer/useMountedRange.ts	javascript	parameter	edges	edges	standard	112
shadowlist-fabric	packages/shadowlist-fabric/src/virtualizer/useMountedRange.ts	javascript	constant	lowIndex	lowIndex	standard	114
shadowlist-fabric	packages/shadowlist-fabric/src/virtualizer/useMountedRange.ts	javascript	constant	highIndex	highIndex	standard	115
shadowlist-fabric	packages/shadowlist-fabric/src/virtualizer/useMountedRange.ts	javascript	constant	low	low	standard	123
shadowlist-fabric	packages/shadowlist-fabric/src/virtualizer/useMountedRange.ts	javascript	constant	high	high	standard	124
shadowlist-fabric	packages/shadowlist-fabric/src/virtualizer/useMountedRange.ts	javascript	constant	tailHigh	tailHigh	standard	134
shadowlist-fabric	packages/shadowlist-fabric/src/virtualizer/useMountedRange.ts	javascript	constant	tailLow	tailLow	standard	135
shadowlist-fabric	packages/shadowlist-fabric/src/virtualizer/useMountedRange.ts	javascript	constant	mountedIndices	mountedIndices	standard	185
shadowlist-fabric	packages/shadowlist-fabric/src/virtualizer/useMountedRange.ts	javascript	constant	current	current	standard	186
shadowlist-fabric	packages/shadowlist-fabric/src/virtualizer/useMountedRange.ts	javascript	constant	target	target	standard	190
shadowlist-fabric	packages/shadowlist-fabric/src/virtualizer/useMountedRange.ts	javascript	constant	lastWindowRef	lastWindowRef	standard	213
shadowlist-fabric	packages/shadowlist-fabric/src/virtualizer/useMountedRange.ts	javascript	constant	handleVisibleIndicesChange	handleVisibleIndicesChange	standard	215
shadowlist-fabric	packages/shadowlist-fabric/src/virtualizer/useMountedRange.ts	javascript	parameter	event	event	standard	219
shadowlist-fabric	packages/shadowlist-fabric/src/virtualizer/useMountedRange.ts	javascript	constant	visibleEndIndex	visibleEndIndex	standard	220
shadowlist-fabric	packages/shadowlist-fabric/src/virtualizer/useMountedRange.ts	javascript	constant	visibleStartIndex	visibleStartIndex	standard	220
shadowlist-fabric	packages/shadowlist-fabric/src/virtualizer/useMountedRange.ts	javascript	constant	windowLow	windowLow	standard	223
shadowlist-fabric	packages/shadowlist-fabric/src/virtualizer/useMountedRange.ts	javascript	constant	windowHigh	windowHigh	standard	224
shadowlist-fabric	packages/shadowlist-fabric/src/virtualizer/useMountedRange.ts	javascript	constant	lastWindow	lastWindow	standard	227
shadowlist-fabric	packages/shadowlist-fabric/src/virtualizer/useMountedRange.ts	javascript	parameter	previous	previous	standard	230
shadowlist-fabric	packages/shadowlist-fabric/src/virtualizer/useMountedRange.ts	javascript	parameter	previous	previous	standard	235
shadowlist-fabric	packages/shadowlist-fabric/src/virtualizer/useMountedRange.ts	javascript	constant	current	current	standard	236
shadowlist-fabric	packages/shadowlist-fabric/src/virtualizer/useMountedRange.ts	javascript	constant	movingForward	movingForward	standard	262
shadowlist-fabric	packages/shadowlist-fabric/src/virtualizer/useMountedRange.ts	javascript	constant	movingBackward	movingBackward	standard	263
shadowlist-fabric	packages/shadowlist-fabric/src/virtualizer/useMountedRange.ts	javascript	constant	leadingPad	leadingPad	standard	264
shadowlist-fabric	packages/shadowlist-fabric/src/virtualizer/useMountedRange.ts	javascript	constant	lowPad	lowPad	standard	265
shadowlist-fabric	packages/shadowlist-fabric/src/virtualizer/useMountedRange.ts	javascript	constant	highPad	highPad	standard	266
shadowlist-fabric	packages/shadowlist-fabric/src/virtualizer/useMountedRange.ts	javascript	constant	low	low	standard	268
shadowlist-fabric	packages/shadowlist-fabric/src/virtualizer/useMountedRange.ts	javascript	constant	high	high	standard	269
shadowlist-fabric	packages/shadowlist-fabric/src/virtualizer/useMountedRange.ts	javascript	constant	lowKey	lowKey	standard	270
shadowlist-fabric	packages/shadowlist-fabric/src/virtualizer/useMountedRange.ts	javascript	constant	highKey	highKey	standard	271
shadowlist-fabric	packages/shadowlist-fabric/src/virtualizer/useMountedRange.ts	javascript	constant	lowAtStart	lowAtStart	standard	272
shadowlist-fabric	packages/shadowlist-fabric/src/virtualizer/useMountedRange.ts	javascript	constant	highAtEnd	highAtEnd	standard	273
shadowlist-fabric	packages/shadowlist-fabric/src/virtualizer/usePersistentKeys.ts	javascript	parameter	keys	keys	standard	13
shadowlist-fabric	packages/shadowlist-fabric/src/virtualizer/usePersistentKeys.ts	javascript	parameter	persistentKeys	persistentKeys	standard	14
shadowlist-fabric	packages/shadowlist-fabric/src/virtualizer/usePersistentKeys.ts	javascript	parameter	renderIndices	renderIndices	standard	15
shadowlist-fabric	packages/shadowlist-fabric/src/virtualizer/usePersistentKeys.ts	javascript	constant	persistentIndices	persistentIndices	standard	19
shadowlist-fabric	packages/shadowlist-fabric/src/virtualizer/usePersistentKeys.ts	javascript	constant	keySet	keySet	standard	21
shadowlist-fabric	packages/shadowlist-fabric/src/virtualizer/usePersistentKeys.ts	javascript	constant	indices	indices	standard	22
shadowlist-fabric	packages/shadowlist-fabric/src/virtualizer/usePersistentKeys.ts	javascript	variable	index	index	standard	23
shadowlist-fabric	packages/shadowlist-fabric/src/virtualizer/usePersistentKeys.ts	javascript	constant	merged	merged	standard	32
shadowlist-fabric	packages/shadowlist-fabric/src/virtualizer/usePersistentKeys.ts	javascript	variable	changed	changed	standard	33
shadowlist-fabric	packages/shadowlist-fabric/src/virtualizer/usePersistentKeys.ts	javascript	constant	index	index	standard	34
shadowlist-fabric	packages/shadowlist-fabric/src/virtualizer/usePersistentKeys.ts	javascript	parameter	a	a	standard	41
shadowlist-fabric	packages/shadowlist-fabric/src/virtualizer/usePersistentKeys.ts	javascript	parameter	b	b	standard	41
shadowlist-fabric	packages/shadowlist-fabric/src/virtualizer/useRefreshDefer.ts	javascript	parameter	dataProp	dataProp	standard	23
shadowlist-fabric	packages/shadowlist-fabric/src/virtualizer/useRefreshDefer.ts	javascript	parameter	refreshing	refreshing	standard	23
shadowlist-fabric	packages/shadowlist-fabric/src/virtualizer/useRefreshDefer.ts	javascript	parameter	onRefresh	onRefresh	standard	24
shadowlist-fabric	packages/shadowlist-fabric/src/virtualizer/useRefreshDefer.ts	javascript	parameter	inverted	inverted	standard	25
shadowlist-fabric	packages/shadowlist-fabric/src/virtualizer/useRefreshDefer.ts	javascript	parameter	horizontal	horizontal	standard	26
shadowlist-fabric	packages/shadowlist-fabric/src/virtualizer/useRefreshDefer.ts	javascript	constant	refreshDeferEnabled	refreshDeferEnabled	standard	29
shadowlist-fabric	packages/shadowlist-fabric/src/virtualizer/useRefreshDefer.ts	javascript	constant	committedData	committedData	standard	31
shadowlist-fabric	packages/shadowlist-fabric/src/virtualizer/useRefreshDefer.ts	javascript	constant	setCommittedData	setCommittedData	standard	31
shadowlist-fabric	packages/shadowlist-fabric/src/virtualizer/useRefreshDefer.ts	javascript	constant	refreshHoldingRef	refreshHoldingRef	standard	33
shadowlist-fabric	packages/shadowlist-fabric/src/virtualizer/useRefreshDefer.ts	javascript	constant	refreshHeldDataRef	refreshHeldDataRef	standard	34
shadowlist-fabric	packages/shadowlist-fabric/src/virtualizer/useRefreshDefer.ts	javascript	constant	previousRefreshingRef	previousRefreshingRef	standard	35
shadowlist-fabric	packages/shadowlist-fabric/src/virtualizer/useRefreshDefer.ts	javascript	constant	handleRefreshSettle	handleRefreshSettle	standard	55
shadowlist-fabric	packages/shadowlist-fabric/src/virtualizer/useRefreshDefer.ts	javascript	constant	previousRefreshingForFallbackRef	previousRefreshingForFallbackRef	standard	72
shadowlist-fabric	packages/shadowlist-fabric/src/virtualizer/useRefreshDefer.ts	javascript	constant	wasRefreshing	wasRefreshing	standard	74
shadowlist-fabric	packages/shadowlist-fabric/src/virtualizer/useRefreshDefer.ts	javascript	constant	timer	timer	standard	77
shadowlist-fabric	packages/shadowlist-fabric/src/virtualizer/useStableElement.ts	javascript	parameter	a	a	standard	3
shadowlist-fabric	packages/shadowlist-fabric/src/virtualizer/useStableElement.ts	javascript	parameter	b	b	standard	3
shadowlist-fabric	packages/shadowlist-fabric/src/virtualizer/useStableElement.ts	javascript	constant	aKeys	aKeys	standard	13
shadowlist-fabric	packages/shadowlist-fabric/src/virtualizer/useStableElement.ts	javascript	parameter	key	key	standard	16
shadowlist-fabric	packages/shadowlist-fabric/src/virtualizer/useStableElement.ts	javascript	parameter	element	element	standard	32
shadowlist-fabric	packages/shadowlist-fabric/src/virtualizer/useStableElement.ts	javascript	constant	previousRef	previousRef	standard	35
shadowlist-fabric	packages/shadowlist-fabric/src/virtualizer/useStableElement.ts	javascript	constant	previous	previous	standard	36
shadowlist-fabric	packages/shadowlist-fabric/src/virtualizer/useViewability.ts	javascript	parameter	info	info	standard	11
shadowlist-fabric	packages/shadowlist-fabric/src/virtualizer/useViewability.ts	javascript	parameter	data	data	standard	30
shadowlist-fabric	packages/shadowlist-fabric/src/virtualizer/useViewability.ts	javascript	parameter	keys	keys	standard	31
shadowlist-fabric	packages/shadowlist-fabric/src/virtualizer/useViewability.ts	javascript	parameter	stickyHeaderIndices	stickyHeaderIndices	standard	32
shadowlist-fabric	packages/shadowlist-fabric/src/virtualizer/useViewability.ts	javascript	parameter	onViewableItemsChanged	onViewableItemsChanged	standard	33
shadowlist-fabric	packages/shadowlist-fabric/src/virtualizer/useViewability.ts	javascript	constant	activeStickyIndex	activeStickyIndex	standard	36
shadowlist-fabric	packages/shadowlist-fabric/src/virtualizer/useViewability.ts	javascript	constant	setActiveStickyIndex	setActiveStickyIndex	standard	36
shadowlist-fabric	packages/shadowlist-fabric/src/virtualizer/useViewability.ts	javascript	constant	updateActiveStickyIndex	updateActiveStickyIndex	standard	38
shadowlist-fabric	packages/shadowlist-fabric/src/virtualizer/useViewability.ts	javascript	parameter	windowLow	windowLow	standard	39
shadowlist-fabric	packages/shadowlist-fabric/src/virtualizer/useViewability.ts	javascript	parameter	previous	previous	standard	41
shadowlist-fabric	packages/shadowlist-fabric/src/virtualizer/useViewability.ts	javascript	variable	active	active	standard	44
shadowlist-fabric	packages/shadowlist-fabric/src/virtualizer/useViewability.ts	javascript	constant	stickyIndex	stickyIndex	standard	45
shadowlist-fabric	packages/shadowlist-fabric/src/virtualizer/useViewability.ts	javascript	parameter	previous	previous	standard	49
shadowlist-fabric	packages/shadowlist-fabric/src/virtualizer/useViewability.ts	javascript	constant	previousViewableRef	previousViewableRef	standard	56
shadowlist-fabric	packages/shadowlist-fabric/src/virtualizer/useViewability.ts	javascript	constant	activeWindowRef	activeWindowRef	standard	62
shadowlist-fabric	packages/shadowlist-fabric/src/virtualizer/useViewability.ts	javascript	constant	buildViewableItems	buildViewableItems	standard	69
shadowlist-fabric	packages/shadowlist-fabric/src/virtualizer/useViewability.ts	javascript	parameter	windowHigh	windowHigh	standard	70
shadowlist-fabric	packages/shadowlist-fabric/src/virtualizer/useViewability.ts	javascript	parameter	windowLow	windowLow	standard	70
shadowlist-fabric	packages/shadowlist-fabric/src/virtualizer/useViewability.ts	javascript	constant	viewableItems	viewableItems	standard	71
shadowlist-fabric	packages/shadowlist-fabric/src/virtualizer/useViewability.ts	javascript	variable	index	index	standard	72
shadowlist-fabric	packages/shadowlist-fabric/src/virtualizer/useViewability.ts	javascript	constant	item	item	standard	73
shadowlist-fabric	packages/shadowlist-fabric/src/virtualizer/useViewability.ts	javascript	constant	diffAndEmit	diffAndEmit	standard	91
shadowlist-fabric	packages/shadowlist-fabric/src/virtualizer/useViewability.ts	javascript	parameter	viewableItems	viewableItems	standard	92
shadowlist-fabric	packages/shadowlist-fabric/src/virtualizer/useViewability.ts	javascript	constant	currentKeys	currentKeys	standard	95
shadowlist-fabric	packages/shadowlist-fabric/src/virtualizer/useViewability.ts	javascript	parameter	token	token	standard	95
shadowlist-fabric	packages/shadowlist-fabric/src/virtualizer/useViewability.ts	javascript	constant	previousKeys	previousKeys	standard	96
shadowlist-fabric	packages/shadowlist-fabric/src/virtualizer/useViewability.ts	javascript	parameter	token	token	standard	97
shadowlist-fabric	packages/shadowlist-fabric/src/virtualizer/useViewability.ts	javascript	constant	changed	changed	standard	100
shadowlist-fabric	packages/shadowlist-fabric/src/virtualizer/useViewability.ts	javascript	parameter	token	token	standard	101
shadowlist-fabric	packages/shadowlist-fabric/src/virtualizer/useViewability.ts	javascript	parameter	token	token	standard	103
shadowlist-fabric	packages/shadowlist-fabric/src/virtualizer/useViewability.ts	javascript	parameter	token	token	standard	104
shadowlist-fabric	packages/shadowlist-fabric/src/virtualizer/useViewability.ts	javascript	constant	handleViewableIndicesChange	handleViewableIndicesChange	standard	116
shadowlist-fabric	packages/shadowlist-fabric/src/virtualizer/useViewability.ts	javascript	parameter	event	event	standard	120
shadowlist-fabric	packages/shadowlist-fabric/src/virtualizer/useViewability.ts	javascript	constant	viewableEndIndex	viewableEndIndex	standard	121
shadowlist-fabric	packages/shadowlist-fabric/src/virtualizer/useViewability.ts	javascript	constant	viewableStartIndex	viewableStartIndex	standard	121
shadowlist-fabric	packages/shadowlist-fabric/src/virtualizer/useViewability.ts	javascript	constant	isActive	isActive	standard	122
shadowlist-fabric	packages/shadowlist-fabric/src/virtualizer/useViewability.ts	javascript	constant	windowLow	windowLow	standard	124
shadowlist-fabric	packages/shadowlist-fabric/src/virtualizer/useViewability.ts	javascript	constant	windowHigh	windowHigh	standard	125
shadowlist-fabric	packages/shadowlist-fabric/src/virtualizer/useViewability.ts	javascript	constant	window	window	standard	156
shadowlist-utils	packages/shadowlist-utils/src/list/__tests__/infiniteItems.test.ts	javascript	parameter	id	id	standard	16
shadowlist-utils	packages/shadowlist-utils/src/list/__tests__/infiniteItems.test.ts	javascript	constant	row	row	standard	16
shadowlist-utils	packages/shadowlist-utils/src/list/__tests__/infiniteItems.test.ts	javascript	parameter	votes	votes	standard	16
shadowlist-utils	packages/shadowlist-utils/src/list/__tests__/infiniteItems.test.ts	javascript	constant	makeData	makeData	standard	18
shadowlist-utils	packages/shadowlist-utils/src/list/__tests__/infiniteItems.test.ts	javascript	constant	data	data	standard	32
shadowlist-utils	packages/shadowlist-utils/src/list/__tests__/infiniteItems.test.ts	javascript	parameter	r	r	standard	37
shadowlist-utils	packages/shadowlist-utils/src/list/__tests__/infiniteItems.test.ts	javascript	constant	data	data	standard	47
shadowlist-utils	packages/shadowlist-utils/src/list/__tests__/infiniteItems.test.ts	javascript	parameter	r	r	standard	48
shadowlist-utils	packages/shadowlist-utils/src/list/__tests__/infiniteItems.test.ts	javascript	constant	data	data	standard	52
shadowlist-utils	packages/shadowlist-utils/src/list/__tests__/infiniteItems.test.ts	javascript	constant	next	next	standard	53
shadowlist-utils	packages/shadowlist-utils/src/list/__tests__/infiniteItems.test.ts	javascript	parameter	r	r	standard	53
shadowlist-utils	packages/shadowlist-utils/src/list/__tests__/infiniteItems.test.ts	javascript	constant	data	data	standard	62
shadowlist-utils	packages/shadowlist-utils/src/list/__tests__/infiniteItems.test.ts	javascript	parameter	r	r	standard	63
shadowlist-utils	packages/shadowlist-utils/src/list/__tests__/infiniteItems.test.ts	javascript	constant	data	data	standard	69
shadowlist-utils	packages/shadowlist-utils/src/list/__tests__/infiniteItems.test.ts	javascript	constant	next	next	standard	70
shadowlist-utils	packages/shadowlist-utils/src/list/__tests__/infiniteItems.test.ts	javascript	parameter	r	r	standard	70
shadowlist-utils	packages/shadowlist-utils/src/list/__tests__/infiniteItems.test.ts	javascript	parameter	r	r	standard	71
shadowlist-utils	packages/shadowlist-utils/src/list/__tests__/infiniteItems.test.ts	javascript	constant	data	data	standard	76
shadowlist-utils	packages/shadowlist-utils/src/list/__tests__/infiniteItems.test.ts	javascript	constant	data	data	standard	83
shadowlist-utils	packages/shadowlist-utils/src/list/__tests__/infiniteItems.test.ts	javascript	constant	next	next	standard	84
shadowlist-utils	packages/shadowlist-utils/src/list/__tests__/infiniteItems.test.ts	javascript	parameter	r	r	standard	85
shadowlist-utils	packages/shadowlist-utils/src/list/__tests__/infiniteItems.test.ts	javascript	constant	data	data	standard	90
shadowlist-utils	packages/shadowlist-utils/src/list/__tests__/infiniteItems.test.ts	javascript	constant	next	next	standard	91
shadowlist-utils	packages/shadowlist-utils/src/list/__tests__/infiniteItems.test.ts	javascript	parameter	r	r	standard	92
shadowlist-utils	packages/shadowlist-utils/src/list/__tests__/infiniteItems.test.ts	javascript	constant	data	data	standard	97
shadowlist-utils	packages/shadowlist-utils/src/list/__tests__/infiniteItems.test.ts	javascript	constant	data	data	standard	105
shadowlist-utils	packages/shadowlist-utils/src/list/__tests__/infiniteItems.test.ts	javascript	constant	next	next	standard	106
shadowlist-utils	packages/shadowlist-utils/src/list/__tests__/infiniteItems.test.ts	javascript	constant	data	data	standard	117
shadowlist-utils	packages/shadowlist-utils/src/list/__tests__/infiniteItems.test.ts	javascript	constant	next	next	standard	118
shadowlist-utils	packages/shadowlist-utils/src/list/__tests__/infiniteItems.test.ts	javascript	parameter	r	r	standard	119
shadowlist-utils	packages/shadowlist-utils/src/list/__tests__/infiniteItems.test.ts	javascript	constant	data	data	standard	128
shadowlist-utils	packages/shadowlist-utils/src/list/__tests__/infiniteItems.test.ts	javascript	constant	next	next	standard	135
shadowlist-utils	packages/shadowlist-utils/src/list/__tests__/infiniteItems.test.ts	javascript	constant	data	data	standard	141
shadowlist-utils	packages/shadowlist-utils/src/list/__tests__/shareInfiniteItemsById.test.ts	javascript	parameter	id	id	standard	6
shadowlist-utils	packages/shadowlist-utils/src/list/__tests__/shareInfiniteItemsById.test.ts	javascript	constant	post	post	standard	6
shadowlist-utils	packages/shadowlist-utils/src/list/__tests__/shareInfiniteItemsById.test.ts	javascript	parameter	title	title	standard	6
shadowlist-utils	packages/shadowlist-utils/src/list/__tests__/shareInfiniteItemsById.test.ts	javascript	constant	previous	previous	standard	10
shadowlist-utils	packages/shadowlist-utils/src/list/__tests__/shareInfiniteItemsById.test.ts	javascript	constant	next	next	standard	11
shadowlist-utils	packages/shadowlist-utils/src/list/__tests__/shareInfiniteItemsById.test.ts	javascript	constant	a	a	standard	16
shadowlist-utils	packages/shadowlist-utils/src/list/__tests__/shareInfiniteItemsById.test.ts	javascript	constant	b	b	standard	17
shadowlist-utils	packages/shadowlist-utils/src/list/__tests__/shareInfiniteItemsById.test.ts	javascript	constant	previous	previous	standard	18
shadowlist-utils	packages/shadowlist-utils/src/list/__tests__/shareInfiniteItemsById.test.ts	javascript	constant	next	next	standard	19
shadowlist-utils	packages/shadowlist-utils/src/list/__tests__/shareInfiniteItemsById.test.ts	javascript	constant	shared	shared	standard	26
shadowlist-utils	packages/shadowlist-utils/src/list/__tests__/shareInfiniteItemsById.test.ts	javascript	constant	a	a	standard	33
shadowlist-utils	packages/shadowlist-utils/src/list/__tests__/shareInfiniteItemsById.test.ts	javascript	constant	previous	previous	standard	34
shadowlist-utils	packages/shadowlist-utils/src/list/__tests__/shareInfiniteItemsById.test.ts	javascript	constant	next	next	standard	35
shadowlist-utils	packages/shadowlist-utils/src/list/__tests__/shareInfiniteItemsById.test.ts	javascript	constant	shared	shared	standard	39
shadowlist-utils	packages/shadowlist-utils/src/list/__tests__/shareInfiniteItemsById.test.ts	javascript	constant	next	next	standard	45
shadowlist-utils	packages/shadowlist-utils/src/list/__tests__/shareInfiniteItemsById.test.ts	javascript	constant	a	a	standard	52
shadowlist-utils	packages/shadowlist-utils/src/list/__tests__/shareInfiniteItemsById.test.ts	javascript	constant	b	b	standard	53
shadowlist-utils	packages/shadowlist-utils/src/list/__tests__/shareInfiniteItemsById.test.ts	javascript	constant	shared	shared	standard	54
shadowlist-utils	packages/shadowlist-utils/src/list/__tests__/shareInfiniteItemsById.test.ts	javascript	constant	previous	previous	standard	60
shadowlist-utils	packages/shadowlist-utils/src/list/__tests__/structure.test.ts	javascript	constant	sections	sections	standard	12
shadowlist-utils	packages/shadowlist-utils/src/list/__tests__/structure.test.ts	javascript	parameter	name	name	standard	13
shadowlist-utils	packages/shadowlist-utils/src/list/__tests__/structure.test.ts	javascript	parameter	x	x	standard	14
shadowlist-utils	packages/shadowlist-utils/src/list/__tests__/structure.test.ts	javascript	parameter	y	y	standard	14
shadowlist-utils	packages/shadowlist-utils/src/list/__tests__/structure.test.ts	javascript	constant	input	input	standard	23
shadowlist-utils	packages/shadowlist-utils/src/list/__tests__/structure.test.ts	javascript	parameter	x	x	standard	26
shadowlist-utils	packages/shadowlist-utils/src/list/__tests__/structure.test.ts	javascript	parameter	y	y	standard	26
shadowlist-utils	packages/shadowlist-utils/src/list/__tests__/structure.test.ts	javascript	constant	tree	tree	standard	34
shadowlist-utils	packages/shadowlist-utils/src/list/__tests__/structure.test.ts	javascript	constant	ids	ids	standard	41
shadowlist-utils	packages/shadowlist-utils/src/list/__tests__/structure.test.ts	javascript	parameter	node	node	standard	42
shadowlist-utils	packages/shadowlist-utils/src/list/__tests__/structure.test.ts	javascript	parameter	node	node	standard	43
shadowlist-utils	packages/shadowlist-utils/src/list/__tests__/structure.test.ts	javascript	variable	node	node	standard	49
shadowlist-utils	packages/shadowlist-utils/src/list/__tests__/structure.test.ts	javascript	variable	depth	depth	standard	50
shadowlist-utils	packages/shadowlist-utils/src/list/__tests__/structure.test.ts	javascript	constant	ids	ids	standard	53
shadowlist-utils	packages/shadowlist-utils/src/list/__tests__/structure.test.ts	javascript	parameter	n	n	standard	54
shadowlist-utils	packages/shadowlist-utils/src/list/__tests__/structure.test.ts	javascript	parameter	n	n	standard	55
shadowlist-utils	packages/shadowlist-utils/src/list/collectExpandableIds.ts	javascript	parameter	node	node	standard	2
shadowlist-utils	packages/shadowlist-utils/src/list/collectExpandableIds.ts	javascript	parameter	node	node	standard	3
shadowlist-utils	packages/shadowlist-utils/src/list/collectExpandableIds.ts	javascript	parameter	nodes	nodes	standard	13
shadowlist-utils	packages/shadowlist-utils/src/list/collectExpandableIds.ts	javascript	parameter	getChildren	getChildren	standard	15
shadowlist-utils	packages/shadowlist-utils/src/list/collectExpandableIds.ts	javascript	parameter	keyExtractor	keyExtractor	standard	15
shadowlist-utils	packages/shadowlist-utils/src/list/collectExpandableIds.ts	javascript	constant	ids	ids	standard	17
shadowlist-utils	packages/shadowlist-utils/src/list/collectExpandableIds.ts	javascript	constant	stack	stack	standard	18
shadowlist-utils	packages/shadowlist-utils/src/list/collectExpandableIds.ts	javascript	constant	node	node	standard	20
shadowlist-utils	packages/shadowlist-utils/src/list/collectExpandableIds.ts	javascript	constant	children	children	standard	21
shadowlist-utils	packages/shadowlist-utils/src/list/getViewableRange.ts	javascript	parameter	viewableItems	viewableItems	standard	16
shadowlist-utils	packages/shadowlist-utils/src/list/getViewableRange.ts	javascript	variable	firstIndex	firstIndex	standard	20
shadowlist-utils	packages/shadowlist-utils/src/list/getViewableRange.ts	javascript	variable	lastIndex	lastIndex	standard	21
shadowlist-utils	packages/shadowlist-utils/src/list/getViewableRange.ts	javascript	constant	index	index	standard	22
shadowlist-utils	packages/shadowlist-utils/src/list/groupIntoSections.ts	javascript	parameter	item	item	standard	8
shadowlist-utils	packages/shadowlist-utils/src/list/groupIntoSections.ts	javascript	parameter	a	a	standard	9
shadowlist-utils	packages/shadowlist-utils/src/list/groupIntoSections.ts	javascript	parameter	b	b	standard	9
shadowlist-utils	packages/shadowlist-utils/src/list/groupIntoSections.ts	javascript	parameter	a	a	standard	10
shadowlist-utils	packages/shadowlist-utils/src/list/groupIntoSections.ts	javascript	parameter	b	b	standard	10
shadowlist-utils	packages/shadowlist-utils/src/list/groupIntoSections.ts	javascript	parameter	a	a	standard	13
shadowlist-utils	packages/shadowlist-utils/src/list/groupIntoSections.ts	javascript	parameter	b	b	standard	13
shadowlist-utils	packages/shadowlist-utils/src/list/groupIntoSections.ts	javascript	constant	byLocale	byLocale	standard	13
shadowlist-utils	packages/shadowlist-utils/src/list/groupIntoSections.ts	javascript	parameter	items	items	standard	28
shadowlist-utils	packages/shadowlist-utils/src/list/groupIntoSections.ts	javascript	parameter	getSectionTitle	getSectionTitle	standard	30
shadowlist-utils	packages/shadowlist-utils/src/list/groupIntoSections.ts	javascript	parameter	compareSections	compareSections	standard	31
shadowlist-utils	packages/shadowlist-utils/src/list/groupIntoSections.ts	javascript	parameter	compareItems	compareItems	standard	32
shadowlist-utils	packages/shadowlist-utils/src/list/groupIntoSections.ts	javascript	constant	groups	groups	standard	36
shadowlist-utils	packages/shadowlist-utils/src/list/groupIntoSections.ts	javascript	constant	item	item	standard	37
shadowlist-utils	packages/shadowlist-utils/src/list/groupIntoSections.ts	javascript	constant	title	title	standard	38
shadowlist-utils	packages/shadowlist-utils/src/list/groupIntoSections.ts	javascript	constant	group	group	standard	39
shadowlist-utils	packages/shadowlist-utils/src/list/groupIntoSections.ts	javascript	parameter	title	title	standard	46
shadowlist-utils	packages/shadowlist-utils/src/list/groupIntoSections.ts	javascript	constant	data	data	standard	47
shadowlist-utils	packages/shadowlist-utils/src/list/infiniteItems.ts	javascript	constant	NO_ITEMS	NO_ITEMS	standard	17
shadowlist-utils	packages/shadowlist-utils/src/list/infiniteItems.ts	javascript	parameter	data	data	standard	19
shadowlist-utils	packages/shadowlist-utils/src/list/infiniteItems.ts	javascript	parameter	mapItems	mapItems	standard	20
shadowlist-utils	packages/shadowlist-utils/src/list/infiniteItems.ts	javascript	parameter	items	items	standard	21
shadowlist-utils	packages/shadowlist-utils/src/list/infiniteItems.ts	javascript	parameter	pageIndex	pageIndex	standard	22
shadowlist-utils	packages/shadowlist-utils/src/list/infiniteItems.ts	javascript	parameter	pageCount	pageCount	standard	23
shadowlist-utils	packages/shadowlist-utils/src/list/infiniteItems.ts	javascript	variable	changed	changed	standard	27
shadowlist-utils	packages/shadowlist-utils/src/list/infiniteItems.ts	javascript	parameter	page	page	standard	28
shadowlist-utils	packages/shadowlist-utils/src/list/infiniteItems.ts	javascript	parameter	pageIndex	pageIndex	standard	28
shadowlist-utils	packages/shadowlist-utils/src/list/infiniteItems.ts	javascript	constant	pages	pages	standard	28
shadowlist-utils	packages/shadowlist-utils/src/list/infiniteItems.ts	javascript	constant	items	items	standard	29
shadowlist-utils	packages/shadowlist-utils/src/list/infiniteItems.ts	javascript	parameter	data	data	standard	43
shadowlist-utils	packages/shadowlist-utils/src/list/infiniteItems.ts	javascript	constant	pages	pages	standard	47
shadowlist-utils	packages/shadowlist-utils/src/list/infiniteItems.ts	javascript	parameter	page	page	standard	49
shadowlist-utils	packages/shadowlist-utils/src/list/infiniteItems.ts	javascript	parameter	data	data	standard	60
shadowlist-utils	packages/shadowlist-utils/src/list/infiniteItems.ts	javascript	parameter	update	update	standard	61
shadowlist-utils	packages/shadowlist-utils/src/list/infiniteItems.ts	javascript	parameter	item	item	standard	62
shadowlist-utils	packages/shadowlist-utils/src/list/infiniteItems.ts	javascript	parameter	items	items	standard	65
shadowlist-utils	packages/shadowlist-utils/src/list/infiniteItems.ts	javascript	variable	changed	changed	standard	66
shadowlist-utils	packages/shadowlist-utils/src/list/infiniteItems.ts	javascript	parameter	item	item	standard	67
shadowlist-utils	packages/shadowlist-utils/src/list/infiniteItems.ts	javascript	constant	next	next	standard	67
shadowlist-utils	packages/shadowlist-utils/src/list/infiniteItems.ts	javascript	constant	updated	updated	standard	68
shadowlist-utils	packages/shadowlist-utils/src/list/infiniteItems.ts	javascript	parameter	data	data	standard	77
shadowlist-utils	packages/shadowlist-utils/src/list/infiniteItems.ts	javascript	parameter	shouldRemove	shouldRemove	standard	78
shadowlist-utils	packages/shadowlist-utils/src/list/infiniteItems.ts	javascript	parameter	item	item	standard	79
shadowlist-utils	packages/shadowlist-utils/src/list/infiniteItems.ts	javascript	parameter	items	items	standard	82
shadowlist-utils	packages/shadowlist-utils/src/list/infiniteItems.ts	javascript	constant	kept	kept	standard	83
shadowlist-utils	packages/shadowlist-utils/src/list/infiniteItems.ts	javascript	parameter	item	item	standard	84
shadowlist-utils	packages/shadowlist-utils/src/list/infiniteItems.ts	javascript	parameter	data	data	standard	95
shadowlist-utils	packages/shadowlist-utils/src/list/infiniteItems.ts	javascript	parameter	items	items	standard	96
shadowlist-utils	packages/shadowlist-utils/src/list/infiniteItems.ts	javascript	parameter	pageIndex	pageIndex	standard	100
shadowlist-utils	packages/shadowlist-utils/src/list/infiniteItems.ts	javascript	parameter	pageItems	pageItems	standard	100
shadowlist-utils	packages/shadowlist-utils/src/list/infiniteItems.ts	javascript	parameter	data	data	standard	110
shadowlist-utils	packages/shadowlist-utils/src/list/infiniteItems.ts	javascript	parameter	items	items	standard	111
shadowlist-utils	packages/shadowlist-utils/src/list/infiniteItems.ts	javascript	parameter	pageCount	pageCount	standard	115
shadowlist-utils	packages/shadowlist-utils/src/list/infiniteItems.ts	javascript	parameter	pageIndex	pageIndex	standard	115
shadowlist-utils	packages/shadowlist-utils/src/list/infiniteItems.ts	javascript	parameter	pageItems	pageItems	standard	115
shadowlist-utils	packages/shadowlist-utils/src/list/infiniteItems.ts	javascript	parameter	data	data	standard	129
shadowlist-utils	packages/shadowlist-utils/src/list/infiniteItems.ts	javascript	parameter	items	items	standard	130
shadowlist-utils	packages/shadowlist-utils/src/list/infiniteItems.ts	javascript	parameter	item	item	standard	134
shadowlist-utils	packages/shadowlist-utils/src/list/infiniteItems.ts	javascript	constant	pending	pending	standard	134
shadowlist-utils	packages/shadowlist-utils/src/list/infiniteItems.ts	javascript	parameter	pageItems	pageItems	standard	135
shadowlist-utils	packages/shadowlist-utils/src/list/infiniteItems.ts	javascript	constant	replaced	replaced	standard	135
shadowlist-utils	packages/shadowlist-utils/src/list/infiniteItems.ts	javascript	variable	changed	changed	standard	136
shadowlist-utils	packages/shadowlist-utils/src/list/infiniteItems.ts	javascript	parameter	item	item	standard	137
shadowlist-utils	packages/shadowlist-utils/src/list/infiniteItems.ts	javascript	constant	next	next	standard	137
shadowlist-utils	packages/shadowlist-utils/src/list/infiniteItems.ts	javascript	constant	id	id	standard	138
shadowlist-utils	packages/shadowlist-utils/src/list/infiniteItems.ts	javascript	constant	replacement	replacement	standard	139
shadowlist-utils	packages/shadowlist-utils/src/list/infiniteItems.ts	javascript	parameter	data	data	standard	156
shadowlist-utils	packages/shadowlist-utils/src/list/infiniteItems.ts	javascript	parameter	pageCount	pageCount	standard	157
shadowlist-utils	packages/shadowlist-utils/src/list/shareInfiniteItemsById.ts	javascript	parameter	value	value	standard	5
shadowlist-utils	packages/shadowlist-utils/src/list/shareInfiniteItemsById.ts	javascript	parameter	value	value	standard	14
shadowlist-utils	packages/shadowlist-utils/src/list/shareInfiniteItemsById.ts	javascript	constant	prototype	prototype	standard	16
shadowlist-utils	packages/shadowlist-utils/src/list/shareInfiniteItemsById.ts	javascript	parameter	a	a	standard	21
shadowlist-utils	packages/shadowlist-utils/src/list/shareInfiniteItemsById.ts	javascript	parameter	b	b	standard	21
shadowlist-utils	packages/shadowlist-utils/src/list/shareInfiniteItemsById.ts	javascript	variable	index	index	standard	25
shadowlist-utils	packages/shadowlist-utils/src/list/shareInfiniteItemsById.ts	javascript	constant	keys	keys	standard	31
shadowlist-utils	packages/shadowlist-utils/src/list/shareInfiniteItemsById.ts	javascript	constant	key	key	standard	33
shadowlist-utils	packages/shadowlist-utils/src/list/shareInfiniteItemsById.ts	javascript	parameter	item	item	standard	42
shadowlist-utils	packages/shadowlist-utils/src/list/shareInfiniteItemsById.ts	javascript	parameter	previous	previous	standard	49
shadowlist-utils	packages/shadowlist-utils/src/list/shareInfiniteItemsById.ts	javascript	parameter	next	next	standard	50
shadowlist-utils	packages/shadowlist-utils/src/list/shareInfiniteItemsById.ts	javascript	parameter	items	items	standard	51
shadowlist-utils	packages/shadowlist-utils/src/list/shareInfiniteItemsById.ts	javascript	variable	index	index	standard	55
shadowlist-utils	packages/shadowlist-utils/src/list/shareInfiniteItemsById.ts	javascript	constant	previousKeys	previousKeys	standard	58
shadowlist-utils	packages/shadowlist-utils/src/list/shareInfiniteItemsById.ts	javascript	constant	nextKeys	nextKeys	standard	59
shadowlist-utils	packages/shadowlist-utils/src/list/shareInfiniteItemsById.ts	javascript	constant	key	key	standard	61
shadowlist-utils	packages/shadowlist-utils/src/list/shareInfiniteItemsById.ts	javascript	parameter	previous	previous	standard	76
shadowlist-utils	packages/shadowlist-utils/src/list/shareInfiniteItemsById.ts	javascript	parameter	next	next	standard	77
shadowlist-utils	packages/shadowlist-utils/src/list/shareInfiniteItemsById.ts	javascript	constant	previousById	previousById	standard	80
shadowlist-utils	packages/shadowlist-utils/src/list/shareInfiniteItemsById.ts	javascript	constant	item	item	standard	81
shadowlist-utils	packages/shadowlist-utils/src/list/shareInfiniteItemsById.ts	javascript	constant	id	id	standard	82
shadowlist-utils	packages/shadowlist-utils/src/list/shareInfiniteItemsById.ts	javascript	variable	changed	changed	standard	86
shadowlist-utils	packages/shadowlist-utils/src/list/shareInfiniteItemsById.ts	javascript	parameter	index	index	standard	87
shadowlist-utils	packages/shadowlist-utils/src/list/shareInfiniteItemsById.ts	javascript	parameter	item	item	standard	87
shadowlist-utils	packages/shadowlist-utils/src/list/shareInfiniteItemsById.ts	javascript	constant	items	items	standard	87
shadowlist-utils	packages/shadowlist-utils/src/list/shareInfiniteItemsById.ts	javascript	constant	id	id	standard	88
shadowlist-utils	packages/shadowlist-utils/src/list/shareInfiniteItemsById.ts	javascript	constant	previousItem	previousItem	standard	89
shadowlist-utils	packages/shadowlist-utils/src/list/shareInfiniteItemsById.ts	javascript	constant	shared	shared	standard	90
shadowlist-utils	packages/shadowlist-utils/src/list/shareInfiniteItemsById.ts	javascript	parameter	next	next	standard	114
shadowlist-utils	packages/shadowlist-utils/src/list/shareInfiniteItemsById.ts	javascript	parameter	previous	previous	standard	114
shadowlist-utils	packages/shadowlist-utils/src/list/shareInfiniteItemsById.ts	javascript	parameter	previous	previous	standard	135
shadowlist-utils	packages/shadowlist-utils/src/list/shareInfiniteItemsById.ts	javascript	parameter	next	next	standard	136
shadowlist-utils	packages/shadowlist-utils/src/list/shareInfiniteItemsById.ts	javascript	constant	previousItems	previousItems	standard	141
shadowlist-utils	packages/shadowlist-utils/src/list/shareInfiniteItemsById.ts	javascript	constant	previousPagesByFirstId	previousPagesByFirstId	standard	142
shadowlist-utils	packages/shadowlist-utils/src/list/shareInfiniteItemsById.ts	javascript	constant	page	page	standard	143
shadowlist-utils	packages/shadowlist-utils/src/list/shareInfiniteItemsById.ts	javascript	constant	firstId	firstId	standard	144
shadowlist-utils	packages/shadowlist-utils/src/list/shareInfiniteItemsById.ts	javascript	constant	item	item	standard	148
shadowlist-utils	packages/shadowlist-utils/src/list/shareInfiniteItemsById.ts	javascript	constant	id	id	standard	149
shadowlist-utils	packages/shadowlist-utils/src/list/shareInfiniteItemsById.ts	javascript	variable	pagesChanged	pagesChanged	standard	156
shadowlist-utils	packages/shadowlist-utils/src/list/shareInfiniteItemsById.ts	javascript	parameter	page	page	standard	157
shadowlist-utils	packages/shadowlist-utils/src/list/shareInfiniteItemsById.ts	javascript	parameter	pageIndex	pageIndex	standard	157
shadowlist-utils	packages/shadowlist-utils/src/list/shareInfiniteItemsById.ts	javascript	constant	pages	pages	standard	157
shadowlist-utils	packages/shadowlist-utils/src/list/shareInfiniteItemsById.ts	javascript	variable	itemsChanged	itemsChanged	standard	158
shadowlist-utils	packages/shadowlist-utils/src/list/shareInfiniteItemsById.ts	javascript	parameter	item	item	standard	159
shadowlist-utils	packages/shadowlist-utils/src/list/shareInfiniteItemsById.ts	javascript	constant	items	items	standard	159
shadowlist-utils	packages/shadowlist-utils/src/list/shareInfiniteItemsById.ts	javascript	constant	id	id	standard	160
shadowlist-utils	packages/shadowlist-utils/src/list/shareInfiniteItemsById.ts	javascript	constant	previousItem	previousItem	standard	162
shadowlist-utils	packages/shadowlist-utils/src/list/shareInfiniteItemsById.ts	javascript	constant	sharedItems	sharedItems	standard	171
shadowlist-utils	packages/shadowlist-utils/src/list/shareInfiniteItemsById.ts	javascript	constant	previousPage	previousPage	standard	172
shadowlist-utils	packages/shadowlist-utils/src/list/shareInfiniteItemsById.ts	javascript	constant	pageParams	pageParams	standard	184
shadowlist-utils	packages/shadowlist-utils/src/list/shareInfiniteItemsById.ts	javascript	constant	nextKeys	nextKeys	standard	188
shadowlist-utils	packages/shadowlist-utils/src/list/shareInfiniteItemsById.ts	javascript	parameter	key	key	standard	189
shadowlist-utils	packages/shadowlist-utils/src/list/shareInfiniteItemsById.ts	javascript	constant	extraEqual	extraEqual	standard	191
shadowlist-utils	packages/shadowlist-utils/src/list/shareInfiniteItemsById.ts	javascript	parameter	key	key	standard	191
shadowlist-utils	packages/shadowlist-utils/src/list/useInfiniteListProps.ts	javascript	parameter	error	error	standard	23
shadowlist-utils	packages/shadowlist-utils/src/list/useInfiniteListProps.ts	javascript	parameter	query	query	standard	60
shadowlist-utils	packages/shadowlist-utils/src/list/useInfiniteListProps.ts	javascript	parameter	options	options	standard	61
shadowlist-utils	packages/shadowlist-utils/src/list/useInfiniteListProps.ts	javascript	constant	queryRef	queryRef	standard	64
shadowlist-utils	packages/shadowlist-utils/src/list/useInfiniteListProps.ts	javascript	constant	optionsRef	optionsRef	standard	66
shadowlist-utils	packages/shadowlist-utils/src/list/useInfiniteListProps.ts	javascript	constant	data	data	standard	69
shadowlist-utils	packages/shadowlist-utils/src/list/useInfiniteListProps.ts	javascript	constant	onRefresh	onRefresh	standard	71
shadowlist-utils	packages/shadowlist-utils/src/list/useInfiniteListProps.ts	javascript	constant	refreshing	refreshing	standard	71
shadowlist-utils	packages/shadowlist-utils/src/list/useInfiniteListProps.ts	javascript	constant	refresh	refresh	standard	73
shadowlist-utils	packages/shadowlist-utils/src/list/useInfiniteListProps.ts	javascript	constant	pendingRef	pendingRef	standard	80
shadowlist-utils	packages/shadowlist-utils/src/list/useInfiniteListProps.ts	javascript	constant	settle	settle	standard	83
shadowlist-utils	packages/shadowlist-utils/src/list/useInfiniteListProps.ts	javascript	parameter	clearGuard	clearGuard	standard	84
shadowlist-utils	packages/shadowlist-utils/src/list/useInfiniteListProps.ts	javascript	parameter	fetchPage	fetchPage	standard	84
shadowlist-utils	packages/shadowlist-utils/src/list/useInfiniteListProps.ts	javascript	constant	pending	pending	standard	85
shadowlist-utils	packages/shadowlist-utils/src/list/useInfiniteListProps.ts	javascript	constant	onError	onError	standard	86
shadowlist-utils	packages/shadowlist-utils/src/list/useInfiniteListProps.ts	javascript	constant	onEndReached	onEndReached	standard	92
shadowlist-utils	packages/shadowlist-utils/src/list/useInfiniteListProps.ts	javascript	constant	current	current	standard	93
shadowlist-utils	packages/shadowlist-utils/src/list/useInfiniteListProps.ts	javascript	constant	onStartReached	onStartReached	standard	106
shadowlist-utils	packages/shadowlist-utils/src/list/useInfiniteListProps.ts	javascript	constant	current	current	standard	107
shadowlist-utils	packages/shadowlist-utils/src/list/usePullToRefresh.ts	javascript	parameter	error	error	standard	5
shadowlist-utils	packages/shadowlist-utils/src/list/usePullToRefresh.ts	javascript	parameter	refresh	refresh	standard	26
shadowlist-utils	packages/shadowlist-utils/src/list/usePullToRefresh.ts	javascript	parameter	options	options	standard	27
shadowlist-utils	packages/shadowlist-utils/src/list/usePullToRefresh.ts	javascript	constant	refreshRef	refreshRef	standard	30
shadowlist-utils	packages/shadowlist-utils/src/list/usePullToRefresh.ts	javascript	constant	optionsRef	optionsRef	standard	32
shadowlist-utils	packages/shadowlist-utils/src/list/usePullToRefresh.ts	javascript	constant	inFlightRef	inFlightRef	standard	36
shadowlist-utils	packages/shadowlist-utils/src/list/usePullToRefresh.ts	javascript	constant	refreshing	refreshing	standard	37
shadowlist-utils	packages/shadowlist-utils/src/list/usePullToRefresh.ts	javascript	constant	setRefreshing	setRefreshing	standard	37
shadowlist-utils	packages/shadowlist-utils/src/list/usePullToRefresh.ts	javascript	constant	onRefresh	onRefresh	standard	39
shadowlist-utils	packages/shadowlist-utils/src/list/usePullToRefresh.ts	javascript	constant	pending	pending	standard	44
shadowlist-utils	packages/shadowlist-utils/src/list/usePullToRefresh.ts	javascript	constant	onError	onError	standard	50
shadowlist-utils	packages/shadowlist-utils/src/list/useScrollThreshold.ts	javascript	parameter	event	event	standard	11
shadowlist-utils	packages/shadowlist-utils/src/list/useScrollThreshold.ts	javascript	parameter	thresholdDp	thresholdDp	standard	23
shadowlist-utils	packages/shadowlist-utils/src/list/useScrollThreshold.ts	javascript	constant	thresholdRef	thresholdRef	standard	24
shadowlist-utils	packages/shadowlist-utils/src/list/useScrollThreshold.ts	javascript	constant	isPastThreshold	isPastThreshold	standard	27
shadowlist-utils	packages/shadowlist-utils/src/list/useScrollThreshold.ts	javascript	constant	setIsPastThreshold	setIsPastThreshold	standard	27
shadowlist-utils	packages/shadowlist-utils/src/list/useScrollThreshold.ts	javascript	constant	isPastRef	isPastRef	standard	28
shadowlist-utils	packages/shadowlist-utils/src/list/useScrollThreshold.ts	javascript	parameter	event	event	standard	30
shadowlist-utils	packages/shadowlist-utils/src/list/useScrollThreshold.ts	javascript	constant	onScroll	onScroll	standard	30
shadowlist-utils	packages/shadowlist-utils/src/list/useScrollThreshold.ts	javascript	constant	isPast	isPast	standard	31
shadowlist-utils	packages/shadowlist-utils/src/native/activity/Activity.ts	javascript	constant	Activity	Activity	standard	5
shadowlist-utils	packages/shadowlist-utils/src/native/activity/ActivityHeader.tsx	javascript	parameter	action	action	standard	26
shadowlist-utils	packages/shadowlist-utils/src/native/activity/ActivityHeader.tsx	javascript	constant	ActionButton	ActionButton	standard	26
shadowlist-utils	packages/shadowlist-utils/src/native/activity/ActivityHeader.tsx	javascript	constant	styles	styles	standard	27
shadowlist-utils	packages/shadowlist-utils/src/native/activity/ActivityHeader.tsx	javascript	parameter	pressed	pressed	standard	33
shadowlist-utils	packages/shadowlist-utils/src/native/activity/ActivityHeader.tsx	javascript	constant	ActivityHeader	ActivityHeader	standard	41
shadowlist-utils	packages/shadowlist-utils/src/native/activity/ActivityHeader.tsx	javascript	parameter	actions	actions	standard	42
shadowlist-utils	packages/shadowlist-utils/src/native/activity/ActivityHeader.tsx	javascript	parameter	style	style	standard	42
shadowlist-utils	packages/shadowlist-utils/src/native/activity/ActivityHeader.tsx	javascript	parameter	subtitle	subtitle	standard	42
shadowlist-utils	packages/shadowlist-utils/src/native/activity/ActivityHeader.tsx	javascript	parameter	title	title	standard	42
shadowlist-utils	packages/shadowlist-utils/src/native/activity/ActivityHeader.tsx	javascript	constant	styles	styles	standard	43
shadowlist-utils	packages/shadowlist-utils/src/native/activity/ActivityHeader.tsx	javascript	parameter	action	action	standard	52
shadowlist-utils	packages/shadowlist-utils/src/native/activity/ActivityHeader.tsx	javascript	parameter	index	index	standard	52
shadowlist-utils	packages/shadowlist-utils/src/native/activity/ActivityHeader.tsx	javascript	parameter	theme	theme	standard	63
shadowlist-utils	packages/shadowlist-utils/src/native/activity/ActivityHeader.tsx	javascript	constant	useStyles	useStyles	standard	63
shadowlist-utils	packages/shadowlist-utils/src/native/activity/ActivityList.tsx	javascript	parameter	item	item	standard	22
shadowlist-utils	packages/shadowlist-utils/src/native/activity/ActivityList.tsx	javascript	parameter	createdAt	createdAt	standard	23
shadowlist-utils	packages/shadowlist-utils/src/native/activity/ActivityList.tsx	javascript	constant	ITEM_SEPARATOR	ITEM_SEPARATOR	standard	28
shadowlist-utils	packages/shadowlist-utils/src/native/activity/ActivityList.tsx	javascript	constant	VIEWABILITY_CONFIG	VIEWABILITY_CONFIG	standard	29
shadowlist-utils	packages/shadowlist-utils/src/native/activity/ActivityList.tsx	javascript	constant	ActivityList	ActivityList	standard	31
shadowlist-utils	packages/shadowlist-utils/src/native/activity/ActivityList.tsx	javascript	parameter	formatTime	formatTime	standard	32
shadowlist-utils	packages/shadowlist-utils/src/native/activity/ActivityList.tsx	javascript	parameter	labels	labels	standard	32
shadowlist-utils	packages/shadowlist-utils/src/native/activity/ActivityList.tsx	javascript	parameter	onPressItem	onPressItem	standard	32
shadowlist-utils	packages/shadowlist-utils/src/native/activity/ActivityList.tsx	javascript	parameter	props	props	standard	32
shadowlist-utils	packages/shadowlist-utils/src/native/activity/ActivityList.tsx	javascript	parameter	ref	ref	standard	32
shadowlist-utils	packages/shadowlist-utils/src/native/activity/ActivityList.tsx	javascript	parameter	renderElement	renderElement	standard	32
shadowlist-utils	packages/shadowlist-utils/src/native/activity/ActivityList.tsx	javascript	constant	mergedLabels	mergedLabels	standard	33
shadowlist-utils	packages/shadowlist-utils/src/native/activity/ActivityList.tsx	javascript	constant	renderRow	renderRow	standard	34
shadowlist-utils	packages/shadowlist-utils/src/native/activity/ActivityList.tsx	javascript	parameter	element	element	standard	35
shadowlist-utils	packages/shadowlist-utils/src/native/activity/ActivityRow.tsx	javascript	parameter	item	item	standard	19
shadowlist-utils	packages/shadowlist-utils/src/native/activity/ActivityRow.tsx	javascript	parameter	createdAt	createdAt	standard	20
shadowlist-utils	packages/shadowlist-utils/src/native/activity/ActivityRow.tsx	javascript	constant	AVATAR_SIZE	AVATAR_SIZE	standard	26
shadowlist-utils	packages/shadowlist-utils/src/native/activity/ActivityRow.tsx	javascript	constant	ActivityRow	ActivityRow	standard	28
shadowlist-utils	packages/shadowlist-utils/src/native/activity/ActivityRow.tsx	javascript	parameter	item	item	standard	29
shadowlist-utils	packages/shadowlist-utils/src/native/activity/ActivityRow.tsx	javascript	parameter	onPress	onPress	standard	30
shadowlist-utils	packages/shadowlist-utils/src/native/activity/ActivityRow.tsx	javascript	parameter	formatTime	formatTime	standard	31
shadowlist-utils	packages/shadowlist-utils/src/native/activity/ActivityRow.tsx	javascript	parameter	labels	labels	standard	32
shadowlist-utils	packages/shadowlist-utils/src/native/activity/ActivityRow.tsx	javascript	parameter	style	style	standard	33
shadowlist-utils	packages/shadowlist-utils/src/native/activity/ActivityRow.tsx	javascript	parameter	avatarStyle	avatarStyle	standard	34
shadowlist-utils	packages/shadowlist-utils/src/native/activity/ActivityRow.tsx	javascript	constant	styles	styles	standard	37
shadowlist-utils	packages/shadowlist-utils/src/native/activity/ActivityRow.tsx	javascript	constant	l	l	standard	38
shadowlist-utils	packages/shadowlist-utils/src/native/activity/ActivityRow.tsx	javascript	constant	actor	actor	standard	39
shadowlist-utils	packages/shadowlist-utils/src/native/activity/ActivityRow.tsx	javascript	constant	time	time	standard	40
shadowlist-utils	packages/shadowlist-utils/src/native/activity/ActivityRow.tsx	javascript	constant	isUnread	isUnread	standard	43
shadowlist-utils	packages/shadowlist-utils/src/native/activity/ActivityRow.tsx	javascript	constant	accessibilityLabel	accessibilityLabel	standard	44
shadowlist-utils	packages/shadowlist-utils/src/native/activity/ActivityRow.tsx	javascript	parameter	pressed	pressed	standard	55
shadowlist-utils	packages/shadowlist-utils/src/native/activity/ActivityRow.tsx	javascript	parameter	theme	theme	standard	91
shadowlist-utils	packages/shadowlist-utils/src/native/activity/ActivityRow.tsx	javascript	constant	useStyles	useStyles	standard	91
shadowlist-utils	packages/shadowlist-utils/src/native/activity/labels.ts	javascript	constant	defaultActivityLabels	defaultActivityLabels	standard	7
shadowlist-utils	packages/shadowlist-utils/src/native/activity/labels.ts	javascript	parameter	count	count	standard	9
shadowlist-utils	packages/shadowlist-utils/src/native/activity/labels.ts	javascript	parameter	count	count	standard	10
shadowlist-utils	packages/shadowlist-utils/src/native/activity/labels.ts	javascript	parameter	count	count	standard	11
shadowlist-utils	packages/shadowlist-utils/src/native/assistant/__tests__/markdown.test.ts	javascript	constant	blocks	blocks	standard	5
shadowlist-utils	packages/shadowlist-utils/src/native/assistant/__tests__/markdown.test.ts	javascript	parameter	block	block	standard	8
shadowlist-utils	packages/shadowlist-utils/src/native/assistant/__tests__/markdown.test.ts	javascript	constant	open	open	standard	16
shadowlist-utils	packages/shadowlist-utils/src/native/assistant/__tests__/markdown.test.ts	javascript	constant	closed	closed	standard	19
shadowlist-utils	packages/shadowlist-utils/src/native/assistant/__tests__/markdown.test.ts	javascript	constant	paragraph	paragraph	standard	28
shadowlist-utils	packages/shadowlist-utils/src/native/assistant/__tests__/markdown.test.ts	javascript	constant	inlines	inlines	standard	30
shadowlist-utils	packages/shadowlist-utils/src/native/assistant/__tests__/markdown.test.ts	javascript	constant	paragraph	paragraph	standard	37
shadowlist-utils	packages/shadowlist-utils/src/native/assistant/__tests__/markdown.test.ts	javascript	constant	inlines	inlines	standard	38
shadowlist-utils	packages/shadowlist-utils/src/native/assistant/__tests__/markdown.test.ts	javascript	parameter	inline	inline	standard	39
shadowlist-utils	packages/shadowlist-utils/src/native/assistant/__tests__/markdown.test.ts	javascript	constant	source	source	standard	43
shadowlist-utils	packages/shadowlist-utils/src/native/assistant/__tests__/markdown.test.ts	javascript	variable	end	end	standard	45
shadowlist-utils	packages/shadowlist-utils/src/native/assistant/__tests__/turnWriter.test.ts	javascript	constant	turns	turns	standard	6
shadowlist-utils	packages/shadowlist-utils/src/native/assistant/__tests__/turnWriter.test.ts	javascript	constant	writes	writes	standard	7
shadowlist-utils	packages/shadowlist-utils/src/native/assistant/__tests__/turnWriter.test.ts	javascript	constant	store	store	standard	8
shadowlist-utils	packages/shadowlist-utils/src/native/assistant/__tests__/turnWriter.test.ts	javascript	parameter	id	id	standard	10
shadowlist-utils	packages/shadowlist-utils/src/native/assistant/__tests__/turnWriter.test.ts	javascript	parameter	id	id	standard	11
shadowlist-utils	packages/shadowlist-utils/src/native/assistant/__tests__/turnWriter.test.ts	javascript	parameter	turn	turn	standard	11
shadowlist-utils	packages/shadowlist-utils/src/native/assistant/__tests__/turnWriter.test.ts	javascript	parameter	id	id	standard	15
shadowlist-utils	packages/shadowlist-utils/src/native/assistant/__tests__/turnWriter.test.ts	javascript	constant	store	store	standard	27
shadowlist-utils	packages/shadowlist-utils/src/native/assistant/__tests__/turnWriter.test.ts	javascript	constant	turn	turn	standard	27
shadowlist-utils	packages/shadowlist-utils/src/native/assistant/__tests__/turnWriter.test.ts	javascript	constant	writes	writes	standard	27
shadowlist-utils	packages/shadowlist-utils/src/native/assistant/__tests__/turnWriter.test.ts	javascript	constant	writer	writer	standard	28
shadowlist-utils	packages/shadowlist-utils/src/native/assistant/__tests__/turnWriter.test.ts	javascript	constant	store	store	standard	44
shadowlist-utils	packages/shadowlist-utils/src/native/assistant/__tests__/turnWriter.test.ts	javascript	constant	turn	turn	standard	44
shadowlist-utils	packages/shadowlist-utils/src/native/assistant/__tests__/turnWriter.test.ts	javascript	constant	writes	writes	standard	44
shadowlist-utils	packages/shadowlist-utils/src/native/assistant/__tests__/turnWriter.test.ts	javascript	constant	onFinish	onFinish	standard	45
shadowlist-utils	packages/shadowlist-utils/src/native/assistant/__tests__/turnWriter.test.ts	javascript	constant	writer	writer	standard	46
shadowlist-utils	packages/shadowlist-utils/src/native/assistant/__tests__/turnWriter.test.ts	javascript	constant	count	count	standard	54
shadowlist-utils	packages/shadowlist-utils/src/native/assistant/__tests__/turnWriter.test.ts	javascript	constant	stopped	stopped	standard	64
shadowlist-utils	packages/shadowlist-utils/src/native/assistant/__tests__/turnWriter.test.ts	javascript	constant	a	a	standard	65
shadowlist-utils	packages/shadowlist-utils/src/native/assistant/__tests__/turnWriter.test.ts	javascript	constant	failed	failed	standard	70
shadowlist-utils	packages/shadowlist-utils/src/native/assistant/__tests__/turnWriter.test.ts	javascript	constant	b	b	standard	71
shadowlist-utils	packages/shadowlist-utils/src/native/assistant/__tests__/turnWriter.test.ts	javascript	constant	id	id	standard	72
shadowlist-utils	packages/shadowlist-utils/src/native/assistant/__tests__/turnWriter.test.ts	javascript	constant	calls	calls	standard	76
shadowlist-utils	packages/shadowlist-utils/src/native/assistant/__tests__/turnWriter.test.ts	javascript	parameter	call	call	standard	77
shadowlist-utils	packages/shadowlist-utils/src/native/assistant/__tests__/turnWriter.test.ts	javascript	constant	store	store	standard	82
shadowlist-utils	packages/shadowlist-utils/src/native/assistant/__tests__/turnWriter.test.ts	javascript	constant	turn	turn	standard	82
shadowlist-utils	packages/shadowlist-utils/src/native/assistant/__tests__/turnWriter.test.ts	javascript	constant	writer	writer	standard	83
shadowlist-utils	packages/shadowlist-utils/src/native/assistant/__tests__/turnWriter.test.ts	javascript	constant	first	first	standard	85
shadowlist-utils	packages/shadowlist-utils/src/native/assistant/__tests__/turnWriter.test.ts	javascript	constant	second	second	standard	87
shadowlist-utils	packages/shadowlist-utils/src/native/assistant/__tests__/turnWriter.test.ts	javascript	constant	calls	calls	standard	92
shadowlist-utils	packages/shadowlist-utils/src/native/assistant/__tests__/turnWriter.test.ts	javascript	parameter	call	call	standard	93
shadowlist-utils	packages/shadowlist-utils/src/native/assistant/__tests__/turnWriter.test.ts	javascript	parameter	call	call	standard	95
shadowlist-utils	packages/shadowlist-utils/src/native/assistant/__tests__/turnWriter.test.ts	javascript	parameter	call	call	standard	96
shadowlist-utils	packages/shadowlist-utils/src/native/assistant/Assistant.ts	javascript	constant	Assistant	Assistant	standard	13
shadowlist-utils	packages/shadowlist-utils/src/native/assistant/AssistantActionButton.tsx	javascript	constant	AssistantActionButton	AssistantActionButton	standard	14
shadowlist-utils	packages/shadowlist-utils/src/native/assistant/AssistantActionButton.tsx	javascript	parameter	label	label	standard	14
shadowlist-utils	packages/shadowlist-utils/src/native/assistant/AssistantActionButton.tsx	javascript	parameter	onPress	onPress	standard	15
shadowlist-utils	packages/shadowlist-utils/src/native/assistant/AssistantActionButton.tsx	javascript	parameter	children	children	standard	16
shadowlist-utils	packages/shadowlist-utils/src/native/assistant/AssistantActionButton.tsx	javascript	parameter	showLabel	showLabel	standard	17
shadowlist-utils	packages/shadowlist-utils/src/native/assistant/AssistantActionButton.tsx	javascript	parameter	disabled	disabled	standard	18
shadowlist-utils	packages/shadowlist-utils/src/native/assistant/AssistantActionButton.tsx	javascript	parameter	selected	selected	standard	19
shadowlist-utils	packages/shadowlist-utils/src/native/assistant/AssistantActionButton.tsx	javascript	constant	styles	styles	standard	22
shadowlist-utils	packages/shadowlist-utils/src/native/assistant/AssistantActionButton.tsx	javascript	parameter	pressed	pressed	standard	31
shadowlist-utils	packages/shadowlist-utils/src/native/assistant/AssistantActionButton.tsx	javascript	parameter	theme	theme	standard	43
shadowlist-utils	packages/shadowlist-utils/src/native/assistant/AssistantActionButton.tsx	javascript	constant	useStyles	useStyles	standard	43
shadowlist-utils	packages/shadowlist-utils/src/native/assistant/AssistantAttachmentChip.tsx	javascript	parameter	attachmentId	attachmentId	standard	20
shadowlist-utils	packages/shadowlist-utils/src/native/assistant/AssistantAttachmentChip.tsx	javascript	constant	AssistantAttachmentChip	AssistantAttachmentChip	standard	25
shadowlist-utils	packages/shadowlist-utils/src/native/assistant/AssistantAttachmentChip.tsx	javascript	parameter	attachment	attachment	standard	26
shadowlist-utils	packages/shadowlist-utils/src/native/assistant/AssistantAttachmentChip.tsx	javascript	parameter	labels	labels	standard	26
shadowlist-utils	packages/shadowlist-utils/src/native/assistant/AssistantAttachmentChip.tsx	javascript	parameter	onRemove	onRemove	standard	26
shadowlist-utils	packages/shadowlist-utils/src/native/assistant/AssistantAttachmentChip.tsx	javascript	parameter	style	style	standard	26
shadowlist-utils	packages/shadowlist-utils/src/native/assistant/AssistantAttachmentChip.tsx	javascript	constant	theme	theme	standard	27
shadowlist-utils	packages/shadowlist-utils/src/native/assistant/AssistantAttachmentChip.tsx	javascript	constant	styles	styles	standard	28
shadowlist-utils	packages/shadowlist-utils/src/native/assistant/AssistantAttachmentChip.tsx	javascript	constant	l	l	standard	29
shadowlist-utils	packages/shadowlist-utils/src/native/assistant/AssistantAttachmentChip.tsx	javascript	constant	isImage	isImage	standard	30
shadowlist-utils	packages/shadowlist-utils/src/native/assistant/AssistantAttachmentChip.tsx	javascript	parameter	pressed	pressed	standard	69
shadowlist-utils	packages/shadowlist-utils/src/native/assistant/AssistantAttachmentChip.tsx	javascript	parameter	theme	theme	standard	79
shadowlist-utils	packages/shadowlist-utils/src/native/assistant/AssistantAttachmentChip.tsx	javascript	constant	useStyles	useStyles	standard	79
shadowlist-utils	packages/shadowlist-utils/src/native/assistant/AssistantComposer.tsx	javascript	parameter	options	options	standard	41
shadowlist-utils	packages/shadowlist-utils/src/native/assistant/AssistantComposer.tsx	javascript	parameter	text	text	standard	41
shadowlist-utils	packages/shadowlist-utils/src/native/assistant/AssistantComposer.tsx	javascript	parameter	attachments	attachments	standard	50
shadowlist-utils	packages/shadowlist-utils/src/native/assistant/AssistantComposer.tsx	javascript	parameter	text	text	standard	50
shadowlist-utils	packages/shadowlist-utils/src/native/assistant/AssistantComposer.tsx	javascript	parameter	attachmentId	attachmentId	standard	57
shadowlist-utils	packages/shadowlist-utils/src/native/assistant/AssistantComposer.tsx	javascript	parameter	enabled	enabled	standard	63
shadowlist-utils	packages/shadowlist-utils/src/native/assistant/AssistantComposer.tsx	javascript	constant	NO_ATTACHMENTS	NO_ATTACHMENTS	standard	75
shadowlist-utils	packages/shadowlist-utils/src/native/assistant/AssistantComposer.tsx	javascript	constant	AssistantComposer	AssistantComposer	standard	77
shadowlist-utils	packages/shadowlist-utils/src/native/assistant/AssistantComposer.tsx	javascript	parameter	onSend	onSend	standard	82
shadowlist-utils	packages/shadowlist-utils/src/native/assistant/AssistantComposer.tsx	javascript	parameter	streaming	streaming	standard	83
shadowlist-utils	packages/shadowlist-utils/src/native/assistant/AssistantComposer.tsx	javascript	parameter	onStop	onStop	standard	84
shadowlist-utils	packages/shadowlist-utils/src/native/assistant/AssistantComposer.tsx	javascript	parameter	attachments	attachments	standard	85
shadowlist-utils	packages/shadowlist-utils/src/native/assistant/AssistantComposer.tsx	javascript	parameter	onPressAttach	onPressAttach	standard	86
shadowlist-utils	packages/shadowlist-utils/src/native/assistant/AssistantComposer.tsx	javascript	parameter	onRemoveAttachment	onRemoveAttachment	standard	87
shadowlist-utils	packages/shadowlist-utils/src/native/assistant/AssistantComposer.tsx	javascript	parameter	model	model	standard	88
shadowlist-utils	packages/shadowlist-utils/src/native/assistant/AssistantComposer.tsx	javascript	parameter	onPressModel	onPressModel	standard	89
shadowlist-utils	packages/shadowlist-utils/src/native/assistant/AssistantComposer.tsx	javascript	parameter	thinking	thinking	standard	90
shadowlist-utils	packages/shadowlist-utils/src/native/assistant/AssistantComposer.tsx	javascript	parameter	onThinkingChange	onThinkingChange	standard	91
shadowlist-utils	packages/shadowlist-utils/src/native/assistant/AssistantComposer.tsx	javascript	parameter	dictating	dictating	standard	92
shadowlist-utils	packages/shadowlist-utils/src/native/assistant/AssistantComposer.tsx	javascript	parameter	onPressDictate	onPressDictate	standard	93
shadowlist-utils	packages/shadowlist-utils/src/native/assistant/AssistantComposer.tsx	javascript	parameter	editing	editing	standard	94
shadowlist-utils	packages/shadowlist-utils/src/native/assistant/AssistantComposer.tsx	javascript	parameter	onCancelEdit	onCancelEdit	standard	95
shadowlist-utils	packages/shadowlist-utils/src/native/assistant/AssistantComposer.tsx	javascript	parameter	maxLength	maxLength	standard	96
shadowlist-utils	packages/shadowlist-utils/src/native/assistant/AssistantComposer.tsx	javascript	parameter	labels	labels	standard	97
shadowlist-utils	packages/shadowlist-utils/src/native/assistant/AssistantComposer.tsx	javascript	parameter	style	style	standard	98
shadowlist-utils	packages/shadowlist-utils/src/native/assistant/AssistantComposer.tsx	javascript	parameter	ref	ref	standard	100
shadowlist-utils	packages/shadowlist-utils/src/native/assistant/AssistantComposer.tsx	javascript	constant	theme	theme	standard	103
shadowlist-utils	packages/shadowlist-utils/src/native/assistant/AssistantComposer.tsx	javascript	constant	colors	colors	standard	104
shadowlist-utils	packages/shadowlist-utils/src/native/assistant/AssistantComposer.tsx	javascript	constant	styles	styles	standard	105
shadowlist-utils	packages/shadowlist-utils/src/native/assistant/AssistantComposer.tsx	javascript	constant	l	l	standard	106
shadowlist-utils	packages/shadowlist-utils/src/native/assistant/AssistantComposer.tsx	javascript	constant	insets	insets	standard	107
shadowlist-utils	packages/shadowlist-utils/src/native/assistant/AssistantComposer.tsx	javascript	constant	inputRef	inputRef	standard	108
shadowlist-utils	packages/shadowlist-utils/src/native/assistant/AssistantComposer.tsx	javascript	constant	setText	setText	standard	109
shadowlist-utils	packages/shadowlist-utils/src/native/assistant/AssistantComposer.tsx	javascript	constant	text	text	standard	109
shadowlist-utils	packages/shadowlist-utils/src/native/assistant/AssistantComposer.tsx	javascript	constant	textRef	textRef	standard	111
shadowlist-utils	packages/shadowlist-utils/src/native/assistant/AssistantComposer.tsx	javascript	parameter	nextText	nextText	standard	117
shadowlist-utils	packages/shadowlist-utils/src/native/assistant/AssistantComposer.tsx	javascript	parameter	options	options	standard	117
shadowlist-utils	packages/shadowlist-utils/src/native/assistant/AssistantComposer.tsx	javascript	constant	canSend	canSend	standard	128
shadowlist-utils	packages/shadowlist-utils/src/native/assistant/AssistantComposer.tsx	javascript	constant	handleSend	handleSend	standard	131
shadowlist-utils	packages/shadowlist-utils/src/native/assistant/AssistantComposer.tsx	javascript	parameter	attachment	attachment	standard	172
shadowlist-utils	packages/shadowlist-utils/src/native/assistant/AssistantComposer.tsx	javascript	parameter	pressed	pressed	standard	214
shadowlist-utils	packages/shadowlist-utils/src/native/assistant/AssistantComposer.tsx	javascript	parameter	pressed	pressed	standard	238
shadowlist-utils	packages/shadowlist-utils/src/native/assistant/AssistantComposer.tsx	javascript	parameter	pressed	pressed	standard	261
shadowlist-utils	packages/shadowlist-utils/src/native/assistant/AssistantComposer.tsx	javascript	parameter	pressed	pressed	standard	282
shadowlist-utils	packages/shadowlist-utils/src/native/assistant/AssistantComposer.tsx	javascript	parameter	pressed	pressed	standard	298
shadowlist-utils	packages/shadowlist-utils/src/native/assistant/AssistantComposer.tsx	javascript	parameter	theme	theme	standard	318
shadowlist-utils	packages/shadowlist-utils/src/native/assistant/AssistantComposer.tsx	javascript	constant	useStyles	useStyles	standard	318
shadowlist-utils	packages/shadowlist-utils/src/native/assistant/AssistantEmpty.tsx	javascript	parameter	suggestion	suggestion	standard	18
shadowlist-utils	packages/shadowlist-utils/src/native/assistant/AssistantEmpty.tsx	javascript	constant	AssistantEmpty	AssistantEmpty	standard	27
shadowlist-utils	packages/shadowlist-utils/src/native/assistant/AssistantEmpty.tsx	javascript	parameter	labels	labels	standard	28
shadowlist-utils	packages/shadowlist-utils/src/native/assistant/AssistantEmpty.tsx	javascript	parameter	onSelectSuggestion	onSelectSuggestion	standard	28
shadowlist-utils	packages/shadowlist-utils/src/native/assistant/AssistantEmpty.tsx	javascript	parameter	style	style	standard	28
shadowlist-utils	packages/shadowlist-utils/src/native/assistant/AssistantEmpty.tsx	javascript	parameter	suggestions	suggestions	standard	28
shadowlist-utils	packages/shadowlist-utils/src/native/assistant/AssistantEmpty.tsx	javascript	constant	theme	theme	standard	29
shadowlist-utils	packages/shadowlist-utils/src/native/assistant/AssistantEmpty.tsx	javascript	constant	styles	styles	standard	30
shadowlist-utils	packages/shadowlist-utils/src/native/assistant/AssistantEmpty.tsx	javascript	constant	l	l	standard	31
shadowlist-utils	packages/shadowlist-utils/src/native/assistant/AssistantEmpty.tsx	javascript	parameter	suggestion	suggestion	standard	47
shadowlist-utils	packages/shadowlist-utils/src/native/assistant/AssistantEmpty.tsx	javascript	parameter	pressed	pressed	standard	54
shadowlist-utils	packages/shadowlist-utils/src/native/assistant/AssistantEmpty.tsx	javascript	parameter	theme	theme	standard	72
shadowlist-utils	packages/shadowlist-utils/src/native/assistant/AssistantEmpty.tsx	javascript	constant	useStyles	useStyles	standard	72
shadowlist-utils	packages/shadowlist-utils/src/native/assistant/AssistantList.tsx	javascript	parameter	messageId	messageId	standard	46
shadowlist-utils	packages/shadowlist-utils/src/native/assistant/AssistantList.tsx	javascript	constant	AssistantList	AssistantList	standard	50
shadowlist-utils	packages/shadowlist-utils/src/native/assistant/AssistantList.tsx	javascript	parameter	renderElement	renderElement	standard	52
shadowlist-utils	packages/shadowlist-utils/src/native/assistant/AssistantList.tsx	javascript	parameter	store	store	standard	53
shadowlist-utils	packages/shadowlist-utils/src/native/assistant/AssistantList.tsx	javascript	parameter	streaming	streaming	standard	54
shadowlist-utils	packages/shadowlist-utils/src/native/assistant/AssistantList.tsx	javascript	parameter	onCopy	onCopy	standard	55
shadowlist-utils	packages/shadowlist-utils/src/native/assistant/AssistantList.tsx	javascript	parameter	onCopyCode	onCopyCode	standard	56
shadowlist-utils	packages/shadowlist-utils/src/native/assistant/AssistantList.tsx	javascript	parameter	onShare	onShare	standard	57
shadowlist-utils	packages/shadowlist-utils/src/native/assistant/AssistantList.tsx	javascript	parameter	onRegenerate	onRegenerate	standard	58
shadowlist-utils	packages/shadowlist-utils/src/native/assistant/AssistantList.tsx	javascript	parameter	onRetry	onRetry	standard	59
shadowlist-utils	packages/shadowlist-utils/src/native/assistant/AssistantList.tsx	javascript	parameter	onSelectVariant	onSelectVariant	standard	60
shadowlist-utils	packages/shadowlist-utils/src/native/assistant/AssistantList.tsx	javascript	parameter	onFeedback	onFeedback	standard	61
shadowlist-utils	packages/shadowlist-utils/src/native/assistant/AssistantList.tsx	javascript	parameter	onFollowUp	onFollowUp	standard	62
shadowlist-utils	packages/shadowlist-utils/src/native/assistant/AssistantList.tsx	javascript	parameter	onOpenLink	onOpenLink	standard	63
shadowlist-utils	packages/shadowlist-utils/src/native/assistant/AssistantList.tsx	javascript	parameter	onEdit	onEdit	standard	64
shadowlist-utils	packages/shadowlist-utils/src/native/assistant/AssistantList.tsx	javascript	parameter	labels	labels	standard	65
shadowlist-utils	packages/shadowlist-utils/src/native/assistant/AssistantList.tsx	javascript	parameter	data	data	standard	66
shadowlist-utils	packages/shadowlist-utils/src/native/assistant/AssistantList.tsx	javascript	parameter	props	props	standard	68
shadowlist-utils	packages/shadowlist-utils/src/native/assistant/AssistantList.tsx	javascript	parameter	ref	ref	standard	69
shadowlist-utils	packages/shadowlist-utils/src/native/assistant/AssistantList.tsx	javascript	constant	theme	theme	standard	72
shadowlist-utils	packages/shadowlist-utils/src/native/assistant/AssistantList.tsx	javascript	constant	l	l	standard	73
shadowlist-utils	packages/shadowlist-utils/src/native/assistant/AssistantList.tsx	javascript	constant	getElementSizeSpec	getElementSizeSpec	standard	80
shadowlist-utils	packages/shadowlist-utils/src/native/assistant/AssistantList.tsx	javascript	parameter	element	element	standard	81
shadowlist-utils	packages/shadowlist-utils/src/native/assistant/AssistantList.tsx	javascript	constant	latestId	latestId	standard	99
shadowlist-utils	packages/shadowlist-utils/src/native/assistant/AssistantList.tsx	javascript	constant	defaultRenderElement	defaultRenderElement	standard	102
shadowlist-utils	packages/shadowlist-utils/src/native/assistant/AssistantList.tsx	javascript	parameter	element	element	standard	105
shadowlist-utils	packages/shadowlist-utils/src/native/assistant/AssistantList.tsx	javascript	constant	styles	styles	standard	172
shadowlist-utils	packages/shadowlist-utils/src/native/assistant/AssistantMarkdown.tsx	javascript	parameter	code	code	standard	27
shadowlist-utils	packages/shadowlist-utils/src/native/assistant/AssistantMarkdown.tsx	javascript	parameter	url	url	standard	29
shadowlist-utils	packages/shadowlist-utils/src/native/assistant/AssistantMarkdown.tsx	javascript	constant	COPIED_RESET_MS	COPIED_RESET_MS	standard	36
shadowlist-utils	packages/shadowlist-utils/src/native/assistant/AssistantMarkdown.tsx	javascript	constant	TABLE_COLUMN_WIDTH	TABLE_COLUMN_WIDTH	standard	37
shadowlist-utils	packages/shadowlist-utils/src/native/assistant/AssistantMarkdown.tsx	javascript	parameter	inlines	inlines	standard	39
shadowlist-utils	packages/shadowlist-utils/src/native/assistant/AssistantMarkdown.tsx	javascript	constant	renderInlines	renderInlines	standard	39
shadowlist-utils	packages/shadowlist-utils/src/native/assistant/AssistantMarkdown.tsx	javascript	parameter	styles	styles	standard	40
shadowlist-utils	packages/shadowlist-utils/src/native/assistant/AssistantMarkdown.tsx	javascript	parameter	onOpenLink	onOpenLink	standard	41
shadowlist-utils	packages/shadowlist-utils/src/native/assistant/AssistantMarkdown.tsx	javascript	parameter	url	url	standard	42
shadowlist-utils	packages/shadowlist-utils/src/native/assistant/AssistantMarkdown.tsx	javascript	parameter	index	index	standard	44
shadowlist-utils	packages/shadowlist-utils/src/native/assistant/AssistantMarkdown.tsx	javascript	parameter	inline	inline	standard	44
shadowlist-utils	packages/shadowlist-utils/src/native/assistant/AssistantMarkdown.tsx	javascript	constant	href	href	standard	65
shadowlist-utils	packages/shadowlist-utils/src/native/assistant/AssistantMarkdown.tsx	javascript	constant	CodeBlock	CodeBlock	standard	82
shadowlist-utils	packages/shadowlist-utils/src/native/assistant/AssistantMarkdown.tsx	javascript	parameter	language	language	standard	82
shadowlist-utils	packages/shadowlist-utils/src/native/assistant/AssistantMarkdown.tsx	javascript	parameter	code	code	standard	83
shadowlist-utils	packages/shadowlist-utils/src/native/assistant/AssistantMarkdown.tsx	javascript	parameter	closed	closed	standard	84
shadowlist-utils	packages/shadowlist-utils/src/native/assistant/AssistantMarkdown.tsx	javascript	parameter	onCopyCode	onCopyCode	standard	85
shadowlist-utils	packages/shadowlist-utils/src/native/assistant/AssistantMarkdown.tsx	javascript	parameter	labels	labels	standard	86
shadowlist-utils	packages/shadowlist-utils/src/native/assistant/AssistantMarkdown.tsx	javascript	parameter	code	code	standard	92
shadowlist-utils	packages/shadowlist-utils/src/native/assistant/AssistantMarkdown.tsx	javascript	constant	theme	theme	standard	95
shadowlist-utils	packages/shadowlist-utils/src/native/assistant/AssistantMarkdown.tsx	javascript	constant	styles	styles	standard	96
shadowlist-utils	packages/shadowlist-utils/src/native/assistant/AssistantMarkdown.tsx	javascript	constant	copied	copied	standard	97
shadowlist-utils	packages/shadowlist-utils/src/native/assistant/AssistantMarkdown.tsx	javascript	constant	setCopied	setCopied	standard	97
shadowlist-utils	packages/shadowlist-utils/src/native/assistant/AssistantMarkdown.tsx	javascript	constant	codeLines	codeLines	standard	103
shadowlist-utils	packages/shadowlist-utils/src/native/assistant/AssistantMarkdown.tsx	javascript	constant	id	id	standard	107
shadowlist-utils	packages/shadowlist-utils/src/native/assistant/AssistantMarkdown.tsx	javascript	parameter	pressed	pressed	standard	127
shadowlist-utils	packages/shadowlist-utils/src/native/assistant/AssistantMarkdown.tsx	javascript	parameter	index	index	standard	157
shadowlist-utils	packages/shadowlist-utils/src/native/assistant/AssistantMarkdown.tsx	javascript	parameter	line	line	standard	157
shadowlist-utils	packages/shadowlist-utils/src/native/assistant/AssistantMarkdown.tsx	javascript	parameter	header	header	standard	168
shadowlist-utils	packages/shadowlist-utils/src/native/assistant/AssistantMarkdown.tsx	javascript	constant	TableBlock	TableBlock	standard	168
shadowlist-utils	packages/shadowlist-utils/src/native/assistant/AssistantMarkdown.tsx	javascript	parameter	rows	rows	standard	169
shadowlist-utils	packages/shadowlist-utils/src/native/assistant/AssistantMarkdown.tsx	javascript	parameter	onOpenLink	onOpenLink	standard	170
shadowlist-utils	packages/shadowlist-utils/src/native/assistant/AssistantMarkdown.tsx	javascript	parameter	url	url	standard	175
shadowlist-utils	packages/shadowlist-utils/src/native/assistant/AssistantMarkdown.tsx	javascript	constant	styles	styles	standard	177
shadowlist-utils	packages/shadowlist-utils/src/native/assistant/AssistantMarkdown.tsx	javascript	parameter	cell	cell	standard	182
shadowlist-utils	packages/shadowlist-utils/src/native/assistant/AssistantMarkdown.tsx	javascript	parameter	column	column	standard	182
shadowlist-utils	packages/shadowlist-utils/src/native/assistant/AssistantMarkdown.tsx	javascript	parameter	row	row	standard	190
shadowlist-utils	packages/shadowlist-utils/src/native/assistant/AssistantMarkdown.tsx	javascript	parameter	rowIndex	rowIndex	standard	190
shadowlist-utils	packages/shadowlist-utils/src/native/assistant/AssistantMarkdown.tsx	javascript	parameter	_	_	standard	198
shadowlist-utils	packages/shadowlist-utils/src/native/assistant/AssistantMarkdown.tsx	javascript	parameter	column	column	standard	198
shadowlist-utils	packages/shadowlist-utils/src/native/assistant/AssistantMarkdown.tsx	javascript	constant	MarkdownBlockView	MarkdownBlockView	standard	216
shadowlist-utils	packages/shadowlist-utils/src/native/assistant/AssistantMarkdown.tsx	javascript	parameter	block	block	standard	217
shadowlist-utils	packages/shadowlist-utils/src/native/assistant/AssistantMarkdown.tsx	javascript	parameter	onCopyCode	onCopyCode	standard	218
shadowlist-utils	packages/shadowlist-utils/src/native/assistant/AssistantMarkdown.tsx	javascript	parameter	onOpenLink	onOpenLink	standard	219
shadowlist-utils	packages/shadowlist-utils/src/native/assistant/AssistantMarkdown.tsx	javascript	parameter	labels	labels	standard	220
shadowlist-utils	packages/shadowlist-utils/src/native/assistant/AssistantMarkdown.tsx	javascript	parameter	code	code	standard	224
shadowlist-utils	packages/shadowlist-utils/src/native/assistant/AssistantMarkdown.tsx	javascript	parameter	url	url	standard	225
shadowlist-utils	packages/shadowlist-utils/src/native/assistant/AssistantMarkdown.tsx	javascript	constant	styles	styles	standard	228
shadowlist-utils	packages/shadowlist-utils/src/native/assistant/AssistantMarkdown.tsx	javascript	parameter	index	index	standard	256
shadowlist-utils	packages/shadowlist-utils/src/native/assistant/AssistantMarkdown.tsx	javascript	parameter	item	item	standard	256
shadowlist-utils	packages/shadowlist-utils/src/native/assistant/AssistantMarkdown.tsx	javascript	parameter	next	next	standard	296
shadowlist-utils	packages/shadowlist-utils/src/native/assistant/AssistantMarkdown.tsx	javascript	parameter	previous	previous	standard	296
shadowlist-utils	packages/shadowlist-utils/src/native/assistant/AssistantMarkdown.tsx	javascript	constant	AssistantMarkdown	AssistantMarkdown	standard	304
shadowlist-utils	packages/shadowlist-utils/src/native/assistant/AssistantMarkdown.tsx	javascript	parameter	text	text	standard	305
shadowlist-utils	packages/shadowlist-utils/src/native/assistant/AssistantMarkdown.tsx	javascript	parameter	streaming	streaming	standard	306
shadowlist-utils	packages/shadowlist-utils/src/native/assistant/AssistantMarkdown.tsx	javascript	parameter	onCopyCode	onCopyCode	standard	307
shadowlist-utils	packages/shadowlist-utils/src/native/assistant/AssistantMarkdown.tsx	javascript	parameter	onOpenLink	onOpenLink	standard	308
shadowlist-utils	packages/shadowlist-utils/src/native/assistant/AssistantMarkdown.tsx	javascript	parameter	labels	labels	standard	309
shadowlist-utils	packages/shadowlist-utils/src/native/assistant/AssistantMarkdown.tsx	javascript	parameter	style	style	standard	310
shadowlist-utils	packages/shadowlist-utils/src/native/assistant/AssistantMarkdown.tsx	javascript	constant	styles	styles	standard	313
shadowlist-utils	packages/shadowlist-utils/src/native/assistant/AssistantMarkdown.tsx	javascript	constant	l	l	standard	314
shadowlist-utils	packages/shadowlist-utils/src/native/assistant/AssistantMarkdown.tsx	javascript	constant	blocks	blocks	standard	315
shadowlist-utils	packages/shadowlist-utils/src/native/assistant/AssistantMarkdown.tsx	javascript	parameter	block	block	standard	319
shadowlist-utils	packages/shadowlist-utils/src/native/assistant/AssistantMarkdown.tsx	javascript	parameter	theme	theme	standard	334
shadowlist-utils	packages/shadowlist-utils/src/native/assistant/AssistantMarkdown.tsx	javascript	constant	useStyles	useStyles	standard	334
shadowlist-utils	packages/shadowlist-utils/src/native/assistant/AssistantReplyMessage.tsx	javascript	parameter	text	text	standard	44
shadowlist-utils	packages/shadowlist-utils/src/native/assistant/AssistantReplyMessage.tsx	javascript	parameter	code	code	standard	45
shadowlist-utils	packages/shadowlist-utils/src/native/assistant/AssistantReplyMessage.tsx	javascript	parameter	text	text	standard	46
shadowlist-utils	packages/shadowlist-utils/src/native/assistant/AssistantReplyMessage.tsx	javascript	parameter	messageId	messageId	standard	47
shadowlist-utils	packages/shadowlist-utils/src/native/assistant/AssistantReplyMessage.tsx	javascript	parameter	messageId	messageId	standard	48
shadowlist-utils	packages/shadowlist-utils/src/native/assistant/AssistantReplyMessage.tsx	javascript	parameter	messageId	messageId	standard	49
shadowlist-utils	packages/shadowlist-utils/src/native/assistant/AssistantReplyMessage.tsx	javascript	parameter	variantIndex	variantIndex	standard	49
shadowlist-utils	packages/shadowlist-utils/src/native/assistant/AssistantReplyMessage.tsx	javascript	parameter	messageId	messageId	standard	51
shadowlist-utils	packages/shadowlist-utils/src/native/assistant/AssistantReplyMessage.tsx	javascript	parameter	feedback	feedback	standard	52
shadowlist-utils	packages/shadowlist-utils/src/native/assistant/AssistantReplyMessage.tsx	javascript	parameter	prompt	prompt	standard	55
shadowlist-utils	packages/shadowlist-utils/src/native/assistant/AssistantReplyMessage.tsx	javascript	parameter	url	url	standard	57
shadowlist-utils	packages/shadowlist-utils/src/native/assistant/AssistantReplyMessage.tsx	javascript	constant	COPIED_RESET_MS	COPIED_RESET_MS	standard	62
shadowlist-utils	packages/shadowlist-utils/src/native/assistant/AssistantReplyMessage.tsx	javascript	constant	MISSING_TURN	MISSING_TURN	standard	64
shadowlist-utils	packages/shadowlist-utils/src/native/assistant/AssistantReplyMessage.tsx	javascript	parameter	calls	calls	standard	75
shadowlist-utils	packages/shadowlist-utils/src/native/assistant/AssistantReplyMessage.tsx	javascript	parameter	content	content	standard	75
shadowlist-utils	packages/shadowlist-utils/src/native/assistant/AssistantReplyMessage.tsx	javascript	constant	steps	steps	standard	76
shadowlist-utils	packages/shadowlist-utils/src/native/assistant/AssistantReplyMessage.tsx	javascript	variable	cursor	cursor	standard	77
shadowlist-utils	packages/shadowlist-utils/src/native/assistant/AssistantReplyMessage.tsx	javascript	parameter	end	end	standard	78
shadowlist-utils	packages/shadowlist-utils/src/native/assistant/AssistantReplyMessage.tsx	javascript	constant	pushText	pushText	standard	78
shadowlist-utils	packages/shadowlist-utils/src/native/assistant/AssistantReplyMessage.tsx	javascript	constant	text	text	standard	79
shadowlist-utils	packages/shadowlist-utils/src/native/assistant/AssistantReplyMessage.tsx	javascript	constant	ordered	ordered	standard	84
shadowlist-utils	packages/shadowlist-utils/src/native/assistant/AssistantReplyMessage.tsx	javascript	parameter	call	call	standard	85
shadowlist-utils	packages/shadowlist-utils/src/native/assistant/AssistantReplyMessage.tsx	javascript	parameter	index	index	standard	85
shadowlist-utils	packages/shadowlist-utils/src/native/assistant/AssistantReplyMessage.tsx	javascript	parameter	a	a	standard	90
shadowlist-utils	packages/shadowlist-utils/src/native/assistant/AssistantReplyMessage.tsx	javascript	parameter	b	b	standard	90
shadowlist-utils	packages/shadowlist-utils/src/native/assistant/AssistantReplyMessage.tsx	javascript	constant	at	at	standard	91
shadowlist-utils	packages/shadowlist-utils/src/native/assistant/AssistantReplyMessage.tsx	javascript	constant	call	call	standard	91
shadowlist-utils	packages/shadowlist-utils/src/native/assistant/AssistantReplyMessage.tsx	javascript	constant	domainOf	domainOf	standard	99
shadowlist-utils	packages/shadowlist-utils/src/native/assistant/AssistantReplyMessage.tsx	javascript	parameter	source	source	standard	99
shadowlist-utils	packages/shadowlist-utils/src/native/assistant/AssistantReplyMessage.tsx	javascript	constant	SourceChip	SourceChip	standard	102
shadowlist-utils	packages/shadowlist-utils/src/native/assistant/AssistantReplyMessage.tsx	javascript	parameter	source	source	standard	103
shadowlist-utils	packages/shadowlist-utils/src/native/assistant/AssistantReplyMessage.tsx	javascript	parameter	index	index	standard	104
shadowlist-utils	packages/shadowlist-utils/src/native/assistant/AssistantReplyMessage.tsx	javascript	parameter	onOpenLink	onOpenLink	standard	105
shadowlist-utils	packages/shadowlist-utils/src/native/assistant/AssistantReplyMessage.tsx	javascript	parameter	labels	labels	standard	106
shadowlist-utils	packages/shadowlist-utils/src/native/assistant/AssistantReplyMessage.tsx	javascript	parameter	url	url	standard	111
shadowlist-utils	packages/shadowlist-utils/src/native/assistant/AssistantReplyMessage.tsx	javascript	constant	styles	styles	standard	114
shadowlist-utils	packages/shadowlist-utils/src/native/assistant/AssistantReplyMessage.tsx	javascript	parameter	pressed	pressed	standard	120
shadowlist-utils	packages/shadowlist-utils/src/native/assistant/AssistantReplyMessage.tsx	javascript	constant	AssistantReplyMessage	AssistantReplyMessage	standard	138
shadowlist-utils	packages/shadowlist-utils/src/native/assistant/AssistantReplyMessage.tsx	javascript	parameter	message	message	standard	139
shadowlist-utils	packages/shadowlist-utils/src/native/assistant/AssistantReplyMessage.tsx	javascript	parameter	store	store	standard	140
shadowlist-utils	packages/shadowlist-utils/src/native/assistant/AssistantReplyMessage.tsx	javascript	parameter	isLatest	isLatest	standard	141
shadowlist-utils	packages/shadowlist-utils/src/native/assistant/AssistantReplyMessage.tsx	javascript	parameter	busy	busy	standard	142
shadowlist-utils	packages/shadowlist-utils/src/native/assistant/AssistantReplyMessage.tsx	javascript	parameter	onCopy	onCopy	standard	143
shadowlist-utils	packages/shadowlist-utils/src/native/assistant/AssistantReplyMessage.tsx	javascript	parameter	onCopyCode	onCopyCode	standard	144
shadowlist-utils	packages/shadowlist-utils/src/native/assistant/AssistantReplyMessage.tsx	javascript	parameter	onShare	onShare	standard	145
shadowlist-utils	packages/shadowlist-utils/src/native/assistant/AssistantReplyMessage.tsx	javascript	parameter	onRegenerate	onRegenerate	standard	146
shadowlist-utils	packages/shadowlist-utils/src/native/assistant/AssistantReplyMessage.tsx	javascript	parameter	onRetry	onRetry	standard	147
shadowlist-utils	packages/shadowlist-utils/src/native/assistant/AssistantReplyMessage.tsx	javascript	parameter	onSelectVariant	onSelectVariant	standard	148
shadowlist-utils	packages/shadowlist-utils/src/native/assistant/AssistantReplyMessage.tsx	javascript	parameter	onFeedback	onFeedback	standard	149
shadowlist-utils	packages/shadowlist-utils/src/native/assistant/AssistantReplyMessage.tsx	javascript	parameter	onFollowUp	onFollowUp	standard	150
shadowlist-utils	packages/shadowlist-utils/src/native/assistant/AssistantReplyMessage.tsx	javascript	parameter	onOpenLink	onOpenLink	standard	151
shadowlist-utils	packages/shadowlist-utils/src/native/assistant/AssistantReplyMessage.tsx	javascript	parameter	labels	labels	standard	152
shadowlist-utils	packages/shadowlist-utils/src/native/assistant/AssistantReplyMessage.tsx	javascript	parameter	style	style	standard	153
shadowlist-utils	packages/shadowlist-utils/src/native/assistant/AssistantReplyMessage.tsx	javascript	constant	theme	theme	standard	156
shadowlist-utils	packages/shadowlist-utils/src/native/assistant/AssistantReplyMessage.tsx	javascript	constant	colors	colors	standard	157
shadowlist-utils	packages/shadowlist-utils/src/native/assistant/AssistantReplyMessage.tsx	javascript	constant	styles	styles	standard	158
shadowlist-utils	packages/shadowlist-utils/src/native/assistant/AssistantReplyMessage.tsx	javascript	constant	l	l	standard	159
shadowlist-utils	packages/shadowlist-utils/src/native/assistant/AssistantReplyMessage.tsx	javascript	constant	live	live	standard	160
shadowlist-utils	packages/shadowlist-utils/src/native/assistant/AssistantReplyMessage.tsx	javascript	constant	turn	turn	standard	161
shadowlist-utils	packages/shadowlist-utils/src/native/assistant/AssistantReplyMessage.tsx	javascript	constant	copied	copied	standard	162
shadowlist-utils	packages/shadowlist-utils/src/native/assistant/AssistantReplyMessage.tsx	javascript	constant	setCopied	setCopied	standard	162
shadowlist-utils	packages/shadowlist-utils/src/native/assistant/AssistantReplyMessage.tsx	javascript	constant	id	id	standard	166
shadowlist-utils	packages/shadowlist-utils/src/native/assistant/AssistantReplyMessage.tsx	javascript	constant	streaming	streaming	standard	170
shadowlist-utils	packages/shadowlist-utils/src/native/assistant/AssistantReplyMessage.tsx	javascript	constant	toolCalls	toolCalls	standard	171
shadowlist-utils	packages/shadowlist-utils/src/native/assistant/AssistantReplyMessage.tsx	javascript	constant	thinkingActive	thinkingActive	standard	172
shadowlist-utils	packages/shadowlist-utils/src/native/assistant/AssistantReplyMessage.tsx	javascript	constant	waiting	waiting	standard	173
shadowlist-utils	packages/shadowlist-utils/src/native/assistant/AssistantReplyMessage.tsx	javascript	constant	sources	sources	standard	175
shadowlist-utils	packages/shadowlist-utils/src/native/assistant/AssistantReplyMessage.tsx	javascript	constant	followUps	followUps	standard	176
shadowlist-utils	packages/shadowlist-utils/src/native/assistant/AssistantReplyMessage.tsx	javascript	constant	variantCount	variantCount	standard	177
shadowlist-utils	packages/shadowlist-utils/src/native/assistant/AssistantReplyMessage.tsx	javascript	parameter	index	index	standard	206
shadowlist-utils	packages/shadowlist-utils/src/native/assistant/AssistantReplyMessage.tsx	javascript	parameter	step	step	standard	206
shadowlist-utils	packages/shadowlist-utils/src/native/assistant/AssistantReplyMessage.tsx	javascript	parameter	steps	steps	standard	206
shadowlist-utils	packages/shadowlist-utils/src/native/assistant/AssistantReplyMessage.tsx	javascript	parameter	pressed	pressed	standard	240
shadowlist-utils	packages/shadowlist-utils/src/native/assistant/AssistantReplyMessage.tsx	javascript	parameter	index	index	standard	253
shadowlist-utils	packages/shadowlist-utils/src/native/assistant/AssistantReplyMessage.tsx	javascript	parameter	source	source	standard	253
shadowlist-utils	packages/shadowlist-utils/src/native/assistant/AssistantReplyMessage.tsx	javascript	parameter	prompt	prompt	standard	390
shadowlist-utils	packages/shadowlist-utils/src/native/assistant/AssistantReplyMessage.tsx	javascript	parameter	pressed	pressed	standard	396
shadowlist-utils	packages/shadowlist-utils/src/native/assistant/AssistantReplyMessage.tsx	javascript	parameter	theme	theme	standard	411
shadowlist-utils	packages/shadowlist-utils/src/native/assistant/AssistantReplyMessage.tsx	javascript	constant	useStyles	useStyles	standard	411
shadowlist-utils	packages/shadowlist-utils/src/native/assistant/AssistantScrollButton.tsx	javascript	constant	FADE_MS	FADE_MS	standard	25
shadowlist-utils	packages/shadowlist-utils/src/native/assistant/AssistantScrollButton.tsx	javascript	constant	AssistantScrollButton	AssistantScrollButton	standard	27
shadowlist-utils	packages/shadowlist-utils/src/native/assistant/AssistantScrollButton.tsx	javascript	parameter	labels	labels	standard	28
shadowlist-utils	packages/shadowlist-utils/src/native/assistant/AssistantScrollButton.tsx	javascript	parameter	onPress	onPress	standard	28
shadowlist-utils	packages/shadowlist-utils/src/native/assistant/AssistantScrollButton.tsx	javascript	parameter	style	style	standard	28
shadowlist-utils	packages/shadowlist-utils/src/native/assistant/AssistantScrollButton.tsx	javascript	parameter	visible	visible	standard	28
shadowlist-utils	packages/shadowlist-utils/src/native/assistant/AssistantScrollButton.tsx	javascript	constant	theme	theme	standard	29
shadowlist-utils	packages/shadowlist-utils/src/native/assistant/AssistantScrollButton.tsx	javascript	constant	styles	styles	standard	30
shadowlist-utils	packages/shadowlist-utils/src/native/assistant/AssistantScrollButton.tsx	javascript	constant	l	l	standard	31
shadowlist-utils	packages/shadowlist-utils/src/native/assistant/AssistantScrollButton.tsx	javascript	constant	progress	progress	standard	32
shadowlist-utils	packages/shadowlist-utils/src/native/assistant/AssistantScrollButton.tsx	javascript	constant	animatedStyle	animatedStyle	standard	38
shadowlist-utils	packages/shadowlist-utils/src/native/assistant/AssistantScrollButton.tsx	javascript	parameter	pressed	pressed	standard	60
shadowlist-utils	packages/shadowlist-utils/src/native/assistant/AssistantScrollButton.tsx	javascript	parameter	theme	theme	standard	74
shadowlist-utils	packages/shadowlist-utils/src/native/assistant/AssistantScrollButton.tsx	javascript	constant	useStyles	useStyles	standard	74
shadowlist-utils	packages/shadowlist-utils/src/native/assistant/AssistantThinking.tsx	javascript	constant	PREVIEW_TAIL_CHARS	PREVIEW_TAIL_CHARS	standard	29
shadowlist-utils	packages/shadowlist-utils/src/native/assistant/AssistantThinking.tsx	javascript	parameter	label	label	standard	31
shadowlist-utils	packages/shadowlist-utils/src/native/assistant/AssistantThinking.tsx	javascript	constant	PulsingLabel	PulsingLabel	standard	31
shadowlist-utils	packages/shadowlist-utils/src/native/assistant/AssistantThinking.tsx	javascript	constant	styles	styles	standard	32
shadowlist-utils	packages/shadowlist-utils/src/native/assistant/AssistantThinking.tsx	javascript	constant	pulse	pulse	standard	33
shadowlist-utils	packages/shadowlist-utils/src/native/assistant/AssistantThinking.tsx	javascript	constant	AssistantThinking	AssistantThinking	standard	37
shadowlist-utils	packages/shadowlist-utils/src/native/assistant/AssistantThinking.tsx	javascript	parameter	thinking	thinking	standard	38
shadowlist-utils	packages/shadowlist-utils/src/native/assistant/AssistantThinking.tsx	javascript	parameter	thinkingMs	thinkingMs	standard	39
shadowlist-utils	packages/shadowlist-utils/src/native/assistant/AssistantThinking.tsx	javascript	parameter	active	active	standard	40
shadowlist-utils	packages/shadowlist-utils/src/native/assistant/AssistantThinking.tsx	javascript	parameter	labels	labels	standard	41
shadowlist-utils	packages/shadowlist-utils/src/native/assistant/AssistantThinking.tsx	javascript	parameter	style	style	standard	42
shadowlist-utils	packages/shadowlist-utils/src/native/assistant/AssistantThinking.tsx	javascript	constant	theme	theme	standard	45
shadowlist-utils	packages/shadowlist-utils/src/native/assistant/AssistantThinking.tsx	javascript	constant	styles	styles	standard	46
shadowlist-utils	packages/shadowlist-utils/src/native/assistant/AssistantThinking.tsx	javascript	constant	l	l	standard	47
shadowlist-utils	packages/shadowlist-utils/src/native/assistant/AssistantThinking.tsx	javascript	constant	expanded	expanded	standard	48
shadowlist-utils	packages/shadowlist-utils/src/native/assistant/AssistantThinking.tsx	javascript	constant	setExpanded	setExpanded	standard	48
shadowlist-utils	packages/shadowlist-utils/src/native/assistant/AssistantThinking.tsx	javascript	constant	seconds	seconds	standard	49
shadowlist-utils	packages/shadowlist-utils/src/native/assistant/AssistantThinking.tsx	javascript	constant	label	label	standard	50
shadowlist-utils	packages/shadowlist-utils/src/native/assistant/AssistantThinking.tsx	javascript	parameter	previous	previous	standard	55
shadowlist-utils	packages/shadowlist-utils/src/native/assistant/AssistantThinking.tsx	javascript	parameter	pressed	pressed	standard	60
shadowlist-utils	packages/shadowlist-utils/src/native/assistant/AssistantThinking.tsx	javascript	parameter	theme	theme	standard	96
shadowlist-utils	packages/shadowlist-utils/src/native/assistant/AssistantThinking.tsx	javascript	constant	useStyles	useStyles	standard	96
shadowlist-utils	packages/shadowlist-utils/src/native/assistant/AssistantToolCallCard.tsx	javascript	parameter	status	status	standard	23
shadowlist-utils	packages/shadowlist-utils/src/native/assistant/AssistantToolCallCard.tsx	javascript	constant	StatusIcon	StatusIcon	standard	23
shadowlist-utils	packages/shadowlist-utils/src/native/assistant/AssistantToolCallCard.tsx	javascript	constant	colors	colors	standard	24
shadowlist-utils	packages/shadowlist-utils/src/native/assistant/AssistantToolCallCard.tsx	javascript	parameter	call	call	standard	37
shadowlist-utils	packages/shadowlist-utils/src/native/assistant/AssistantToolCallCard.tsx	javascript	constant	outputOf	outputOf	standard	37
shadowlist-utils	packages/shadowlist-utils/src/native/assistant/AssistantToolCallCard.tsx	javascript	constant	AssistantToolCallCard	AssistantToolCallCard	standard	44
shadowlist-utils	packages/shadowlist-utils/src/native/assistant/AssistantToolCallCard.tsx	javascript	parameter	call	call	standard	45
shadowlist-utils	packages/shadowlist-utils/src/native/assistant/AssistantToolCallCard.tsx	javascript	parameter	labels	labels	standard	45
shadowlist-utils	packages/shadowlist-utils/src/native/assistant/AssistantToolCallCard.tsx	javascript	parameter	style	style	standard	45
shadowlist-utils	packages/shadowlist-utils/src/native/assistant/AssistantToolCallCard.tsx	javascript	constant	theme	theme	standard	46
shadowlist-utils	packages/shadowlist-utils/src/native/assistant/AssistantToolCallCard.tsx	javascript	constant	styles	styles	standard	47
shadowlist-utils	packages/shadowlist-utils/src/native/assistant/AssistantToolCallCard.tsx	javascript	constant	l	l	standard	48
shadowlist-utils	packages/shadowlist-utils/src/native/assistant/AssistantToolCallCard.tsx	javascript	constant	expanded	expanded	standard	49
shadowlist-utils	packages/shadowlist-utils/src/native/assistant/AssistantToolCallCard.tsx	javascript	constant	setExpanded	setExpanded	standard	49
shadowlist-utils	packages/shadowlist-utils/src/native/assistant/AssistantToolCallCard.tsx	javascript	constant	output	output	standard	50
shadowlist-utils	packages/shadowlist-utils/src/native/assistant/AssistantToolCallCard.tsx	javascript	constant	statusLabel	statusLabel	standard	51
shadowlist-utils	packages/shadowlist-utils/src/native/assistant/AssistantToolCallCard.tsx	javascript	parameter	previous	previous	standard	56
shadowlist-utils	packages/shadowlist-utils/src/native/assistant/AssistantToolCallCard.tsx	javascript	parameter	pressed	pressed	standard	60
shadowlist-utils	packages/shadowlist-utils/src/native/assistant/AssistantToolCallCard.tsx	javascript	parameter	theme	theme	standard	102
shadowlist-utils	packages/shadowlist-utils/src/native/assistant/AssistantToolCallCard.tsx	javascript	constant	useStyles	useStyles	standard	102
shadowlist-utils	packages/shadowlist-utils/src/native/assistant/AssistantTypingIndicator.tsx	javascript	constant	PULSE_MS	PULSE_MS	standard	16
shadowlist-utils	packages/shadowlist-utils/src/native/assistant/AssistantTypingIndicator.tsx	javascript	constant	TYPING_STAGGER_MS	TYPING_STAGGER_MS	standard	17
shadowlist-utils	packages/shadowlist-utils/src/native/assistant/AssistantTypingIndicator.tsx	javascript	parameter	delay	delay	standard	28
shadowlist-utils	packages/shadowlist-utils/src/native/assistant/AssistantTypingIndicator.tsx	javascript	constant	progress	progress	standard	31
shadowlist-utils	packages/shadowlist-utils/src/native/assistant/AssistantTypingIndicator.tsx	javascript	constant	PulsingDot	PulsingDot	standard	57
shadowlist-utils	packages/shadowlist-utils/src/native/assistant/AssistantTypingIndicator.tsx	javascript	parameter	color	color	standard	58
shadowlist-utils	packages/shadowlist-utils/src/native/assistant/AssistantTypingIndicator.tsx	javascript	parameter	delay	delay	standard	58
shadowlist-utils	packages/shadowlist-utils/src/native/assistant/AssistantTypingIndicator.tsx	javascript	parameter	size	size	standard	58
shadowlist-utils	packages/shadowlist-utils/src/native/assistant/AssistantTypingIndicator.tsx	javascript	constant	theme	theme	standard	59
shadowlist-utils	packages/shadowlist-utils/src/native/assistant/AssistantTypingIndicator.tsx	javascript	constant	pulse	pulse	standard	60
shadowlist-utils	packages/shadowlist-utils/src/native/assistant/AssistantTypingIndicator.tsx	javascript	constant	AssistantTypingIndicator	AssistantTypingIndicator	standard	73
shadowlist-utils	packages/shadowlist-utils/src/native/assistant/AssistantTypingIndicator.tsx	javascript	parameter	labels	labels	standard	74
shadowlist-utils	packages/shadowlist-utils/src/native/assistant/AssistantTypingIndicator.tsx	javascript	parameter	style	style	standard	74
shadowlist-utils	packages/shadowlist-utils/src/native/assistant/AssistantTypingIndicator.tsx	javascript	constant	theme	theme	standard	75
shadowlist-utils	packages/shadowlist-utils/src/native/assistant/AssistantTypingIndicator.tsx	javascript	constant	styles	styles	standard	76
shadowlist-utils	packages/shadowlist-utils/src/native/assistant/AssistantTypingIndicator.tsx	javascript	constant	l	l	standard	77
shadowlist-utils	packages/shadowlist-utils/src/native/assistant/AssistantTypingIndicator.tsx	javascript	constant	color	color	standard	78
shadowlist-utils	packages/shadowlist-utils/src/native/assistant/AssistantTypingIndicator.tsx	javascript	parameter	theme	theme	standard	95
shadowlist-utils	packages/shadowlist-utils/src/native/assistant/AssistantTypingIndicator.tsx	javascript	constant	useStyles	useStyles	standard	95
shadowlist-utils	packages/shadowlist-utils/src/native/assistant/AssistantUserMessage.tsx	javascript	parameter	text	text	standard	23
shadowlist-utils	packages/shadowlist-utils/src/native/assistant/AssistantUserMessage.tsx	javascript	parameter	messageId	messageId	standard	24
shadowlist-utils	packages/shadowlist-utils/src/native/assistant/AssistantUserMessage.tsx	javascript	constant	BUBBLE_WIDTH_FRACTION	BUBBLE_WIDTH_FRACTION	standard	33
shadowlist-utils	packages/shadowlist-utils/src/native/assistant/AssistantUserMessage.tsx	javascript	constant	BUBBLE_PADDING_HORIZONTAL	BUBBLE_PADDING_HORIZONTAL	standard	34
shadowlist-utils	packages/shadowlist-utils/src/native/assistant/AssistantUserMessage.tsx	javascript	constant	BUBBLE_PADDING_VERTICAL	BUBBLE_PADDING_VERTICAL	standard	35
shadowlist-utils	packages/shadowlist-utils/src/native/assistant/AssistantUserMessage.tsx	javascript	constant	EMPTY_ATTACHMENTS	EMPTY_ATTACHMENTS	standard	36
shadowlist-utils	packages/shadowlist-utils/src/native/assistant/AssistantUserMessage.tsx	javascript	parameter	message	message	standard	43
shadowlist-utils	packages/shadowlist-utils/src/native/assistant/AssistantUserMessage.tsx	javascript	parameter	theme	theme	standard	44
shadowlist-utils	packages/shadowlist-utils/src/native/assistant/AssistantUserMessage.tsx	javascript	constant	body	body	standard	49
shadowlist-utils	packages/shadowlist-utils/src/native/assistant/AssistantUserMessage.tsx	javascript	constant	AssistantUserMessage	AssistantUserMessage	standard	64
shadowlist-utils	packages/shadowlist-utils/src/native/assistant/AssistantUserMessage.tsx	javascript	parameter	message	message	standard	65
shadowlist-utils	packages/shadowlist-utils/src/native/assistant/AssistantUserMessage.tsx	javascript	parameter	busy	busy	standard	66
shadowlist-utils	packages/shadowlist-utils/src/native/assistant/AssistantUserMessage.tsx	javascript	parameter	onCopy	onCopy	standard	67
shadowlist-utils	packages/shadowlist-utils/src/native/assistant/AssistantUserMessage.tsx	javascript	parameter	onEdit	onEdit	standard	68
shadowlist-utils	packages/shadowlist-utils/src/native/assistant/AssistantUserMessage.tsx	javascript	parameter	labels	labels	standard	69
shadowlist-utils	packages/shadowlist-utils/src/native/assistant/AssistantUserMessage.tsx	javascript	parameter	style	style	standard	70
shadowlist-utils	packages/shadowlist-utils/src/native/assistant/AssistantUserMessage.tsx	javascript	constant	theme	theme	standard	73
shadowlist-utils	packages/shadowlist-utils/src/native/assistant/AssistantUserMessage.tsx	javascript	constant	styles	styles	standard	74
shadowlist-utils	packages/shadowlist-utils/src/native/assistant/AssistantUserMessage.tsx	javascript	constant	l	l	standard	75
shadowlist-utils	packages/shadowlist-utils/src/native/assistant/AssistantUserMessage.tsx	javascript	constant	actionsVisible	actionsVisible	standard	76
shadowlist-utils	packages/shadowlist-utils/src/native/assistant/AssistantUserMessage.tsx	javascript	constant	setActionsVisible	setActionsVisible	standard	76
shadowlist-utils	packages/shadowlist-utils/src/native/assistant/AssistantUserMessage.tsx	javascript	constant	toggleActions	toggleActions	standard	77
shadowlist-utils	packages/shadowlist-utils/src/native/assistant/AssistantUserMessage.tsx	javascript	parameter	previous	previous	standard	78
shadowlist-utils	packages/shadowlist-utils/src/native/assistant/AssistantUserMessage.tsx	javascript	constant	accessibilityActions	accessibilityActions	standard	81
shadowlist-utils	packages/shadowlist-utils/src/native/assistant/AssistantUserMessage.tsx	javascript	constant	attachments	attachments	standard	85
shadowlist-utils	packages/shadowlist-utils/src/native/assistant/AssistantUserMessage.tsx	javascript	parameter	attachment	attachment	standard	91
shadowlist-utils	packages/shadowlist-utils/src/native/assistant/AssistantUserMessage.tsx	javascript	parameter	theme	theme	standard	157
shadowlist-utils	packages/shadowlist-utils/src/native/assistant/AssistantUserMessage.tsx	javascript	constant	useStyles	useStyles	standard	157
shadowlist-utils	packages/shadowlist-utils/src/native/assistant/endMarker.ts	javascript	constant	ASSISTANT_END_ID	ASSISTANT_END_ID	standard	3
shadowlist-utils	packages/shadowlist-utils/src/native/assistant/endMarker.ts	javascript	constant	ASSISTANT_END_MARKER	ASSISTANT_END_MARKER	standard	9
shadowlist-utils	packages/shadowlist-utils/src/native/assistant/endMarker.ts	javascript	constant	ASSISTANT_END_MARKER_HEIGHT	ASSISTANT_END_MARKER_HEIGHT	standard	14
shadowlist-utils	packages/shadowlist-utils/src/native/assistant/labels.ts	javascript	parameter	count	count	standard	16
shadowlist-utils	packages/shadowlist-utils/src/native/assistant/labels.ts	javascript	parameter	position	position	standard	16
shadowlist-utils	packages/shadowlist-utils/src/native/assistant/labels.ts	javascript	parameter	position	position	standard	19
shadowlist-utils	packages/shadowlist-utils/src/native/assistant/labels.ts	javascript	parameter	title	title	standard	19
shadowlist-utils	packages/shadowlist-utils/src/native/assistant/labels.ts	javascript	parameter	seconds	seconds	standard	24
shadowlist-utils	packages/shadowlist-utils/src/native/assistant/labels.ts	javascript	parameter	status	status	standard	25
shadowlist-utils	packages/shadowlist-utils/src/native/assistant/labels.ts	javascript	parameter	name	name	standard	36
shadowlist-utils	packages/shadowlist-utils/src/native/assistant/labels.ts	javascript	parameter	name	name	standard	39
shadowlist-utils	packages/shadowlist-utils/src/native/assistant/labels.ts	javascript	constant	TOOL_STATUS	TOOL_STATUS	standard	46
shadowlist-utils	packages/shadowlist-utils/src/native/assistant/labels.ts	javascript	constant	defaultAssistantLabels	defaultAssistantLabels	standard	53
shadowlist-utils	packages/shadowlist-utils/src/native/assistant/labels.ts	javascript	parameter	count	count	standard	66
shadowlist-utils	packages/shadowlist-utils/src/native/assistant/labels.ts	javascript	parameter	position	position	standard	66
shadowlist-utils	packages/shadowlist-utils/src/native/assistant/labels.ts	javascript	parameter	position	position	standard	69
shadowlist-utils	packages/shadowlist-utils/src/native/assistant/labels.ts	javascript	parameter	title	title	standard	69
shadowlist-utils	packages/shadowlist-utils/src/native/assistant/labels.ts	javascript	parameter	seconds	seconds	standard	74
shadowlist-utils	packages/shadowlist-utils/src/native/assistant/labels.ts	javascript	parameter	status	status	standard	75
shadowlist-utils	packages/shadowlist-utils/src/native/assistant/labels.ts	javascript	parameter	name	name	standard	86
shadowlist-utils	packages/shadowlist-utils/src/native/assistant/labels.ts	javascript	parameter	name	name	standard	89
shadowlist-utils	packages/shadowlist-utils/src/native/assistant/markdown.ts	javascript	constant	FENCE_OPEN	FENCE_OPEN	standard	45
shadowlist-utils	packages/shadowlist-utils/src/native/assistant/markdown.ts	javascript	constant	FENCE_CLOSE	FENCE_CLOSE	standard	46
shadowlist-utils	packages/shadowlist-utils/src/native/assistant/markdown.ts	javascript	constant	PARTIAL_FENCE	PARTIAL_FENCE	standard	47
shadowlist-utils	packages/shadowlist-utils/src/native/assistant/markdown.ts	javascript	constant	HEADING	HEADING	standard	53
shadowlist-utils	packages/shadowlist-utils/src/native/assistant/markdown.ts	javascript	constant	RULE	RULE	standard	54
shadowlist-utils	packages/shadowlist-utils/src/native/assistant/markdown.ts	javascript	constant	QUOTE	QUOTE	standard	55
shadowlist-utils	packages/shadowlist-utils/src/native/assistant/markdown.ts	javascript	constant	BULLET	BULLET	standard	63
shadowlist-utils	packages/shadowlist-utils/src/native/assistant/markdown.ts	javascript	constant	ORDERED	ORDERED	standard	64
shadowlist-utils	packages/shadowlist-utils/src/native/assistant/markdown.ts	javascript	constant	TABLE_ROW	TABLE_ROW	standard	65
shadowlist-utils	packages/shadowlist-utils/src/native/assistant/markdown.ts	javascript	constant	TABLE_STRUCTURE_ROW	TABLE_STRUCTURE_ROW	standard	71
shadowlist-utils	packages/shadowlist-utils/src/native/assistant/markdown.ts	javascript	constant	isBlockStart	isBlockStart	standard	73
shadowlist-utils	packages/shadowlist-utils/src/native/assistant/markdown.ts	javascript	parameter	line	line	standard	73
shadowlist-utils	packages/shadowlist-utils/src/native/assistant/markdown.ts	javascript	constant	WORD_CHAR	WORD_CHAR	standard	82
shadowlist-utils	packages/shadowlist-utils/src/native/assistant/markdown.ts	javascript	parameter	text	text	standard	88
shadowlist-utils	packages/shadowlist-utils/src/native/assistant/markdown.ts	javascript	constant	inlines	inlines	standard	89
shadowlist-utils	packages/shadowlist-utils/src/native/assistant/markdown.ts	javascript	variable	plain	plain	standard	90
shadowlist-utils	packages/shadowlist-utils/src/native/assistant/markdown.ts	javascript	variable	index	index	standard	91
shadowlist-utils	packages/shadowlist-utils/src/native/assistant/markdown.ts	javascript	constant	flushPlain	flushPlain	standard	93
shadowlist-utils	packages/shadowlist-utils/src/native/assistant/markdown.ts	javascript	parameter	from	from	standard	100
shadowlist-utils	packages/shadowlist-utils/src/native/assistant/markdown.ts	javascript	parameter	marker	marker	standard	100
shadowlist-utils	packages/shadowlist-utils/src/native/assistant/markdown.ts	javascript	constant	readUntil	readUntil	standard	100
shadowlist-utils	packages/shadowlist-utils/src/native/assistant/markdown.ts	javascript	constant	end	end	standard	101
shadowlist-utils	packages/shadowlist-utils/src/native/assistant/markdown.ts	javascript	constant	char	char	standard	108
shadowlist-utils	packages/shadowlist-utils/src/native/assistant/markdown.ts	javascript	constant	nextChar	nextChar	standard	109
shadowlist-utils	packages/shadowlist-utils/src/native/assistant/markdown.ts	javascript	constant	body	body	standard	113
shadowlist-utils	packages/shadowlist-utils/src/native/assistant/markdown.ts	javascript	constant	next	next	standard	113
shadowlist-utils	packages/shadowlist-utils/src/native/assistant/markdown.ts	javascript	constant	body	body	standard	121
shadowlist-utils	packages/shadowlist-utils/src/native/assistant/markdown.ts	javascript	constant	next	next	standard	121
shadowlist-utils	packages/shadowlist-utils/src/native/assistant/markdown.ts	javascript	constant	opensItalic	opensItalic	standard	131
shadowlist-utils	packages/shadowlist-utils/src/native/assistant/markdown.ts	javascript	constant	body	body	standard	138
shadowlist-utils	packages/shadowlist-utils/src/native/assistant/markdown.ts	javascript	constant	next	next	standard	138
shadowlist-utils	packages/shadowlist-utils/src/native/assistant/markdown.ts	javascript	constant	labelEnd	labelEnd	standard	149
shadowlist-utils	packages/shadowlist-utils/src/native/assistant/markdown.ts	javascript	constant	urlEnd	urlEnd	standard	152
shadowlist-utils	packages/shadowlist-utils/src/native/assistant/markdown.ts	javascript	parameter	line	line	standard	172
shadowlist-utils	packages/shadowlist-utils/src/native/assistant/markdown.ts	javascript	constant	splitTableRow	splitTableRow	standard	172
shadowlist-utils	packages/shadowlist-utils/src/native/assistant/markdown.ts	javascript	parameter	cell	cell	standard	178
shadowlist-utils	packages/shadowlist-utils/src/native/assistant/markdown.ts	javascript	parameter	source	source	standard	180
shadowlist-utils	packages/shadowlist-utils/src/native/assistant/markdown.ts	javascript	constant	lines	lines	standard	182
shadowlist-utils	packages/shadowlist-utils/src/native/assistant/markdown.ts	javascript	constant	blocks	blocks	standard	191
shadowlist-utils	packages/shadowlist-utils/src/native/assistant/markdown.ts	javascript	constant	keyFor	keyFor	standard	192
shadowlist-utils	packages/shadowlist-utils/src/native/assistant/markdown.ts	javascript	parameter	type	type	standard	192
shadowlist-utils	packages/shadowlist-utils/src/native/assistant/markdown.ts	javascript	variable	index	index	standard	193
shadowlist-utils	packages/shadowlist-utils/src/native/assistant/markdown.ts	javascript	constant	collect	collect	standard	196
shadowlist-utils	packages/shadowlist-utils/src/native/assistant/markdown.ts	javascript	parameter	pattern	pattern	standard	196
shadowlist-utils	packages/shadowlist-utils/src/native/assistant/markdown.ts	javascript	constant	start	start	standard	197
shadowlist-utils	packages/shadowlist-utils/src/native/assistant/markdown.ts	javascript	constant	captures	captures	standard	198
shadowlist-utils	packages/shadowlist-utils/src/native/assistant/markdown.ts	javascript	variable	match	match	standard	199
shadowlist-utils	packages/shadowlist-utils/src/native/assistant/markdown.ts	javascript	constant	line	line	standard	209
shadowlist-utils	packages/shadowlist-utils/src/native/assistant/markdown.ts	javascript	constant	fence	fence	standard	216
shadowlist-utils	packages/shadowlist-utils/src/native/assistant/markdown.ts	javascript	constant	start	start	standard	218
shadowlist-utils	packages/shadowlist-utils/src/native/assistant/markdown.ts	javascript	constant	body	body	standard	219
shadowlist-utils	packages/shadowlist-utils/src/native/assistant/markdown.ts	javascript	constant	closed	closed	standard	225
shadowlist-utils	packages/shadowlist-utils/src/native/assistant/markdown.ts	javascript	constant	tail	tail	standard	233
shadowlist-utils	packages/shadowlist-utils/src/native/assistant/markdown.ts	javascript	constant	heading	heading	standard	251
shadowlist-utils	packages/shadowlist-utils/src/native/assistant/markdown.ts	javascript	constant	captures	captures	standard	271
shadowlist-utils	packages/shadowlist-utils/src/native/assistant/markdown.ts	javascript	constant	raw	raw	standard	271
shadowlist-utils	packages/shadowlist-utils/src/native/assistant/markdown.ts	javascript	parameter	match	match	standard	276
shadowlist-utils	packages/shadowlist-utils/src/native/assistant/markdown.ts	javascript	constant	ordered	ordered	standard	281
shadowlist-utils	packages/shadowlist-utils/src/native/assistant/markdown.ts	javascript	constant	pattern	pattern	standard	283
shadowlist-utils	packages/shadowlist-utils/src/native/assistant/markdown.ts	javascript	constant	captures	captures	standard	284
shadowlist-utils	packages/shadowlist-utils/src/native/assistant/markdown.ts	javascript	constant	raw	raw	standard	284
shadowlist-utils	packages/shadowlist-utils/src/native/assistant/markdown.ts	javascript	parameter	match	match	standard	291
shadowlist-utils	packages/shadowlist-utils/src/native/assistant/markdown.ts	javascript	constant	captures	captures	standard	299
shadowlist-utils	packages/shadowlist-utils/src/native/assistant/markdown.ts	javascript	constant	raw	raw	standard	299
shadowlist-utils	packages/shadowlist-utils/src/native/assistant/markdown.ts	javascript	constant	rowLines	rowLines	standard	300
shadowlist-utils	packages/shadowlist-utils/src/native/assistant/markdown.ts	javascript	parameter	match	match	standard	301
shadowlist-utils	packages/shadowlist-utils/src/native/assistant/markdown.ts	javascript	parameter	rowLine	rowLine	standard	302
shadowlist-utils	packages/shadowlist-utils/src/native/assistant/markdown.ts	javascript	constant	start	start	standard	313
shadowlist-utils	packages/shadowlist-utils/src/native/assistant/markdown.ts	javascript	constant	raw	raw	standard	322
shadowlist-utils	packages/shadowlist-utils/src/native/assistant/openUrl.ts	javascript	constant	SAFE_SCHEME	SAFE_SCHEME	standard	8
shadowlist-utils	packages/shadowlist-utils/src/native/assistant/openUrl.ts	javascript	constant	isSafeUrl	isSafeUrl	standard	10
shadowlist-utils	packages/shadowlist-utils/src/native/assistant/openUrl.ts	javascript	parameter	url	url	standard	10
shadowlist-utils	packages/shadowlist-utils/src/native/assistant/openUrl.ts	javascript	constant	openUrl	openUrl	standard	13
shadowlist-utils	packages/shadowlist-utils/src/native/assistant/openUrl.ts	javascript	parameter	url	url	standard	13
shadowlist-utils	packages/shadowlist-utils/src/native/assistant/stream.ts	javascript	parameter	listener	listener	standard	10
shadowlist-utils	packages/shadowlist-utils/src/native/assistant/stream.ts	javascript	parameter	messageId	messageId	standard	11
shadowlist-utils	packages/shadowlist-utils/src/native/assistant/stream.ts	javascript	parameter	messageId	messageId	standard	12
shadowlist-utils	packages/shadowlist-utils/src/native/assistant/stream.ts	javascript	parameter	turn	turn	standard	12
shadowlist-utils	packages/shadowlist-utils/src/native/assistant/stream.ts	javascript	parameter	messageId	messageId	standard	13
shadowlist-utils	packages/shadowlist-utils/src/native/assistant/stream.ts	javascript	constant	turns	turns	standard	17
shadowlist-utils	packages/shadowlist-utils/src/native/assistant/stream.ts	javascript	constant	listeners	listeners	standard	18
shadowlist-utils	packages/shadowlist-utils/src/native/assistant/stream.ts	javascript	parameter	listener	listener	standard	19
shadowlist-utils	packages/shadowlist-utils/src/native/assistant/stream.ts	javascript	constant	notify	notify	standard	19
shadowlist-utils	packages/shadowlist-utils/src/native/assistant/stream.ts	javascript	parameter	listener	listener	standard	22
shadowlist-utils	packages/shadowlist-utils/src/native/assistant/stream.ts	javascript	parameter	messageId	messageId	standard	28
shadowlist-utils	packages/shadowlist-utils/src/native/assistant/stream.ts	javascript	parameter	messageId	messageId	standard	29
shadowlist-utils	packages/shadowlist-utils/src/native/assistant/stream.ts	javascript	parameter	turn	turn	standard	29
shadowlist-utils	packages/shadowlist-utils/src/native/assistant/stream.ts	javascript	parameter	messageId	messageId	standard	33
shadowlist-utils	packages/shadowlist-utils/src/native/assistant/stream.ts	javascript	parameter	store	store	standard	43
shadowlist-utils	packages/shadowlist-utils/src/native/assistant/stream.ts	javascript	parameter	messageId	messageId	standard	44
shadowlist-utils	packages/shadowlist-utils/src/native/assistant/stream.ts	javascript	constant	getSnapshot	getSnapshot	standard	47
shadowlist-utils	packages/shadowlist-utils/src/native/assistant/turnWriter.ts	javascript	constant	DEFAULT_FLUSH_MS	DEFAULT_FLUSH_MS	standard	10
shadowlist-utils	packages/shadowlist-utils/src/native/assistant/turnWriter.ts	javascript	parameter	turn	turn	standard	17
shadowlist-utils	packages/shadowlist-utils/src/native/assistant/turnWriter.ts	javascript	parameter	text	text	standard	22
shadowlist-utils	packages/shadowlist-utils/src/native/assistant/turnWriter.ts	javascript	parameter	text	text	standard	23
shadowlist-utils	packages/shadowlist-utils/src/native/assistant/turnWriter.ts	javascript	parameter	call	call	standard	25
shadowlist-utils	packages/shadowlist-utils/src/native/assistant/turnWriter.ts	javascript	parameter	id	id	standard	26
shadowlist-utils	packages/shadowlist-utils/src/native/assistant/turnWriter.ts	javascript	parameter	output	output	standard	26
shadowlist-utils	packages/shadowlist-utils/src/native/assistant/turnWriter.ts	javascript	parameter	id	id	standard	27
shadowlist-utils	packages/shadowlist-utils/src/native/assistant/turnWriter.ts	javascript	parameter	output	output	standard	27
shadowlist-utils	packages/shadowlist-utils/src/native/assistant/turnWriter.ts	javascript	parameter	result	result	standard	28
shadowlist-utils	packages/shadowlist-utils/src/native/assistant/turnWriter.ts	javascript	parameter	error	error	standard	32
shadowlist-utils	packages/shadowlist-utils/src/native/assistant/turnWriter.ts	javascript	parameter	store	store	standard	41
shadowlist-utils	packages/shadowlist-utils/src/native/assistant/turnWriter.ts	javascript	parameter	messageId	messageId	standard	42
shadowlist-utils	packages/shadowlist-utils/src/native/assistant/turnWriter.ts	javascript	parameter	flushMs	flushMs	standard	43
shadowlist-utils	packages/shadowlist-utils/src/native/assistant/turnWriter.ts	javascript	parameter	onFinish	onFinish	standard	44
shadowlist-utils	packages/shadowlist-utils/src/native/assistant/turnWriter.ts	javascript	constant	startedAt	startedAt	standard	47
shadowlist-utils	packages/shadowlist-utils/src/native/assistant/turnWriter.ts	javascript	variable	content	content	standard	48
shadowlist-utils	packages/shadowlist-utils/src/native/assistant/turnWriter.ts	javascript	variable	thinking	thinking	standard	49
shadowlist-utils	packages/shadowlist-utils/src/native/assistant/turnWriter.ts	javascript	variable	thinkingMs	thinkingMs	standard	50
shadowlist-utils	packages/shadowlist-utils/src/native/assistant/turnWriter.ts	javascript	variable	toolCalls	toolCalls	standard	52
shadowlist-utils	packages/shadowlist-utils/src/native/assistant/turnWriter.ts	javascript	variable	dirty	dirty	standard	53
shadowlist-utils	packages/shadowlist-utils/src/native/assistant/turnWriter.ts	javascript	variable	finished	finished	standard	54
shadowlist-utils	packages/shadowlist-utils/src/native/assistant/turnWriter.ts	javascript	constant	snapshot	snapshot	standard	58
shadowlist-utils	packages/shadowlist-utils/src/native/assistant/turnWriter.ts	javascript	constant	flushTimer	flushTimer	standard	60
shadowlist-utils	packages/shadowlist-utils/src/native/assistant/turnWriter.ts	javascript	constant	endThinking	endThinking	standard	67
shadowlist-utils	packages/shadowlist-utils/src/native/assistant/turnWriter.ts	javascript	parameter	id	id	standard	73
shadowlist-utils	packages/shadowlist-utils/src/native/assistant/turnWriter.ts	javascript	constant	updateToolCall	updateToolCall	standard	73
shadowlist-utils	packages/shadowlist-utils/src/native/assistant/turnWriter.ts	javascript	parameter	update	update	standard	74
shadowlist-utils	packages/shadowlist-utils/src/native/assistant/turnWriter.ts	javascript	parameter	call	call	standard	75
shadowlist-utils	packages/shadowlist-utils/src/native/assistant/turnWriter.ts	javascript	parameter	call	call	standard	77
shadowlist-utils	packages/shadowlist-utils/src/native/assistant/turnWriter.ts	javascript	constant	base	base	standard	81
shadowlist-utils	packages/shadowlist-utils/src/native/assistant/turnWriter.ts	javascript	parameter	call	call	standard	81
shadowlist-utils	packages/shadowlist-utils/src/native/assistant/turnWriter.ts	javascript	variable	afterCall	afterCall	standard	92
shadowlist-utils	packages/shadowlist-utils/src/native/assistant/turnWriter.ts	javascript	constant	finish	finish	standard	94
shadowlist-utils	packages/shadowlist-utils/src/native/assistant/turnWriter.ts	javascript	parameter	turn	turn	standard	94
shadowlist-utils	packages/shadowlist-utils/src/native/assistant/turnWriter.ts	javascript	constant	settleRunningCalls	settleRunningCalls	standard	105
shadowlist-utils	packages/shadowlist-utils/src/native/assistant/turnWriter.ts	javascript	parameter	status	status	standard	105
shadowlist-utils	packages/shadowlist-utils/src/native/assistant/turnWriter.ts	javascript	parameter	call	call	standard	106
shadowlist-utils	packages/shadowlist-utils/src/native/assistant/turnWriter.ts	javascript	parameter	text	text	standard	115
shadowlist-utils	packages/shadowlist-utils/src/native/assistant/turnWriter.ts	javascript	parameter	text	text	standard	120
shadowlist-utils	packages/shadowlist-utils/src/native/assistant/turnWriter.ts	javascript	parameter	id	id	standard	133
shadowlist-utils	packages/shadowlist-utils/src/native/assistant/turnWriter.ts	javascript	parameter	input	input	standard	133
shadowlist-utils	packages/shadowlist-utils/src/native/assistant/turnWriter.ts	javascript	parameter	name	name	standard	133
shadowlist-utils	packages/shadowlist-utils/src/native/assistant/turnWriter.ts	javascript	parameter	id	id	standard	144
shadowlist-utils	packages/shadowlist-utils/src/native/assistant/turnWriter.ts	javascript	parameter	output	output	standard	144
shadowlist-utils	packages/shadowlist-utils/src/native/assistant/turnWriter.ts	javascript	parameter	call	call	standard	147
shadowlist-utils	packages/shadowlist-utils/src/native/assistant/turnWriter.ts	javascript	parameter	id	id	standard	150
shadowlist-utils	packages/shadowlist-utils/src/native/assistant/turnWriter.ts	javascript	parameter	output	output	standard	150
shadowlist-utils	packages/shadowlist-utils/src/native/assistant/turnWriter.ts	javascript	parameter	call	call	standard	153
shadowlist-utils	packages/shadowlist-utils/src/native/assistant/turnWriter.ts	javascript	parameter	result	result	standard	160
shadowlist-utils	packages/shadowlist-utils/src/native/assistant/turnWriter.ts	javascript	parameter	error	error	standard	171
shadowlist-utils	packages/shadowlist-utils/src/native/chat/Chat.ts	javascript	constant	Chat	Chat	standard	5
shadowlist-utils	packages/shadowlist-utils/src/native/chat/ChatBubble.tsx	javascript	parameter	message	message	standard	24
shadowlist-utils	packages/shadowlist-utils/src/native/chat/ChatBubble.tsx	javascript	parameter	message	message	standard	25
shadowlist-utils	packages/shadowlist-utils/src/native/chat/ChatBubble.tsx	javascript	constant	GRID_LIMIT	GRID_LIMIT	standard	32
shadowlist-utils	packages/shadowlist-utils/src/native/chat/ChatBubble.tsx	javascript	constant	AVATAR_SIZE	AVATAR_SIZE	standard	33
shadowlist-utils	packages/shadowlist-utils/src/native/chat/ChatBubble.tsx	javascript	constant	ChatBubble	ChatBubble	standard	35
shadowlist-utils	packages/shadowlist-utils/src/native/chat/ChatBubble.tsx	javascript	parameter	message	message	standard	36
shadowlist-utils	packages/shadowlist-utils/src/native/chat/ChatBubble.tsx	javascript	parameter	caption	caption	standard	37
shadowlist-utils	packages/shadowlist-utils/src/native/chat/ChatBubble.tsx	javascript	parameter	onRetry	onRetry	standard	38
shadowlist-utils	packages/shadowlist-utils/src/native/chat/ChatBubble.tsx	javascript	parameter	onLongPress	onLongPress	standard	39
shadowlist-utils	packages/shadowlist-utils/src/native/chat/ChatBubble.tsx	javascript	parameter	labels	labels	standard	40
shadowlist-utils	packages/shadowlist-utils/src/native/chat/ChatBubble.tsx	javascript	parameter	style	style	standard	41
shadowlist-utils	packages/shadowlist-utils/src/native/chat/ChatBubble.tsx	javascript	parameter	bubbleStyle	bubbleStyle	standard	42
shadowlist-utils	packages/shadowlist-utils/src/native/chat/ChatBubble.tsx	javascript	parameter	textStyle	textStyle	standard	43
shadowlist-utils	packages/shadowlist-utils/src/native/chat/ChatBubble.tsx	javascript	constant	styles	styles	standard	46
shadowlist-utils	packages/shadowlist-utils/src/native/chat/ChatBubble.tsx	javascript	constant	l	l	standard	47
shadowlist-utils	packages/shadowlist-utils/src/native/chat/ChatBubble.tsx	javascript	constant	images	images	standard	48
shadowlist-utils	packages/shadowlist-utils/src/native/chat/ChatBubble.tsx	javascript	constant	isOwn	isOwn	standard	48
shadowlist-utils	packages/shadowlist-utils/src/native/chat/ChatBubble.tsx	javascript	constant	status	status	standard	48
shadowlist-utils	packages/shadowlist-utils/src/native/chat/ChatBubble.tsx	javascript	constant	text	text	standard	48
shadowlist-utils	packages/shadowlist-utils/src/native/chat/ChatBubble.tsx	javascript	constant	sending	sending	standard	49
shadowlist-utils	packages/shadowlist-utils/src/native/chat/ChatBubble.tsx	javascript	constant	BubbleView	BubbleView	standard	52
shadowlist-utils	packages/shadowlist-utils/src/native/chat/ChatBubble.tsx	javascript	constant	bubble	bubble	standard	53
shadowlist-utils	packages/shadowlist-utils/src/native/chat/ChatBubble.tsx	javascript	constant	failedLine	failedLine	standard	79
shadowlist-utils	packages/shadowlist-utils/src/native/chat/ChatBubble.tsx	javascript	variable	content	content	standard	93
shadowlist-utils	packages/shadowlist-utils/src/native/chat/ChatBubble.tsx	javascript	parameter	index	index	standard	108
shadowlist-utils	packages/shadowlist-utils/src/native/chat/ChatBubble.tsx	javascript	parameter	uri	uri	standard	108
shadowlist-utils	packages/shadowlist-utils/src/native/chat/ChatBubble.tsx	javascript	parameter	colors	colors	standard	167
shadowlist-utils	packages/shadowlist-utils/src/native/chat/ChatBubble.tsx	javascript	parameter	radius	radius	standard	167
shadowlist-utils	packages/shadowlist-utils/src/native/chat/ChatBubble.tsx	javascript	parameter	spacing	spacing	standard	167
shadowlist-utils	packages/shadowlist-utils/src/native/chat/ChatBubble.tsx	javascript	parameter	typography	typography	standard	167
shadowlist-utils	packages/shadowlist-utils/src/native/chat/ChatBubble.tsx	javascript	constant	useStyles	useStyles	standard	167
shadowlist-utils	packages/shadowlist-utils/src/native/chat/ChatInput.tsx	javascript	parameter	text	text	standard	19
shadowlist-utils	packages/shadowlist-utils/src/native/chat/ChatInput.tsx	javascript	parameter	text	text	standard	22
shadowlist-utils	packages/shadowlist-utils/src/native/chat/ChatInput.tsx	javascript	constant	ChatInput	ChatInput	standard	29
shadowlist-utils	packages/shadowlist-utils/src/native/chat/ChatInput.tsx	javascript	parameter	onSend	onSend	standard	29
shadowlist-utils	packages/shadowlist-utils/src/native/chat/ChatInput.tsx	javascript	parameter	value	value	standard	30
shadowlist-utils	packages/shadowlist-utils/src/native/chat/ChatInput.tsx	javascript	parameter	defaultValue	defaultValue	standard	31
shadowlist-utils	packages/shadowlist-utils/src/native/chat/ChatInput.tsx	javascript	parameter	onChangeText	onChangeText	standard	32
shadowlist-utils	packages/shadowlist-utils/src/native/chat/ChatInput.tsx	javascript	parameter	disabled	disabled	standard	33
shadowlist-utils	packages/shadowlist-utils/src/native/chat/ChatInput.tsx	javascript	parameter	maxLength	maxLength	standard	34
shadowlist-utils	packages/shadowlist-utils/src/native/chat/ChatInput.tsx	javascript	parameter	labels	labels	standard	35
shadowlist-utils	packages/shadowlist-utils/src/native/chat/ChatInput.tsx	javascript	parameter	style	style	standard	36
shadowlist-utils	packages/shadowlist-utils/src/native/chat/ChatInput.tsx	javascript	constant	theme	theme	standard	39
shadowlist-utils	packages/shadowlist-utils/src/native/chat/ChatInput.tsx	javascript	constant	styles	styles	standard	40
shadowlist-utils	packages/shadowlist-utils/src/native/chat/ChatInput.tsx	javascript	constant	l	l	standard	41
shadowlist-utils	packages/shadowlist-utils/src/native/chat/ChatInput.tsx	javascript	constant	insets	insets	standard	42
shadowlist-utils	packages/shadowlist-utils/src/native/chat/ChatInput.tsx	javascript	constant	setUncontrolledText	setUncontrolledText	standard	43
shadowlist-utils	packages/shadowlist-utils/src/native/chat/ChatInput.tsx	javascript	constant	uncontrolledText	uncontrolledText	standard	43
shadowlist-utils	packages/shadowlist-utils/src/native/chat/ChatInput.tsx	javascript	constant	isControlled	isControlled	standard	44
shadowlist-utils	packages/shadowlist-utils/src/native/chat/ChatInput.tsx	javascript	constant	text	text	standard	45
shadowlist-utils	packages/shadowlist-utils/src/native/chat/ChatInput.tsx	javascript	constant	canSend	canSend	standard	46
shadowlist-utils	packages/shadowlist-utils/src/native/chat/ChatInput.tsx	javascript	constant	handleChangeText	handleChangeText	standard	48
shadowlist-utils	packages/shadowlist-utils/src/native/chat/ChatInput.tsx	javascript	parameter	next	next	standard	48
shadowlist-utils	packages/shadowlist-utils/src/native/chat/ChatInput.tsx	javascript	constant	handleSend	handleSend	standard	55
shadowlist-utils	packages/shadowlist-utils/src/native/chat/ChatInput.tsx	javascript	parameter	colors	colors	standard	104
shadowlist-utils	packages/shadowlist-utils/src/native/chat/ChatInput.tsx	javascript	parameter	radius	radius	standard	104
shadowlist-utils	packages/shadowlist-utils/src/native/chat/ChatInput.tsx	javascript	parameter	spacing	spacing	standard	104
shadowlist-utils	packages/shadowlist-utils/src/native/chat/ChatInput.tsx	javascript	parameter	typography	typography	standard	104
shadowlist-utils	packages/shadowlist-utils/src/native/chat/ChatInput.tsx	javascript	constant	useStyles	useStyles	standard	104
shadowlist-utils	packages/shadowlist-utils/src/native/chat/ChatList.tsx	javascript	parameter	message	message	standard	24
shadowlist-utils	packages/shadowlist-utils/src/native/chat/ChatList.tsx	javascript	parameter	message	message	standard	25
shadowlist-utils	packages/shadowlist-utils/src/native/chat/ChatList.tsx	javascript	constant	ChatList	ChatList	standard	29
shadowlist-utils	packages/shadowlist-utils/src/native/chat/ChatList.tsx	javascript	parameter	renderElement	renderElement	standard	31
shadowlist-utils	packages/shadowlist-utils/src/native/chat/ChatList.tsx	javascript	parameter	getElementSizeSpec	getElementSizeSpec	standard	32
shadowlist-utils	packages/shadowlist-utils/src/native/chat/ChatList.tsx	javascript	parameter	onRetryMessage	onRetryMessage	standard	33
shadowlist-utils	packages/shadowlist-utils/src/native/chat/ChatList.tsx	javascript	parameter	onLongPressMessage	onLongPressMessage	standard	34
shadowlist-utils	packages/shadowlist-utils/src/native/chat/ChatList.tsx	javascript	parameter	labels	labels	standard	35
shadowlist-utils	packages/shadowlist-utils/src/native/chat/ChatList.tsx	javascript	parameter	props	props	standard	37
shadowlist-utils	packages/shadowlist-utils/src/native/chat/ChatList.tsx	javascript	parameter	ref	ref	standard	38
shadowlist-utils	packages/shadowlist-utils/src/native/chat/ChatList.tsx	javascript	constant	theme	theme	standard	41
shadowlist-utils	packages/shadowlist-utils/src/native/chat/ChatList.tsx	javascript	constant	bubbleLabels	bubbleLabels	standard	42
shadowlist-utils	packages/shadowlist-utils/src/native/chat/ChatList.tsx	javascript	constant	renderBubble	renderBubble	standard	43
shadowlist-utils	packages/shadowlist-utils/src/native/chat/ChatList.tsx	javascript	parameter	element	element	standard	44
shadowlist-utils	packages/shadowlist-utils/src/native/chat/ChatList.tsx	javascript	constant	getDefaultSizeSpec	getDefaultSizeSpec	standard	54
shadowlist-utils	packages/shadowlist-utils/src/native/chat/ChatList.tsx	javascript	parameter	message	message	standard	55
shadowlist-utils	packages/shadowlist-utils/src/native/chat/labels.ts	javascript	constant	defaultChatLabels	defaultChatLabels	standard	12
shadowlist-utils	packages/shadowlist-utils/src/native/chat/sizeSpec.ts	javascript	constant	BUBBLE_WIDTH_FRACTION	BUBBLE_WIDTH_FRACTION	standard	20
shadowlist-utils	packages/shadowlist-utils/src/native/chat/sizeSpec.ts	javascript	constant	BUBBLE_PADDING_HORIZONTAL	BUBBLE_PADDING_HORIZONTAL	standard	21
shadowlist-utils	packages/shadowlist-utils/src/native/chat/sizeSpec.ts	javascript	parameter	message	message	standard	29
shadowlist-utils	packages/shadowlist-utils/src/native/chat/sizeSpec.ts	javascript	parameter	theme	theme	standard	30
shadowlist-utils	packages/shadowlist-utils/src/native/chat/sizeSpec.ts	javascript	parameter	caption	caption	standard	32
shadowlist-utils	packages/shadowlist-utils/src/native/chat/sizeSpec.ts	javascript	constant	spacing	spacing	standard	40
shadowlist-utils	packages/shadowlist-utils/src/native/chat/sizeSpec.ts	javascript	constant	typography	typography	standard	40
shadowlist-utils	packages/shadowlist-utils/src/native/chat/sizeSpec.ts	javascript	constant	senderHeight	senderHeight	standard	41
shadowlist-utils	packages/shadowlist-utils/src/native/chat/sizeSpec.ts	javascript	constant	captionHeight	captionHeight	standard	42
shadowlist-utils	packages/shadowlist-utils/src/native/chat/sizeSpec.ts	javascript	constant	failedHeight	failedHeight	standard	43
shadowlist-utils	packages/shadowlist-utils/src/native/contacts/ContactBody.tsx	javascript	constant	ContactBody	ContactBody	standard	18
shadowlist-utils	packages/shadowlist-utils/src/native/contacts/ContactBody.tsx	javascript	parameter	avatarStyle	avatarStyle	standard	19
shadowlist-utils	packages/shadowlist-utils/src/native/contacts/ContactBody.tsx	javascript	parameter	contact	contact	standard	19
shadowlist-utils	packages/shadowlist-utils/src/native/contacts/ContactBody.tsx	javascript	constant	styles	styles	standard	20
shadowlist-utils	packages/shadowlist-utils/src/native/contacts/ContactBody.tsx	javascript	parameter	theme	theme	standard	44
shadowlist-utils	packages/shadowlist-utils/src/native/contacts/ContactBody.tsx	javascript	constant	useStyles	useStyles	standard	44
shadowlist-utils	packages/shadowlist-utils/src/native/contacts/ContactRow.tsx	javascript	parameter	item	item	standard	27
shadowlist-utils	packages/shadowlist-utils/src/native/contacts/ContactRow.tsx	javascript	parameter	id	id	standard	29
shadowlist-utils	packages/shadowlist-utils/src/native/contacts/ContactRow.tsx	javascript	constant	DELETE_WIDTH	DELETE_WIDTH	standard	35
shadowlist-utils	packages/shadowlist-utils/src/native/contacts/ContactRow.tsx	javascript	constant	OPEN_THRESHOLD	OPEN_THRESHOLD	standard	36
shadowlist-utils	packages/shadowlist-utils/src/native/contacts/ContactRow.tsx	javascript	constant	OPEN_VELOCITY	OPEN_VELOCITY	standard	37
shadowlist-utils	packages/shadowlist-utils/src/native/contacts/ContactRow.tsx	javascript	constant	SPRING	SPRING	standard	38
shadowlist-utils	packages/shadowlist-utils/src/native/contacts/ContactRow.tsx	javascript	parameter	item	item	standard	50
shadowlist-utils	packages/shadowlist-utils/src/native/contacts/ContactRow.tsx	javascript	constant	RowContent	RowContent	standard	50
shadowlist-utils	packages/shadowlist-utils/src/native/contacts/ContactRow.tsx	javascript	parameter	onPress	onPress	standard	51
shadowlist-utils	packages/shadowlist-utils/src/native/contacts/ContactRow.tsx	javascript	parameter	isPressable	isPressable	standard	52
shadowlist-utils	packages/shadowlist-utils/src/native/contacts/ContactRow.tsx	javascript	parameter	onDelete	onDelete	standard	53
shadowlist-utils	packages/shadowlist-utils/src/native/contacts/ContactRow.tsx	javascript	parameter	deleteLabel	deleteLabel	standard	54
shadowlist-utils	packages/shadowlist-utils/src/native/contacts/ContactRow.tsx	javascript	parameter	style	style	standard	55
shadowlist-utils	packages/shadowlist-utils/src/native/contacts/ContactRow.tsx	javascript	parameter	avatarStyle	avatarStyle	standard	56
shadowlist-utils	packages/shadowlist-utils/src/native/contacts/ContactRow.tsx	javascript	constant	theme	theme	standard	59
shadowlist-utils	packages/shadowlist-utils/src/native/contacts/ContactRow.tsx	javascript	constant	styles	styles	standard	60
shadowlist-utils	packages/shadowlist-utils/src/native/contacts/ContactRow.tsx	javascript	constant	accessibilityActions	accessibilityActions	standard	62
shadowlist-utils	packages/shadowlist-utils/src/native/contacts/ContactRow.tsx	javascript	constant	handleAccessibilityAction	handleAccessibilityAction	standard	69
shadowlist-utils	packages/shadowlist-utils/src/native/contacts/ContactRow.tsx	javascript	parameter	event	event	standard	70
shadowlist-utils	packages/shadowlist-utils/src/native/contacts/ContactRow.tsx	javascript	parameter	item	item	standard	102
shadowlist-utils	packages/shadowlist-utils/src/native/contacts/ContactRow.tsx	javascript	constant	StaticContactRow	StaticContactRow	standard	102
shadowlist-utils	packages/shadowlist-utils/src/native/contacts/ContactRow.tsx	javascript	parameter	onPress	onPress	standard	103
shadowlist-utils	packages/shadowlist-utils/src/native/contacts/ContactRow.tsx	javascript	parameter	style	style	standard	104
shadowlist-utils	packages/shadowlist-utils/src/native/contacts/ContactRow.tsx	javascript	parameter	avatarStyle	avatarStyle	standard	105
shadowlist-utils	packages/shadowlist-utils/src/native/contacts/ContactRow.tsx	javascript	constant	handlePress	handlePress	standard	108
shadowlist-utils	packages/shadowlist-utils/src/native/contacts/ContactRow.tsx	javascript	parameter	item	item	standard	120
shadowlist-utils	packages/shadowlist-utils/src/native/contacts/ContactRow.tsx	javascript	constant	SwipeableContactRow	SwipeableContactRow	standard	120
shadowlist-utils	packages/shadowlist-utils/src/native/contacts/ContactRow.tsx	javascript	parameter	onPress	onPress	standard	121
shadowlist-utils	packages/shadowlist-utils/src/native/contacts/ContactRow.tsx	javascript	parameter	onDelete	onDelete	standard	122
shadowlist-utils	packages/shadowlist-utils/src/native/contacts/ContactRow.tsx	javascript	parameter	labels	labels	standard	123
shadowlist-utils	packages/shadowlist-utils/src/native/contacts/ContactRow.tsx	javascript	parameter	style	style	standard	124
shadowlist-utils	packages/shadowlist-utils/src/native/contacts/ContactRow.tsx	javascript	parameter	avatarStyle	avatarStyle	standard	125
shadowlist-utils	packages/shadowlist-utils/src/native/contacts/ContactRow.tsx	javascript	parameter	id	id	standard	127
shadowlist-utils	packages/shadowlist-utils/src/native/contacts/ContactRow.tsx	javascript	constant	styles	styles	standard	128
shadowlist-utils	packages/shadowlist-utils/src/native/contacts/ContactRow.tsx	javascript	constant	deleteLabel	deleteLabel	standard	129
shadowlist-utils	packages/shadowlist-utils/src/native/contacts/ContactRow.tsx	javascript	constant	translateX	translateX	standard	131
shadowlist-utils	packages/shadowlist-utils/src/native/contacts/ContactRow.tsx	javascript	constant	startX	startX	standard	132
shadowlist-utils	packages/shadowlist-utils/src/native/contacts/ContactRow.tsx	javascript	constant	panGesture	panGesture	standard	134
shadowlist-utils	packages/shadowlist-utils/src/native/contacts/ContactRow.tsx	javascript	parameter	event	event	standard	142
shadowlist-utils	packages/shadowlist-utils/src/native/contacts/ContactRow.tsx	javascript	constant	next	next	standard	143
shadowlist-utils	packages/shadowlist-utils/src/native/contacts/ContactRow.tsx	javascript	parameter	event	event	standard	148
shadowlist-utils	packages/shadowlist-utils/src/native/contacts/ContactRow.tsx	javascript	constant	open	open	standard	149
shadowlist-utils	packages/shadowlist-utils/src/native/contacts/ContactRow.tsx	javascript	constant	rowStyle	rowStyle	standard	157
shadowlist-utils	packages/shadowlist-utils/src/native/contacts/ContactRow.tsx	javascript	constant	deleteStyle	deleteStyle	standard	160
shadowlist-utils	packages/shadowlist-utils/src/native/contacts/ContactRow.tsx	javascript	constant	handleDelete	handleDelete	standard	165
shadowlist-utils	packages/shadowlist-utils/src/native/contacts/ContactRow.tsx	javascript	constant	handlePress	handlePress	standard	170
shadowlist-utils	packages/shadowlist-utils/src/native/contacts/ContactRow.tsx	javascript	constant	ContactRow	ContactRow	standard	208
shadowlist-utils	packages/shadowlist-utils/src/native/contacts/ContactRow.tsx	javascript	parameter	props	props	standard	208
shadowlist-utils	packages/shadowlist-utils/src/native/contacts/ContactRow.tsx	javascript	parameter	theme	theme	standard	221
shadowlist-utils	packages/shadowlist-utils/src/native/contacts/ContactRow.tsx	javascript	constant	useStyles	useStyles	standard	221
shadowlist-utils	packages/shadowlist-utils/src/native/contacts/Contacts.ts	javascript	constant	Contacts	Contacts	standard	5
shadowlist-utils	packages/shadowlist-utils/src/native/contacts/ContactsList.tsx	javascript	constant	ContactsList	ContactsList	standard	21
shadowlist-utils	packages/shadowlist-utils/src/native/contacts/ContactsList.tsx	javascript	parameter	labels	labels	standard	22
shadowlist-utils	packages/shadowlist-utils/src/native/contacts/ContactsList.tsx	javascript	parameter	onDelete	onDelete	standard	22
shadowlist-utils	packages/shadowlist-utils/src/native/contacts/ContactsList.tsx	javascript	parameter	onPressItem	onPressItem	standard	22
shadowlist-utils	packages/shadowlist-utils/src/native/contacts/ContactsList.tsx	javascript	parameter	props	props	standard	22
shadowlist-utils	packages/shadowlist-utils/src/native/contacts/ContactsList.tsx	javascript	parameter	ref	ref	standard	22
shadowlist-utils	packages/shadowlist-utils/src/native/contacts/ContactsList.tsx	javascript	parameter	renderElement	renderElement	standard	22
shadowlist-utils	packages/shadowlist-utils/src/native/contacts/ContactsList.tsx	javascript	constant	renderContactRow	renderContactRow	standard	23
shadowlist-utils	packages/shadowlist-utils/src/native/contacts/ContactsSectionList.tsx	javascript	constant	ITEM_SEPARATOR	ITEM_SEPARATOR	standard	29
shadowlist-utils	packages/shadowlist-utils/src/native/contacts/ContactsSectionList.tsx	javascript	constant	renderContactSectionHeader	renderContactSectionHeader	standard	31
shadowlist-utils	packages/shadowlist-utils/src/native/contacts/ContactsSectionList.tsx	javascript	parameter	section	section	standard	31
shadowlist-utils	packages/shadowlist-utils/src/native/contacts/ContactsSectionList.tsx	javascript	constant	ContactsSectionList	ContactsSectionList	standard	37
shadowlist-utils	packages/shadowlist-utils/src/native/contacts/ContactsSectionList.tsx	javascript	parameter	labels	labels	standard	40
shadowlist-utils	packages/shadowlist-utils/src/native/contacts/ContactsSectionList.tsx	javascript	parameter	onDelete	onDelete	standard	40
shadowlist-utils	packages/shadowlist-utils/src/native/contacts/ContactsSectionList.tsx	javascript	parameter	onPressItem	onPressItem	standard	40
shadowlist-utils	packages/shadowlist-utils/src/native/contacts/ContactsSectionList.tsx	javascript	parameter	props	props	standard	40
shadowlist-utils	packages/shadowlist-utils/src/native/contacts/ContactsSectionList.tsx	javascript	parameter	ref	ref	standard	40
shadowlist-utils	packages/shadowlist-utils/src/native/contacts/ContactsSectionList.tsx	javascript	parameter	renderElement	renderElement	standard	40
shadowlist-utils	packages/shadowlist-utils/src/native/contacts/ContactsSectionList.tsx	javascript	constant	renderContactRow	renderContactRow	standard	41
shadowlist-utils	packages/shadowlist-utils/src/native/contacts/getContactAccessibilityLabel.ts	javascript	parameter	contact	contact	standard	3
shadowlist-utils	packages/shadowlist-utils/src/native/contacts/labels.ts	javascript	constant	defaultContactsLabels	defaultContactsLabels	standard	5
shadowlist-utils	packages/shadowlist-utils/src/native/contacts/useContactRowRenderer.tsx	javascript	parameter	item	item	standard	8
shadowlist-utils	packages/shadowlist-utils/src/native/contacts/useContactRowRenderer.tsx	javascript	parameter	id	id	standard	10
shadowlist-utils	packages/shadowlist-utils/src/native/contacts/useContactRowRenderer.tsx	javascript	parameter	onPressItem	onPressItem	standard	15
shadowlist-utils	packages/shadowlist-utils/src/native/contacts/useContactRowRenderer.tsx	javascript	parameter	onDelete	onDelete	standard	16
shadowlist-utils	packages/shadowlist-utils/src/native/contacts/useContactRowRenderer.tsx	javascript	parameter	labels	labels	standard	17
shadowlist-utils	packages/shadowlist-utils/src/native/contacts/useContactRowRenderer.tsx	javascript	constant	rowLabels	rowLabels	standard	20
shadowlist-utils	packages/shadowlist-utils/src/native/contacts/useContactRowRenderer.tsx	javascript	parameter	element	element	standard	22
shadowlist-utils	packages/shadowlist-utils/src/native/feed/Feed.ts	javascript	constant	Feed	Feed	standard	4
shadowlist-utils	packages/shadowlist-utils/src/native/feed/FeedList.tsx	javascript	parameter	item	item	standard	17
shadowlist-utils	packages/shadowlist-utils/src/native/feed/FeedList.tsx	javascript	constant	FeedList	FeedList	standard	20
shadowlist-utils	packages/shadowlist-utils/src/native/feed/FeedList.tsx	javascript	parameter	formatTime	formatTime	standard	22
shadowlist-utils	packages/shadowlist-utils/src/native/feed/FeedList.tsx	javascript	parameter	labels	labels	standard	22
shadowlist-utils	packages/shadowlist-utils/src/native/feed/FeedList.tsx	javascript	parameter	onPressImage	onPressImage	standard	22
shadowlist-utils	packages/shadowlist-utils/src/native/feed/FeedList.tsx	javascript	parameter	onPressItem	onPressItem	standard	22
shadowlist-utils	packages/shadowlist-utils/src/native/feed/FeedList.tsx	javascript	parameter	props	props	standard	22
shadowlist-utils	packages/shadowlist-utils/src/native/feed/FeedList.tsx	javascript	parameter	ref	ref	standard	22
shadowlist-utils	packages/shadowlist-utils/src/native/feed/FeedList.tsx	javascript	parameter	renderElement	renderElement	standard	22
shadowlist-utils	packages/shadowlist-utils/src/native/feed/FeedList.tsx	javascript	constant	rowLabels	rowLabels	standard	25
shadowlist-utils	packages/shadowlist-utils/src/native/feed/FeedList.tsx	javascript	constant	renderRow	renderRow	standard	26
shadowlist-utils	packages/shadowlist-utils/src/native/feed/FeedList.tsx	javascript	parameter	element	element	standard	27
shadowlist-utils	packages/shadowlist-utils/src/native/feed/FeedRow.tsx	javascript	parameter	item	item	standard	22
shadowlist-utils	packages/shadowlist-utils/src/native/feed/FeedRow.tsx	javascript	parameter	imageIndex	imageIndex	standard	23
shadowlist-utils	packages/shadowlist-utils/src/native/feed/FeedRow.tsx	javascript	parameter	item	item	standard	23
shadowlist-utils	packages/shadowlist-utils/src/native/feed/FeedRow.tsx	javascript	parameter	createdAt	createdAt	standard	24
shadowlist-utils	packages/shadowlist-utils/src/native/feed/FeedRow.tsx	javascript	constant	SINGLE_IMAGE_HEIGHT	SINGLE_IMAGE_HEIGHT	standard	31
shadowlist-utils	packages/shadowlist-utils/src/native/feed/FeedRow.tsx	javascript	constant	MIN_ASPECT_RATIO	MIN_ASPECT_RATIO	standard	32
shadowlist-utils	packages/shadowlist-utils/src/native/feed/FeedRow.tsx	javascript	constant	MAX_ASPECT_RATIO	MAX_ASPECT_RATIO	standard	33
shadowlist-utils	packages/shadowlist-utils/src/native/feed/FeedRow.tsx	javascript	parameter	image	image	standard	35
shadowlist-utils	packages/shadowlist-utils/src/native/feed/FeedRow.tsx	javascript	constant	ratio	ratio	standard	37
shadowlist-utils	packages/shadowlist-utils/src/native/feed/FeedRow.tsx	javascript	constant	FeedRow	FeedRow	standard	48
shadowlist-utils	packages/shadowlist-utils/src/native/feed/FeedRow.tsx	javascript	parameter	item	item	standard	49
shadowlist-utils	packages/shadowlist-utils/src/native/feed/FeedRow.tsx	javascript	parameter	onPress	onPress	standard	50
shadowlist-utils	packages/shadowlist-utils/src/native/feed/FeedRow.tsx	javascript	parameter	onPressImage	onPressImage	standard	51
shadowlist-utils	packages/shadowlist-utils/src/native/feed/FeedRow.tsx	javascript	parameter	formatTime	formatTime	standard	52
shadowlist-utils	packages/shadowlist-utils/src/native/feed/FeedRow.tsx	javascript	parameter	labels	labels	standard	53
shadowlist-utils	packages/shadowlist-utils/src/native/feed/FeedRow.tsx	javascript	parameter	style	style	standard	54
shadowlist-utils	packages/shadowlist-utils/src/native/feed/FeedRow.tsx	javascript	parameter	avatarStyle	avatarStyle	standard	55
shadowlist-utils	packages/shadowlist-utils/src/native/feed/FeedRow.tsx	javascript	parameter	textStyle	textStyle	standard	56
shadowlist-utils	packages/shadowlist-utils/src/native/feed/FeedRow.tsx	javascript	constant	styles	styles	standard	59
shadowlist-utils	packages/shadowlist-utils/src/native/feed/FeedRow.tsx	javascript	constant	l	l	standard	60
shadowlist-utils	packages/shadowlist-utils/src/native/feed/FeedRow.tsx	javascript	constant	author	author	standard	61
shadowlist-utils	packages/shadowlist-utils/src/native/feed/FeedRow.tsx	javascript	constant	createdAt	createdAt	standard	61
shadowlist-utils	packages/shadowlist-utils/src/native/feed/FeedRow.tsx	javascript	constant	images	images	standard	61
shadowlist-utils	packages/shadowlist-utils/src/native/feed/FeedRow.tsx	javascript	constant	text	text	standard	61
shadowlist-utils	packages/shadowlist-utils/src/native/feed/FeedRow.tsx	javascript	constant	hasImages	hasImages	standard	62
shadowlist-utils	packages/shadowlist-utils/src/native/feed/FeedRow.tsx	javascript	constant	date	date	standard	63
shadowlist-utils	packages/shadowlist-utils/src/native/feed/FeedRow.tsx	javascript	parameter	image	image	standard	68
shadowlist-utils	packages/shadowlist-utils/src/native/feed/FeedRow.tsx	javascript	constant	renderImage	renderImage	standard	68
shadowlist-utils	packages/shadowlist-utils/src/native/feed/FeedRow.tsx	javascript	parameter	index	index	standard	69
shadowlist-utils	packages/shadowlist-utils/src/native/feed/FeedRow.tsx	javascript	parameter	frameStyle	frameStyle	standard	70
shadowlist-utils	packages/shadowlist-utils/src/native/feed/FeedRow.tsx	javascript	constant	content	content	standard	73
shadowlist-utils	packages/shadowlist-utils/src/native/feed/FeedRow.tsx	javascript	constant	body	body	standard	106
shadowlist-utils	packages/shadowlist-utils/src/native/feed/FeedRow.tsx	javascript	parameter	image	image	standard	154
shadowlist-utils	packages/shadowlist-utils/src/native/feed/FeedRow.tsx	javascript	parameter	index	index	standard	154
shadowlist-utils	packages/shadowlist-utils/src/native/feed/FeedRow.tsx	javascript	parameter	theme	theme	standard	182
shadowlist-utils	packages/shadowlist-utils/src/native/feed/FeedRow.tsx	javascript	constant	useStyles	useStyles	standard	182
shadowlist-utils	packages/shadowlist-utils/src/native/feed/labels.ts	javascript	constant	defaultFeedLabels	defaultFeedLabels	standard	7
shadowlist-utils	packages/shadowlist-utils/src/native/feed/labels.ts	javascript	parameter	count	count	standard	9
shadowlist-utils	packages/shadowlist-utils/src/native/feed/labels.ts	javascript	parameter	count	count	standard	10
shadowlist-utils	packages/shadowlist-utils/src/native/feed/labels.ts	javascript	parameter	count	count	standard	11
shadowlist-utils	packages/shadowlist-utils/src/native/formatRelativeTime.ts	javascript	constant	MINUTE_MS	MINUTE_MS	standard	1
shadowlist-utils	packages/shadowlist-utils/src/native/formatRelativeTime.ts	javascript	constant	HOUR_MS	HOUR_MS	standard	2
shadowlist-utils	packages/shadowlist-utils/src/native/formatRelativeTime.ts	javascript	constant	DAY_MS	DAY_MS	standard	3
shadowlist-utils	packages/shadowlist-utils/src/native/formatRelativeTime.ts	javascript	constant	WEEK_MS	WEEK_MS	standard	4
shadowlist-utils	packages/shadowlist-utils/src/native/formatRelativeTime.ts	javascript	parameter	count	count	standard	8
shadowlist-utils	packages/shadowlist-utils/src/native/formatRelativeTime.ts	javascript	parameter	count	count	standard	9
shadowlist-utils	packages/shadowlist-utils/src/native/formatRelativeTime.ts	javascript	parameter	count	count	standard	10
shadowlist-utils	packages/shadowlist-utils/src/native/formatRelativeTime.ts	javascript	parameter	date	date	standard	13
shadowlist-utils	packages/shadowlist-utils/src/native/formatRelativeTime.ts	javascript	parameter	labels	labels	standard	14
shadowlist-utils	packages/shadowlist-utils/src/native/formatRelativeTime.ts	javascript	parameter	nowMs	nowMs	standard	15
shadowlist-utils	packages/shadowlist-utils/src/native/formatRelativeTime.ts	javascript	constant	dateMs	dateMs	standard	18
shadowlist-utils	packages/shadowlist-utils/src/native/formatRelativeTime.ts	javascript	constant	elapsedMs	elapsedMs	standard	19
shadowlist-utils	packages/shadowlist-utils/src/native/hooks/useKeyboardLift.ts	javascript	parameter	gap	gap	standard	15
shadowlist-utils	packages/shadowlist-utils/src/native/hooks/useKeyboardLift.ts	javascript	constant	insets	insets	standard	18
shadowlist-utils	packages/shadowlist-utils/src/native/hooks/useKeyboardLift.ts	javascript	constant	height	height	standard	19
shadowlist-utils	packages/shadowlist-utils/src/native/hooks/useKeyboardLift.ts	javascript	constant	safe	safe	standard	22
shadowlist-utils	packages/shadowlist-utils/src/native/icons.tsx	javascript	parameter	color	color	standard	22
shadowlist-utils	packages/shadowlist-utils/src/native/icons.tsx	javascript	constant	useIconColor	useIconColor	standard	22
shadowlist-utils	packages/shadowlist-utils/src/native/icons.tsx	javascript	parameter	fallback	fallback	standard	23
shadowlist-utils	packages/shadowlist-utils/src/native/icons.tsx	javascript	constant	theme	theme	standard	26
shadowlist-utils	packages/shadowlist-utils/src/native/icons.tsx	javascript	constant	CHEVRON_ROTATION	CHEVRON_ROTATION	standard	32
shadowlist-utils	packages/shadowlist-utils/src/native/icons.tsx	javascript	constant	CHEVRON_SHIFT	CHEVRON_SHIFT	standard	43
shadowlist-utils	packages/shadowlist-utils/src/native/icons.tsx	javascript	constant	ChevronIcon	ChevronIcon	standard	50
shadowlist-utils	packages/shadowlist-utils/src/native/icons.tsx	javascript	parameter	size	size	standard	50
shadowlist-utils	packages/shadowlist-utils/src/native/icons.tsx	javascript	parameter	colorProp	colorProp	standard	52
shadowlist-utils	packages/shadowlist-utils/src/native/icons.tsx	javascript	parameter	strokeWidth	strokeWidth	standard	52
shadowlist-utils	packages/shadowlist-utils/src/native/icons.tsx	javascript	parameter	direction	direction	standard	53
shadowlist-utils	packages/shadowlist-utils/src/native/icons.tsx	javascript	constant	color	color	standard	56
shadowlist-utils	packages/shadowlist-utils/src/native/icons.tsx	javascript	constant	side	side	standard	57
shadowlist-utils	packages/shadowlist-utils/src/native/icons.tsx	javascript	constant	k	k	standard	58
shadowlist-utils	packages/shadowlist-utils/src/native/icons.tsx	javascript	constant	shift	shift	standard	59
shadowlist-utils	packages/shadowlist-utils/src/native/icons.tsx	javascript	parameter	colorProp	colorProp	standard	89
shadowlist-utils	packages/shadowlist-utils/src/native/icons.tsx	javascript	constant	FolderIcon	FolderIcon	standard	89
shadowlist-utils	packages/shadowlist-utils/src/native/icons.tsx	javascript	parameter	size	size	standard	89
shadowlist-utils	packages/shadowlist-utils/src/native/icons.tsx	javascript	constant	color	color	standard	90
shadowlist-utils	packages/shadowlist-utils/src/native/icons.tsx	javascript	constant	DocIcon	DocIcon	standard	120
shadowlist-utils	packages/shadowlist-utils/src/native/icons.tsx	javascript	parameter	size	size	standard	120
shadowlist-utils	packages/shadowlist-utils/src/native/icons.tsx	javascript	parameter	colorProp	colorProp	standard	122
shadowlist-utils	packages/shadowlist-utils/src/native/icons.tsx	javascript	parameter	strokeWidth	strokeWidth	standard	122
shadowlist-utils	packages/shadowlist-utils/src/native/icons.tsx	javascript	constant	color	color	standard	125
shadowlist-utils	packages/shadowlist-utils/src/native/icons.tsx	javascript	constant	w	w	standard	126
shadowlist-utils	packages/shadowlist-utils/src/native/icons.tsx	javascript	constant	h	h	standard	127
shadowlist-utils	packages/shadowlist-utils/src/native/icons.tsx	javascript	constant	GripIcon	GripIcon	standard	169
shadowlist-utils	packages/shadowlist-utils/src/native/icons.tsx	javascript	parameter	size	size	standard	169
shadowlist-utils	packages/shadowlist-utils/src/native/icons.tsx	javascript	parameter	colorProp	colorProp	standard	171
shadowlist-utils	packages/shadowlist-utils/src/native/icons.tsx	javascript	parameter	strokeWidth	strokeWidth	standard	171
shadowlist-utils	packages/shadowlist-utils/src/native/icons.tsx	javascript	constant	color	color	standard	174
shadowlist-utils	packages/shadowlist-utils/src/native/icons.tsx	javascript	constant	line	line	standard	175
shadowlist-utils	packages/shadowlist-utils/src/native/icons.tsx	javascript	constant	ArrowUpIcon	ArrowUpIcon	standard	197
shadowlist-utils	packages/shadowlist-utils/src/native/icons.tsx	javascript	parameter	size	size	standard	197
shadowlist-utils	packages/shadowlist-utils/src/native/icons.tsx	javascript	parameter	colorProp	colorProp	standard	199
shadowlist-utils	packages/shadowlist-utils/src/native/icons.tsx	javascript	parameter	strokeWidth	strokeWidth	standard	199
shadowlist-utils	packages/shadowlist-utils/src/native/icons.tsx	javascript	constant	color	color	standard	202
shadowlist-utils	packages/shadowlist-utils/src/native/icons.tsx	javascript	constant	head	head	standard	203
shadowlist-utils	packages/shadowlist-utils/src/native/icons.tsx	javascript	constant	PlusIcon	PlusIcon	standard	246
shadowlist-utils	packages/shadowlist-utils/src/native/icons.tsx	javascript	parameter	size	size	standard	246
shadowlist-utils	packages/shadowlist-utils/src/native/icons.tsx	javascript	parameter	colorProp	colorProp	standard	248
shadowlist-utils	packages/shadowlist-utils/src/native/icons.tsx	javascript	parameter	strokeWidth	strokeWidth	standard	248
shadowlist-utils	packages/shadowlist-utils/src/native/icons.tsx	javascript	constant	color	color	standard	251
shadowlist-utils	packages/shadowlist-utils/src/native/icons.tsx	javascript	constant	bar	bar	standard	252
shadowlist-utils	packages/shadowlist-utils/src/native/icons.tsx	javascript	constant	MicIcon	MicIcon	standard	288
shadowlist-utils	packages/shadowlist-utils/src/native/icons.tsx	javascript	parameter	size	size	standard	288
shadowlist-utils	packages/shadowlist-utils/src/native/icons.tsx	javascript	parameter	colorProp	colorProp	standard	290
shadowlist-utils	packages/shadowlist-utils/src/native/icons.tsx	javascript	parameter	strokeWidth	strokeWidth	standard	290
shadowlist-utils	packages/shadowlist-utils/src/native/icons.tsx	javascript	constant	color	color	standard	293
shadowlist-utils	packages/shadowlist-utils/src/native/icons.tsx	javascript	constant	capsuleWidth	capsuleWidth	standard	294
shadowlist-utils	packages/shadowlist-utils/src/native/icons.tsx	javascript	constant	capsuleHeight	capsuleHeight	standard	295
shadowlist-utils	packages/shadowlist-utils/src/native/icons.tsx	javascript	constant	holderWidth	holderWidth	standard	296
shadowlist-utils	packages/shadowlist-utils/src/native/icons.tsx	javascript	constant	holderTop	holderTop	standard	297
shadowlist-utils	packages/shadowlist-utils/src/native/icons.tsx	javascript	constant	holderHeight	holderHeight	standard	298
shadowlist-utils	packages/shadowlist-utils/src/native/icons.tsx	javascript	constant	baseWidth	baseWidth	standard	299
shadowlist-utils	packages/shadowlist-utils/src/native/icons.tsx	javascript	constant	CloseIcon	CloseIcon	standard	353
shadowlist-utils	packages/shadowlist-utils/src/native/icons.tsx	javascript	parameter	size	size	standard	353
shadowlist-utils	packages/shadowlist-utils/src/native/icons.tsx	javascript	parameter	colorProp	colorProp	standard	355
shadowlist-utils	packages/shadowlist-utils/src/native/icons.tsx	javascript	parameter	strokeWidth	strokeWidth	standard	355
shadowlist-utils	packages/shadowlist-utils/src/native/icons.tsx	javascript	constant	color	color	standard	358
shadowlist-utils	packages/shadowlist-utils/src/native/icons.tsx	javascript	parameter	colorProp	colorProp	standard	372
shadowlist-utils	packages/shadowlist-utils/src/native/icons.tsx	javascript	parameter	size	size	standard	372
shadowlist-utils	packages/shadowlist-utils/src/native/icons.tsx	javascript	constant	StopIcon	StopIcon	standard	372
shadowlist-utils	packages/shadowlist-utils/src/native/icons.tsx	javascript	constant	color	color	standard	373
shadowlist-utils	packages/shadowlist-utils/src/native/icons.tsx	javascript	constant	side	side	standard	374
shadowlist-utils	packages/shadowlist-utils/src/native/icons.tsx	javascript	constant	CheckIcon	CheckIcon	standard	396
shadowlist-utils	packages/shadowlist-utils/src/native/icons.tsx	javascript	parameter	size	size	standard	396
shadowlist-utils	packages/shadowlist-utils/src/native/icons.tsx	javascript	parameter	colorProp	colorProp	standard	398
shadowlist-utils	packages/shadowlist-utils/src/native/icons.tsx	javascript	parameter	strokeWidth	strokeWidth	standard	398
shadowlist-utils	packages/shadowlist-utils/src/native/icons.tsx	javascript	constant	color	color	standard	401
shadowlist-utils	packages/shadowlist-utils/src/native/icons.tsx	javascript	constant	CopyIcon	CopyIcon	standard	425
shadowlist-utils	packages/shadowlist-utils/src/native/icons.tsx	javascript	parameter	size	size	standard	425
shadowlist-utils	packages/shadowlist-utils/src/native/icons.tsx	javascript	parameter	colorProp	colorProp	standard	427
shadowlist-utils	packages/shadowlist-utils/src/native/icons.tsx	javascript	parameter	strokeWidth	strokeWidth	standard	427
shadowlist-utils	packages/shadowlist-utils/src/native/icons.tsx	javascript	constant	color	color	standard	430
shadowlist-utils	packages/shadowlist-utils/src/native/icons.tsx	javascript	constant	sheet	sheet	standard	431
shadowlist-utils	packages/shadowlist-utils/src/native/icons.tsx	javascript	constant	sheetStyle	sheetStyle	standard	432
shadowlist-utils	packages/shadowlist-utils/src/native/icons.tsx	javascript	constant	RetryIcon	RetryIcon	standard	448
shadowlist-utils	packages/shadowlist-utils/src/native/icons.tsx	javascript	parameter	size	size	standard	448
shadowlist-utils	packages/shadowlist-utils/src/native/icons.tsx	javascript	parameter	colorProp	colorProp	standard	450
shadowlist-utils	packages/shadowlist-utils/src/native/icons.tsx	javascript	parameter	strokeWidth	strokeWidth	standard	450
shadowlist-utils	packages/shadowlist-utils/src/native/icons.tsx	javascript	constant	color	color	standard	453
shadowlist-utils	packages/shadowlist-utils/src/native/icons.tsx	javascript	constant	ring	ring	standard	454
shadowlist-utils	packages/shadowlist-utils/src/native/icons.tsx	javascript	constant	head	head	standard	455
shadowlist-utils	packages/shadowlist-utils/src/native/icons.tsx	javascript	constant	ShareIcon	ShareIcon	standard	493
shadowlist-utils	packages/shadowlist-utils/src/native/icons.tsx	javascript	parameter	size	size	standard	493
shadowlist-utils	packages/shadowlist-utils/src/native/icons.tsx	javascript	parameter	colorProp	colorProp	standard	495
shadowlist-utils	packages/shadowlist-utils/src/native/icons.tsx	javascript	parameter	strokeWidth	strokeWidth	standard	495
shadowlist-utils	packages/shadowlist-utils/src/native/icons.tsx	javascript	constant	color	color	standard	498
shadowlist-utils	packages/shadowlist-utils/src/native/icons.tsx	javascript	constant	trayWidth	trayWidth	standard	499
shadowlist-utils	packages/shadowlist-utils/src/native/icons.tsx	javascript	constant	head	head	standard	500
shadowlist-utils	packages/shadowlist-utils/src/native/icons.tsx	javascript	parameter	colorProp	colorProp	standard	545
shadowlist-utils	packages/shadowlist-utils/src/native/icons.tsx	javascript	parameter	size	size	standard	545
shadowlist-utils	packages/shadowlist-utils/src/native/icons.tsx	javascript	constant	SparkleIcon	SparkleIcon	standard	545
shadowlist-utils	packages/shadowlist-utils/src/native/icons.tsx	javascript	constant	color	color	standard	546
shadowlist-utils	packages/shadowlist-utils/src/native/icons.tsx	javascript	constant	side	side	standard	547
shadowlist-utils	packages/shadowlist-utils/src/native/icons.tsx	javascript	constant	offset	offset	standard	548
shadowlist-utils	packages/shadowlist-utils/src/native/icons.tsx	javascript	constant	PencilIcon	PencilIcon	standard	578
shadowlist-utils	packages/shadowlist-utils/src/native/icons.tsx	javascript	parameter	size	size	standard	578
shadowlist-utils	packages/shadowlist-utils/src/native/icons.tsx	javascript	parameter	colorProp	colorProp	standard	580
shadowlist-utils	packages/shadowlist-utils/src/native/icons.tsx	javascript	parameter	strokeWidth	strokeWidth	standard	580
shadowlist-utils	packages/shadowlist-utils/src/native/icons.tsx	javascript	constant	color	color	standard	583
shadowlist-utils	packages/shadowlist-utils/src/native/icons.tsx	javascript	constant	barrel	barrel	standard	584
shadowlist-utils	packages/shadowlist-utils/src/native/internal/generateId.ts	javascript	variable	counter	counter	standard	1
shadowlist-utils	packages/shadowlist-utils/src/native/internal/keyboardAppearance.ts	javascript	parameter	theme	theme	standard	4
shadowlist-utils	packages/shadowlist-utils/src/native/internal/keyboardAppearance.ts	javascript	constant	hex	hex	standard	7
shadowlist-utils	packages/shadowlist-utils/src/native/internal/keyboardAppearance.ts	javascript	constant	b	b	standard	11
shadowlist-utils	packages/shadowlist-utils/src/native/internal/keyboardAppearance.ts	javascript	parameter	channel	channel	standard	11
shadowlist-utils	packages/shadowlist-utils/src/native/internal/keyboardAppearance.ts	javascript	constant	g	g	standard	11
shadowlist-utils	packages/shadowlist-utils/src/native/internal/keyboardAppearance.ts	javascript	constant	r	r	standard	11
shadowlist-utils	packages/shadowlist-utils/src/native/labels.ts	javascript	parameter	a	a	standard	3
shadowlist-utils	packages/shadowlist-utils/src/native/labels.ts	javascript	parameter	b	b	standard	3
shadowlist-utils	packages/shadowlist-utils/src/native/labels.ts	javascript	constant	aKeys	aKeys	standard	4
shadowlist-utils	packages/shadowlist-utils/src/native/labels.ts	javascript	parameter	key	key	standard	8
shadowlist-utils	packages/shadowlist-utils/src/native/labels.ts	javascript	parameter	defaults	defaults	standard	11
shadowlist-utils	packages/shadowlist-utils/src/native/labels.ts	javascript	parameter	overrides	overrides	standard	11
shadowlist-utils	packages/shadowlist-utils/src/native/labels.ts	javascript	constant	labels	labels	standard	15
shadowlist-utils	packages/shadowlist-utils/src/native/labels.ts	javascript	constant	key	key	standard	16
shadowlist-utils	packages/shadowlist-utils/src/native/labels.ts	javascript	constant	value	value	standard	17
shadowlist-utils	packages/shadowlist-utils/src/native/labels.ts	javascript	parameter	defaults	defaults	standard	29
shadowlist-utils	packages/shadowlist-utils/src/native/labels.ts	javascript	parameter	overrides	overrides	standard	30
shadowlist-utils	packages/shadowlist-utils/src/native/labels.ts	javascript	constant	cached	cached	standard	33
shadowlist-utils	packages/shadowlist-utils/src/native/labels.ts	javascript	constant	next	next	standard	34
shadowlist-utils	packages/shadowlist-utils/src/native/masonry/labels.ts	javascript	constant	defaultMasonryLabels	defaultMasonryLabels	standard	5
shadowlist-utils	packages/shadowlist-utils/src/native/masonry/Masonry.ts	javascript	constant	Masonry	Masonry	standard	4
shadowlist-utils	packages/shadowlist-utils/src/native/masonry/MasonryCard.tsx	javascript	parameter	item	item	standard	19
shadowlist-utils	packages/shadowlist-utils/src/native/masonry/MasonryCard.tsx	javascript	constant	MasonryCard	MasonryCard	standard	25
shadowlist-utils	packages/shadowlist-utils/src/native/masonry/MasonryCard.tsx	javascript	parameter	imageStyle	imageStyle	standard	26
shadowlist-utils	packages/shadowlist-utils/src/native/masonry/MasonryCard.tsx	javascript	parameter	item	item	standard	26
shadowlist-utils	packages/shadowlist-utils/src/native/masonry/MasonryCard.tsx	javascript	parameter	labels	labels	standard	26
shadowlist-utils	packages/shadowlist-utils/src/native/masonry/MasonryCard.tsx	javascript	parameter	onPress	onPress	standard	26
shadowlist-utils	packages/shadowlist-utils/src/native/masonry/MasonryCard.tsx	javascript	parameter	style	style	standard	26
shadowlist-utils	packages/shadowlist-utils/src/native/masonry/MasonryCard.tsx	javascript	constant	styles	styles	standard	27
shadowlist-utils	packages/shadowlist-utils/src/native/masonry/MasonryCard.tsx	javascript	constant	l	l	standard	28
shadowlist-utils	packages/shadowlist-utils/src/native/masonry/MasonryCard.tsx	javascript	constant	image	image	standard	29
shadowlist-utils	packages/shadowlist-utils/src/native/masonry/MasonryCard.tsx	javascript	constant	title	title	standard	29
shadowlist-utils	packages/shadowlist-utils/src/native/masonry/MasonryCard.tsx	javascript	constant	aspectRatio	aspectRatio	standard	30
shadowlist-utils	packages/shadowlist-utils/src/native/masonry/MasonryCard.tsx	javascript	constant	accessibilityLabel	accessibilityLabel	standard	31
shadowlist-utils	packages/shadowlist-utils/src/native/masonry/MasonryCard.tsx	javascript	constant	content	content	standard	33
shadowlist-utils	packages/shadowlist-utils/src/native/masonry/MasonryCard.tsx	javascript	parameter	theme	theme	standard	75
shadowlist-utils	packages/shadowlist-utils/src/native/masonry/MasonryCard.tsx	javascript	constant	useStyles	useStyles	standard	75
shadowlist-utils	packages/shadowlist-utils/src/native/masonry/MasonryList.tsx	javascript	parameter	item	item	standard	21
shadowlist-utils	packages/shadowlist-utils/src/native/masonry/MasonryList.tsx	javascript	constant	MasonryList	MasonryList	standard	25
shadowlist-utils	packages/shadowlist-utils/src/native/masonry/MasonryList.tsx	javascript	parameter	labels	labels	standard	26
shadowlist-utils	packages/shadowlist-utils/src/native/masonry/MasonryList.tsx	javascript	parameter	onPressItem	onPressItem	standard	26
shadowlist-utils	packages/shadowlist-utils/src/native/masonry/MasonryList.tsx	javascript	parameter	props	props	standard	26
shadowlist-utils	packages/shadowlist-utils/src/native/masonry/MasonryList.tsx	javascript	parameter	ref	ref	standard	26
shadowlist-utils	packages/shadowlist-utils/src/native/masonry/MasonryList.tsx	javascript	parameter	renderElement	renderElement	standard	26
shadowlist-utils	packages/shadowlist-utils/src/native/masonry/MasonryList.tsx	javascript	constant	cardLabels	cardLabels	standard	27
shadowlist-utils	packages/shadowlist-utils/src/native/masonry/MasonryList.tsx	javascript	constant	renderCard	renderCard	standard	28
shadowlist-utils	packages/shadowlist-utils/src/native/masonry/MasonryList.tsx	javascript	parameter	element	element	standard	29
shadowlist-utils	packages/shadowlist-utils/src/native/nested/Nested.ts	javascript	constant	Nested	Nested	standard	4
shadowlist-utils	packages/shadowlist-utils/src/native/nested/NestedCard.tsx	javascript	parameter	item	item	standard	17
shadowlist-utils	packages/shadowlist-utils/src/native/nested/NestedCard.tsx	javascript	constant	NestedCard	NestedCard	standard	22
shadowlist-utils	packages/shadowlist-utils/src/native/nested/NestedCard.tsx	javascript	parameter	imageStyle	imageStyle	standard	23
shadowlist-utils	packages/shadowlist-utils/src/native/nested/NestedCard.tsx	javascript	parameter	item	item	standard	23
shadowlist-utils	packages/shadowlist-utils/src/native/nested/NestedCard.tsx	javascript	parameter	onPress	onPress	standard	23
shadowlist-utils	packages/shadowlist-utils/src/native/nested/NestedCard.tsx	javascript	parameter	style	style	standard	23
shadowlist-utils	packages/shadowlist-utils/src/native/nested/NestedCard.tsx	javascript	constant	styles	styles	standard	24
shadowlist-utils	packages/shadowlist-utils/src/native/nested/NestedCard.tsx	javascript	constant	content	content	standard	25
shadowlist-utils	packages/shadowlist-utils/src/native/nested/NestedCard.tsx	javascript	parameter	theme	theme	standard	58
shadowlist-utils	packages/shadowlist-utils/src/native/nested/NestedCard.tsx	javascript	constant	useStyles	useStyles	standard	58
shadowlist-utils	packages/shadowlist-utils/src/native/nested/NestedRow.tsx	javascript	parameter	card	card	standard	17
shadowlist-utils	packages/shadowlist-utils/src/native/nested/NestedRow.tsx	javascript	parameter	row	row	standard	17
shadowlist-utils	packages/shadowlist-utils/src/native/nested/NestedRow.tsx	javascript	parameter	element	element	standard	24
shadowlist-utils	packages/shadowlist-utils/src/native/nested/NestedRow.tsx	javascript	constant	renderCard	renderCard	standard	24
shadowlist-utils	packages/shadowlist-utils/src/native/nested/NestedRow.tsx	javascript	constant	NestedRow	NestedRow	standard	26
shadowlist-utils	packages/shadowlist-utils/src/native/nested/NestedRow.tsx	javascript	parameter	item	item	standard	27
shadowlist-utils	packages/shadowlist-utils/src/native/nested/NestedRow.tsx	javascript	parameter	onPressCard	onPressCard	standard	27
shadowlist-utils	packages/shadowlist-utils/src/native/nested/NestedRow.tsx	javascript	parameter	style	style	standard	27
shadowlist-utils	packages/shadowlist-utils/src/native/nested/NestedRow.tsx	javascript	parameter	titleStyle	titleStyle	standard	27
shadowlist-utils	packages/shadowlist-utils/src/native/nested/NestedRow.tsx	javascript	constant	styles	styles	standard	28
shadowlist-utils	packages/shadowlist-utils/src/native/nested/NestedRow.tsx	javascript	constant	renderPressableCard	renderPressableCard	standard	29
shadowlist-utils	packages/shadowlist-utils/src/native/nested/NestedRow.tsx	javascript	parameter	card	card	standard	30
shadowlist-utils	packages/shadowlist-utils/src/native/nested/NestedRow.tsx	javascript	parameter	theme	theme	standard	54
shadowlist-utils	packages/shadowlist-utils/src/native/nested/NestedRow.tsx	javascript	constant	useStyles	useStyles	standard	54
shadowlist-utils	packages/shadowlist-utils/src/native/poll/labels.ts	javascript	parameter	count	count	standard	2
shadowlist-utils	packages/shadowlist-utils/src/native/poll/labels.ts	javascript	parameter	label	label	standard	3
shadowlist-utils	packages/shadowlist-utils/src/native/poll/labels.ts	javascript	parameter	percent	percent	standard	3
shadowlist-utils	packages/shadowlist-utils/src/native/poll/labels.ts	javascript	constant	defaultPollLabels	defaultPollLabels	standard	6
shadowlist-utils	packages/shadowlist-utils/src/native/poll/labels.ts	javascript	parameter	count	count	standard	7
shadowlist-utils	packages/shadowlist-utils/src/native/poll/labels.ts	javascript	parameter	label	label	standard	8
shadowlist-utils	packages/shadowlist-utils/src/native/poll/labels.ts	javascript	parameter	percent	percent	standard	8
shadowlist-utils	packages/shadowlist-utils/src/native/poll/Poll.ts	javascript	constant	Poll	Poll	standard	5
shadowlist-utils	packages/shadowlist-utils/src/native/poll/PollFooter.tsx	javascript	constant	PollFooter	PollFooter	standard	19
shadowlist-utils	packages/shadowlist-utils/src/native/poll/PollFooter.tsx	javascript	parameter	labels	labels	standard	20
shadowlist-utils	packages/shadowlist-utils/src/native/poll/PollFooter.tsx	javascript	parameter	style	style	standard	20
shadowlist-utils	packages/shadowlist-utils/src/native/poll/PollFooter.tsx	javascript	parameter	totalVotes	totalVotes	standard	20
shadowlist-utils	packages/shadowlist-utils/src/native/poll/PollFooter.tsx	javascript	constant	styles	styles	standard	21
shadowlist-utils	packages/shadowlist-utils/src/native/poll/PollFooter.tsx	javascript	constant	l	l	standard	22
shadowlist-utils	packages/shadowlist-utils/src/native/poll/PollFooter.tsx	javascript	parameter	theme	theme	standard	31
shadowlist-utils	packages/shadowlist-utils/src/native/poll/PollFooter.tsx	javascript	constant	useStyles	useStyles	standard	31
shadowlist-utils	packages/shadowlist-utils/src/native/poll/PollList.tsx	javascript	parameter	optionId	optionId	standard	24
shadowlist-utils	packages/shadowlist-utils/src/native/poll/PollList.tsx	javascript	constant	PollList	PollList	standard	28
shadowlist-utils	packages/shadowlist-utils/src/native/poll/PollList.tsx	javascript	parameter	poll	poll	standard	30
shadowlist-utils	packages/shadowlist-utils/src/native/poll/PollList.tsx	javascript	parameter	renderElement	renderElement	standard	31
shadowlist-utils	packages/shadowlist-utils/src/native/poll/PollList.tsx	javascript	parameter	onVote	onVote	standard	32
shadowlist-utils	packages/shadowlist-utils/src/native/poll/PollList.tsx	javascript	parameter	labels	labels	standard	33
shadowlist-utils	packages/shadowlist-utils/src/native/poll/PollList.tsx	javascript	parameter	ListHeaderComponent	ListHeaderComponent	standard	34
shadowlist-utils	packages/shadowlist-utils/src/native/poll/PollList.tsx	javascript	parameter	ListFooterComponent	ListFooterComponent	standard	35
shadowlist-utils	packages/shadowlist-utils/src/native/poll/PollList.tsx	javascript	parameter	props	props	standard	37
shadowlist-utils	packages/shadowlist-utils/src/native/poll/PollList.tsx	javascript	parameter	ref	ref	standard	38
shadowlist-utils	packages/shadowlist-utils/src/native/poll/PollList.tsx	javascript	constant	options	options	standard	41
shadowlist-utils	packages/shadowlist-utils/src/native/poll/PollList.tsx	javascript	constant	question	question	standard	41
shadowlist-utils	packages/shadowlist-utils/src/native/poll/PollList.tsx	javascript	constant	selectedId	selectedId	standard	41
shadowlist-utils	packages/shadowlist-utils/src/native/poll/PollList.tsx	javascript	constant	mergedLabels	mergedLabels	standard	42
shadowlist-utils	packages/shadowlist-utils/src/native/poll/PollList.tsx	javascript	constant	leadingId	leadingId	standard	44
shadowlist-utils	packages/shadowlist-utils/src/native/poll/PollList.tsx	javascript	constant	totalVotes	totalVotes	standard	44
shadowlist-utils	packages/shadowlist-utils/src/native/poll/PollList.tsx	javascript	variable	total	total	standard	45
shadowlist-utils	packages/shadowlist-utils/src/native/poll/PollList.tsx	javascript	variable	leader	leader	standard	46
shadowlist-utils	packages/shadowlist-utils/src/native/poll/PollList.tsx	javascript	constant	option	option	standard	47
shadowlist-utils	packages/shadowlist-utils/src/native/poll/PollList.tsx	javascript	constant	renderOption	renderOption	standard	57
shadowlist-utils	packages/shadowlist-utils/src/native/poll/PollList.tsx	javascript	parameter	element	element	standard	58
shadowlist-utils	packages/shadowlist-utils/src/native/poll/PollList.tsx	javascript	constant	header	header	standard	71
shadowlist-utils	packages/shadowlist-utils/src/native/poll/PollList.tsx	javascript	constant	footer	footer	standard	80
shadowlist-utils	packages/shadowlist-utils/src/native/poll/PollRow.tsx	javascript	parameter	optionId	optionId	standard	20
shadowlist-utils	packages/shadowlist-utils/src/native/poll/PollRow.tsx	javascript	constant	PollRow	PollRow	standard	25
shadowlist-utils	packages/shadowlist-utils/src/native/poll/PollRow.tsx	javascript	parameter	option	option	standard	27
shadowlist-utils	packages/shadowlist-utils/src/native/poll/PollRow.tsx	javascript	parameter	totalVotes	totalVotes	standard	27
shadowlist-utils	packages/shadowlist-utils/src/native/poll/PollRow.tsx	javascript	parameter	isLeading	isLeading	standard	28
shadowlist-utils	packages/shadowlist-utils/src/native/poll/PollRow.tsx	javascript	parameter	isSelected	isSelected	standard	29
shadowlist-utils	packages/shadowlist-utils/src/native/poll/PollRow.tsx	javascript	parameter	onVote	onVote	standard	30
shadowlist-utils	packages/shadowlist-utils/src/native/poll/PollRow.tsx	javascript	parameter	labels	labels	standard	31
shadowlist-utils	packages/shadowlist-utils/src/native/poll/PollRow.tsx	javascript	parameter	style	style	standard	32
shadowlist-utils	packages/shadowlist-utils/src/native/poll/PollRow.tsx	javascript	constant	theme	theme	standard	35
shadowlist-utils	packages/shadowlist-utils/src/native/poll/PollRow.tsx	javascript	constant	styles	styles	standard	36
shadowlist-utils	packages/shadowlist-utils/src/native/poll/PollRow.tsx	javascript	constant	l	l	standard	37
shadowlist-utils	packages/shadowlist-utils/src/native/poll/PollRow.tsx	javascript	constant	percent	percent	standard	38
shadowlist-utils	packages/shadowlist-utils/src/native/poll/PollRow.tsx	javascript	constant	Icon	Icon	standard	40
shadowlist-utils	packages/shadowlist-utils/src/native/poll/PollRow.tsx	javascript	parameter	pressed	pressed	standard	43
shadowlist-utils	packages/shadowlist-utils/src/native/poll/PollRow.tsx	javascript	parameter	theme	theme	standard	93
shadowlist-utils	packages/shadowlist-utils/src/native/poll/PollRow.tsx	javascript	constant	useStyles	useStyles	standard	93
shadowlist-utils	packages/shadowlist-utils/src/native/primitives/Avatar.tsx	javascript	constant	Avatar	Avatar	standard	22
shadowlist-utils	packages/shadowlist-utils/src/native/primitives/Avatar.tsx	javascript	parameter	color	color	standard	23
shadowlist-utils	packages/shadowlist-utils/src/native/primitives/Avatar.tsx	javascript	parameter	name	name	standard	23
shadowlist-utils	packages/shadowlist-utils/src/native/primitives/Avatar.tsx	javascript	parameter	size	size	standard	23
shadowlist-utils	packages/shadowlist-utils/src/native/primitives/Avatar.tsx	javascript	parameter	style	style	standard	23
shadowlist-utils	packages/shadowlist-utils/src/native/primitives/Avatar.tsx	javascript	parameter	uri	uri	standard	23
shadowlist-utils	packages/shadowlist-utils/src/native/primitives/Avatar.tsx	javascript	constant	theme	theme	standard	24
shadowlist-utils	packages/shadowlist-utils/src/native/primitives/Avatar.tsx	javascript	constant	styles	styles	standard	25
shadowlist-utils	packages/shadowlist-utils/src/native/primitives/Avatar.tsx	javascript	parameter	theme	theme	standard	54
shadowlist-utils	packages/shadowlist-utils/src/native/primitives/Avatar.tsx	javascript	constant	useStyles	useStyles	standard	54
shadowlist-utils	packages/shadowlist-utils/src/native/primitives/avatarAppearance.ts	javascript	parameter	name	name	standard	2
shadowlist-utils	packages/shadowlist-utils/src/native/primitives/avatarAppearance.ts	javascript	parameter	palette	palette	standard	3
shadowlist-utils	packages/shadowlist-utils/src/native/primitives/avatarAppearance.ts	javascript	variable	hash	hash	standard	6
shadowlist-utils	packages/shadowlist-utils/src/native/primitives/avatarAppearance.ts	javascript	variable	index	index	standard	7
shadowlist-utils	packages/shadowlist-utils/src/native/primitives/avatarAppearance.ts	javascript	parameter	name	name	standard	13
shadowlist-utils	packages/shadowlist-utils/src/native/primitives/avatarAppearance.ts	javascript	constant	words	words	standard	14
shadowlist-utils	packages/shadowlist-utils/src/native/primitives/avatarAppearance.ts	javascript	constant	first	first	standard	15
shadowlist-utils	packages/shadowlist-utils/src/native/primitives/avatarAppearance.ts	javascript	constant	last	last	standard	16
shadowlist-utils	packages/shadowlist-utils/src/native/primitives/ItemSeparator.tsx	javascript	constant	ItemSeparator	ItemSeparator	standard	9
shadowlist-utils	packages/shadowlist-utils/src/native/primitives/ItemSeparator.tsx	javascript	parameter	style	style	standard	9
shadowlist-utils	packages/shadowlist-utils/src/native/primitives/ItemSeparator.tsx	javascript	constant	styles	styles	standard	10
shadowlist-utils	packages/shadowlist-utils/src/native/primitives/ItemSeparator.tsx	javascript	parameter	theme	theme	standard	18
shadowlist-utils	packages/shadowlist-utils/src/native/primitives/ItemSeparator.tsx	javascript	constant	useStyles	useStyles	standard	18
shadowlist-utils	packages/shadowlist-utils/src/native/primitives/ListFooter.tsx	javascript	constant	ListFooter	ListFooter	standard	16
shadowlist-utils	packages/shadowlist-utils/src/native/primitives/ListFooter.tsx	javascript	parameter	style	style	standard	16
shadowlist-utils	packages/shadowlist-utils/src/native/primitives/ListFooter.tsx	javascript	parameter	text	text	standard	16
shadowlist-utils	packages/shadowlist-utils/src/native/primitives/ListFooter.tsx	javascript	constant	styles	styles	standard	17
shadowlist-utils	packages/shadowlist-utils/src/native/primitives/ListFooter.tsx	javascript	parameter	theme	theme	standard	25
shadowlist-utils	packages/shadowlist-utils/src/native/primitives/ListFooter.tsx	javascript	constant	useStyles	useStyles	standard	25
shadowlist-utils	packages/shadowlist-utils/src/native/primitives/ListHeader.tsx	javascript	constant	ListHeader	ListHeader	standard	17
shadowlist-utils	packages/shadowlist-utils/src/native/primitives/ListHeader.tsx	javascript	parameter	style	style	standard	18
shadowlist-utils	packages/shadowlist-utils/src/native/primitives/ListHeader.tsx	javascript	parameter	subtitle	subtitle	standard	18
shadowlist-utils	packages/shadowlist-utils/src/native/primitives/ListHeader.tsx	javascript	parameter	title	title	standard	18
shadowlist-utils	packages/shadowlist-utils/src/native/primitives/ListHeader.tsx	javascript	constant	styles	styles	standard	19
shadowlist-utils	packages/shadowlist-utils/src/native/primitives/ListHeader.tsx	javascript	parameter	theme	theme	standard	31
shadowlist-utils	packages/shadowlist-utils/src/native/primitives/ListHeader.tsx	javascript	constant	useStyles	useStyles	standard	31
shadowlist-utils	packages/shadowlist-utils/src/native/primitives/SectionHeader.tsx	javascript	constant	SectionHeader	SectionHeader	standard	17
shadowlist-utils	packages/shadowlist-utils/src/native/primitives/SectionHeader.tsx	javascript	parameter	count	count	standard	18
shadowlist-utils	packages/shadowlist-utils/src/native/primitives/SectionHeader.tsx	javascript	parameter	style	style	standard	18
shadowlist-utils	packages/shadowlist-utils/src/native/primitives/SectionHeader.tsx	javascript	parameter	title	title	standard	18
shadowlist-utils	packages/shadowlist-utils/src/native/primitives/SectionHeader.tsx	javascript	constant	styles	styles	standard	19
shadowlist-utils	packages/shadowlist-utils/src/native/primitives/SectionHeader.tsx	javascript	parameter	theme	theme	standard	31
shadowlist-utils	packages/shadowlist-utils/src/native/primitives/SectionHeader.tsx	javascript	constant	useStyles	useStyles	standard	31
shadowlist-utils	packages/shadowlist-utils/src/native/primitives/Spinner.tsx	javascript	constant	defaultSpinnerLabels	defaultSpinnerLabels	standard	16
shadowlist-utils	packages/shadowlist-utils/src/native/primitives/Spinner.tsx	javascript	constant	Spinner	Spinner	standard	27
shadowlist-utils	packages/shadowlist-utils/src/native/primitives/Spinner.tsx	javascript	parameter	color	color	standard	28
shadowlist-utils	packages/shadowlist-utils/src/native/primitives/Spinner.tsx	javascript	parameter	labels	labels	standard	28
shadowlist-utils	packages/shadowlist-utils/src/native/primitives/Spinner.tsx	javascript	parameter	size	size	standard	28
shadowlist-utils	packages/shadowlist-utils/src/native/primitives/Spinner.tsx	javascript	parameter	style	style	standard	28
shadowlist-utils	packages/shadowlist-utils/src/native/primitives/Spinner.tsx	javascript	constant	theme	theme	standard	29
shadowlist-utils	packages/shadowlist-utils/src/native/primitives/Spinner.tsx	javascript	constant	styles	styles	standard	30
shadowlist-utils	packages/shadowlist-utils/src/native/primitives/Spinner.tsx	javascript	constant	loading	loading	standard	31
shadowlist-utils	packages/shadowlist-utils/src/native/primitives/Spinner.tsx	javascript	parameter	theme	theme	standard	44
shadowlist-utils	packages/shadowlist-utils/src/native/primitives/Spinner.tsx	javascript	constant	useStyles	useStyles	standard	44
shadowlist-utils	packages/shadowlist-utils/src/native/reorder/labels.ts	javascript	constant	defaultReorderLabels	defaultReorderLabels	standard	7
shadowlist-utils	packages/shadowlist-utils/src/native/reorder/Reorder.ts	javascript	constant	Reorder	Reorder	standard	4
shadowlist-utils	packages/shadowlist-utils/src/native/reorder/ReorderList.tsx	javascript	constant	ReorderList	ReorderList	standard	20
shadowlist-utils	packages/shadowlist-utils/src/native/reorder/ReorderList.tsx	javascript	parameter	labels	labels	standard	21
shadowlist-utils	packages/shadowlist-utils/src/native/reorder/ReorderList.tsx	javascript	parameter	props	props	standard	21
shadowlist-utils	packages/shadowlist-utils/src/native/reorder/ReorderList.tsx	javascript	parameter	ref	ref	standard	21
shadowlist-utils	packages/shadowlist-utils/src/native/reorder/ReorderList.tsx	javascript	parameter	renderElement	renderElement	standard	21
shadowlist-utils	packages/shadowlist-utils/src/native/reorder/ReorderList.tsx	javascript	constant	rowLabels	rowLabels	standard	22
shadowlist-utils	packages/shadowlist-utils/src/native/reorder/ReorderList.tsx	javascript	constant	latest	latest	standard	25
shadowlist-utils	packages/shadowlist-utils/src/native/reorder/ReorderList.tsx	javascript	parameter	id	id	standard	30
shadowlist-utils	packages/shadowlist-utils/src/native/reorder/ReorderList.tsx	javascript	constant	moveRow	moveRow	standard	30
shadowlist-utils	packages/shadowlist-utils/src/native/reorder/ReorderList.tsx	javascript	parameter	offset	offset	standard	30
shadowlist-utils	packages/shadowlist-utils/src/native/reorder/ReorderList.tsx	javascript	constant	data	data	standard	31
shadowlist-utils	packages/shadowlist-utils/src/native/reorder/ReorderList.tsx	javascript	constant	onReorder	onReorder	standard	31
shadowlist-utils	packages/shadowlist-utils/src/native/reorder/ReorderList.tsx	javascript	parameter	contact	contact	standard	32
shadowlist-utils	packages/shadowlist-utils/src/native/reorder/ReorderList.tsx	javascript	constant	from	from	standard	32
shadowlist-utils	packages/shadowlist-utils/src/native/reorder/ReorderList.tsx	javascript	constant	to	to	standard	33
shadowlist-utils	packages/shadowlist-utils/src/native/reorder/ReorderList.tsx	javascript	constant	next	next	standard	42
shadowlist-utils	packages/shadowlist-utils/src/native/reorder/ReorderList.tsx	javascript	constant	canReorder	canReorder	standard	47
shadowlist-utils	packages/shadowlist-utils/src/native/reorder/ReorderList.tsx	javascript	constant	renderReorderRow	renderReorderRow	standard	48
shadowlist-utils	packages/shadowlist-utils/src/native/reorder/ReorderList.tsx	javascript	parameter	element	element	standard	49
shadowlist-utils	packages/shadowlist-utils/src/native/reorder/ReorderRow.tsx	javascript	parameter	id	id	standard	20
shadowlist-utils	packages/shadowlist-utils/src/native/reorder/ReorderRow.tsx	javascript	parameter	offset	offset	standard	20
shadowlist-utils	packages/shadowlist-utils/src/native/reorder/ReorderRow.tsx	javascript	constant	ReorderRow	ReorderRow	standard	26
shadowlist-utils	packages/shadowlist-utils/src/native/reorder/ReorderRow.tsx	javascript	parameter	avatarStyle	avatarStyle	standard	27
shadowlist-utils	packages/shadowlist-utils/src/native/reorder/ReorderRow.tsx	javascript	parameter	item	item	standard	27
shadowlist-utils	packages/shadowlist-utils/src/native/reorder/ReorderRow.tsx	javascript	parameter	labels	labels	standard	27
shadowlist-utils	packages/shadowlist-utils/src/native/reorder/ReorderRow.tsx	javascript	parameter	onMove	onMove	standard	27
shadowlist-utils	packages/shadowlist-utils/src/native/reorder/ReorderRow.tsx	javascript	parameter	style	style	standard	27
shadowlist-utils	packages/shadowlist-utils/src/native/reorder/ReorderRow.tsx	javascript	constant	theme	theme	standard	28
shadowlist-utils	packages/shadowlist-utils/src/native/reorder/ReorderRow.tsx	javascript	constant	styles	styles	standard	29
shadowlist-utils	packages/shadowlist-utils/src/native/reorder/ReorderRow.tsx	javascript	constant	l	l	standard	30
shadowlist-utils	packages/shadowlist-utils/src/native/reorder/ReorderRow.tsx	javascript	constant	accessibilityActions	accessibilityActions	standard	32
shadowlist-utils	packages/shadowlist-utils/src/native/reorder/ReorderRow.tsx	javascript	constant	handleAccessibilityAction	handleAccessibilityAction	standard	42
shadowlist-utils	packages/shadowlist-utils/src/native/reorder/ReorderRow.tsx	javascript	parameter	event	event	standard	43
shadowlist-utils	packages/shadowlist-utils/src/native/reorder/ReorderRow.tsx	javascript	constant	actionName	actionName	standard	44
shadowlist-utils	packages/shadowlist-utils/src/native/reorder/ReorderRow.tsx	javascript	parameter	theme	theme	standard	69
shadowlist-utils	packages/shadowlist-utils/src/native/reorder/ReorderRow.tsx	javascript	constant	useStyles	useStyles	standard	69
shadowlist-utils	packages/shadowlist-utils/src/native/snap/labels.ts	javascript	constant	defaultSnapLabels	defaultSnapLabels	standard	5
shadowlist-utils	packages/shadowlist-utils/src/native/snap/Snap.ts	javascript	constant	Snap	Snap	standard	4
shadowlist-utils	packages/shadowlist-utils/src/native/snap/SnapCard.tsx	javascript	parameter	item	item	standard	23
shadowlist-utils	packages/shadowlist-utils/src/native/snap/SnapCard.tsx	javascript	constant	SnapCard	SnapCard	standard	28
shadowlist-utils	packages/shadowlist-utils/src/native/snap/SnapCard.tsx	javascript	parameter	children	children	standard	29
shadowlist-utils	packages/shadowlist-utils/src/native/snap/SnapCard.tsx	javascript	parameter	height	height	standard	29
shadowlist-utils	packages/shadowlist-utils/src/native/snap/SnapCard.tsx	javascript	parameter	item	item	standard	29
shadowlist-utils	packages/shadowlist-utils/src/native/snap/SnapCard.tsx	javascript	parameter	labels	labels	standard	29
shadowlist-utils	packages/shadowlist-utils/src/native/snap/SnapCard.tsx	javascript	parameter	onPress	onPress	standard	29
shadowlist-utils	packages/shadowlist-utils/src/native/snap/SnapCard.tsx	javascript	parameter	style	style	standard	29
shadowlist-utils	packages/shadowlist-utils/src/native/snap/SnapCard.tsx	javascript	constant	styles	styles	standard	30
shadowlist-utils	packages/shadowlist-utils/src/native/snap/SnapCard.tsx	javascript	constant	window	window	standard	31
shadowlist-utils	packages/shadowlist-utils/src/native/snap/SnapCard.tsx	javascript	constant	l	l	standard	32
shadowlist-utils	packages/shadowlist-utils/src/native/snap/SnapCard.tsx	javascript	constant	color	color	standard	33
shadowlist-utils	packages/shadowlist-utils/src/native/snap/SnapCard.tsx	javascript	constant	image	image	standard	33
shadowlist-utils	packages/shadowlist-utils/src/native/snap/SnapCard.tsx	javascript	constant	subtitle	subtitle	standard	33
shadowlist-utils	packages/shadowlist-utils/src/native/snap/SnapCard.tsx	javascript	constant	title	title	standard	33
shadowlist-utils	packages/shadowlist-utils/src/native/snap/SnapCard.tsx	javascript	constant	hasText	hasText	standard	34
shadowlist-utils	packages/shadowlist-utils/src/native/snap/SnapCard.tsx	javascript	constant	accessibilityLabel	accessibilityLabel	standard	35
shadowlist-utils	packages/shadowlist-utils/src/native/snap/SnapCard.tsx	javascript	constant	cardStyle	cardStyle	standard	38
shadowlist-utils	packages/shadowlist-utils/src/native/snap/SnapCard.tsx	javascript	constant	content	content	standard	43
shadowlist-utils	packages/shadowlist-utils/src/native/snap/SnapCard.tsx	javascript	parameter	theme	theme	standard	94
shadowlist-utils	packages/shadowlist-utils/src/native/snap/SnapCard.tsx	javascript	constant	useStyles	useStyles	standard	94
shadowlist-utils	packages/shadowlist-utils/src/native/snap/SnapList.tsx	javascript	parameter	item	item	standard	16
shadowlist-utils	packages/shadowlist-utils/src/native/snap/SnapList.tsx	javascript	constant	SnapList	SnapList	standard	20
shadowlist-utils	packages/shadowlist-utils/src/native/snap/SnapList.tsx	javascript	parameter	labels	labels	standard	21
shadowlist-utils	packages/shadowlist-utils/src/native/snap/SnapList.tsx	javascript	parameter	onPressItem	onPressItem	standard	21
shadowlist-utils	packages/shadowlist-utils/src/native/snap/SnapList.tsx	javascript	parameter	props	props	standard	21
shadowlist-utils	packages/shadowlist-utils/src/native/snap/SnapList.tsx	javascript	parameter	ref	ref	standard	21
shadowlist-utils	packages/shadowlist-utils/src/native/snap/SnapList.tsx	javascript	parameter	renderElement	renderElement	standard	21
shadowlist-utils	packages/shadowlist-utils/src/native/snap/SnapList.tsx	javascript	constant	cardLabels	cardLabels	standard	22
shadowlist-utils	packages/shadowlist-utils/src/native/snap/SnapList.tsx	javascript	constant	renderCard	renderCard	standard	23
shadowlist-utils	packages/shadowlist-utils/src/native/snap/SnapList.tsx	javascript	parameter	element	element	standard	24
shadowlist-utils	packages/shadowlist-utils/src/native/theme/baseTokens.ts	javascript	constant	fontSize	fontSize	standard	3
shadowlist-utils	packages/shadowlist-utils/src/native/theme/baseTokens.ts	javascript	constant	fontWeight	fontWeight	standard	14
shadowlist-utils	packages/shadowlist-utils/src/native/theme/baseTokens.ts	javascript	constant	typography	typography	standard	21
shadowlist-utils	packages/shadowlist-utils/src/native/theme/baseTokens.ts	javascript	constant	spacing	spacing	standard	78
shadowlist-utils	packages/shadowlist-utils/src/native/theme/baseTokens.ts	javascript	constant	radius	radius	standard	88
shadowlist-utils	packages/shadowlist-utils/src/native/theme/baseTokens.ts	javascript	constant	fonts	fonts	standard	97
shadowlist-utils	packages/shadowlist-utils/src/native/theme/baseTokens.ts	javascript	constant	baseTokens	baseTokens	standard	101
shadowlist-utils	packages/shadowlist-utils/src/native/theme/colorScheme.ts	javascript	constant	listeners	listeners	standard	4
shadowlist-utils	packages/shadowlist-utils/src/native/theme/colorScheme.ts	javascript	variable	subscription	subscription	standard	5
shadowlist-utils	packages/shadowlist-utils/src/native/theme/colorScheme.ts	javascript	parameter	listener	listener	standard	7
shadowlist-utils	packages/shadowlist-utils/src/native/theme/colorScheme.ts	javascript	parameter	notify	notify	standard	11
shadowlist-utils	packages/shadowlist-utils/src/native/theme/createStyles.ts	javascript	parameter	factory	factory	standard	5
shadowlist-utils	packages/shadowlist-utils/src/native/theme/createStyles.ts	javascript	parameter	theme	theme	standard	6
shadowlist-utils	packages/shadowlist-utils/src/native/theme/createStyles.ts	javascript	constant	cache	cache	standard	8
shadowlist-utils	packages/shadowlist-utils/src/native/theme/createStyles.ts	javascript	constant	theme	theme	standard	10
shadowlist-utils	packages/shadowlist-utils/src/native/theme/createStyles.ts	javascript	variable	styles	styles	standard	11
shadowlist-utils	packages/shadowlist-utils/src/native/theme/createTheme.ts	javascript	constant	isPlainObject	isPlainObject	standard	6
shadowlist-utils	packages/shadowlist-utils/src/native/theme/createTheme.ts	javascript	parameter	value	value	standard	6
shadowlist-utils	packages/shadowlist-utils/src/native/theme/createTheme.ts	javascript	parameter	base	base	standard	9
shadowlist-utils	packages/shadowlist-utils/src/native/theme/createTheme.ts	javascript	parameter	overrides	overrides	standard	9
shadowlist-utils	packages/shadowlist-utils/src/native/theme/createTheme.ts	javascript	constant	result	result	standard	10
shadowlist-utils	packages/shadowlist-utils/src/native/theme/createTheme.ts	javascript	constant	key	key	standard	11
shadowlist-utils	packages/shadowlist-utils/src/native/theme/createTheme.ts	javascript	constant	override	override	standard	12
shadowlist-utils	packages/shadowlist-utils/src/native/theme/createTheme.ts	javascript	constant	current	current	standard	16
shadowlist-utils	packages/shadowlist-utils/src/native/theme/createTheme.ts	javascript	parameter	base	base	standard	25
shadowlist-utils	packages/shadowlist-utils/src/native/theme/createTheme.ts	javascript	parameter	overrides	overrides	standard	25
shadowlist-utils	packages/shadowlist-utils/src/native/theme/darkTheme.ts	javascript	constant	darkTheme	darkTheme	standard	4
shadowlist-utils	packages/shadowlist-utils/src/native/theme/lightTheme.ts	javascript	constant	lightTheme	lightTheme	standard	4
shadowlist-utils	packages/shadowlist-utils/src/native/theme/ThemeContext.ts	javascript	constant	ThemeContext	ThemeContext	standard	4
shadowlist-utils	packages/shadowlist-utils/src/native/theme/ThemeProvider.tsx	javascript	parameter	children	children	standard	10
shadowlist-utils	packages/shadowlist-utils/src/native/theme/ThemeProvider.tsx	javascript	parameter	theme	theme	standard	10
shadowlist-utils	packages/shadowlist-utils/src/native/theme/useTheme.ts	javascript	constant	subscribeNothing	subscribeNothing	standard	8
shadowlist-utils	packages/shadowlist-utils/src/native/theme/useTheme.ts	javascript	constant	getNothing	getNothing	standard	9
shadowlist-utils	packages/shadowlist-utils/src/native/theme/useTheme.ts	javascript	constant	theme	theme	standard	12
shadowlist-utils	packages/shadowlist-utils/src/native/theme/useTheme.ts	javascript	constant	colorScheme	colorScheme	standard	13
shadowlist-utils	packages/shadowlist-utils/src/native/tree/labels.ts	javascript	constant	defaultTreeLabels	defaultTreeLabels	standard	6
shadowlist-utils	packages/shadowlist-utils/src/native/tree/Tree.ts	javascript	constant	Tree	Tree	standard	4
shadowlist-utils	packages/shadowlist-utils/src/native/tree/TreeList.tsx	javascript	parameter	item	item	standard	23
shadowlist-utils	packages/shadowlist-utils/src/native/tree/TreeList.tsx	javascript	constant	getNodeChildren	getNodeChildren	standard	27
shadowlist-utils	packages/shadowlist-utils/src/native/tree/TreeList.tsx	javascript	parameter	node	node	standard	27
shadowlist-utils	packages/shadowlist-utils/src/native/tree/TreeList.tsx	javascript	constant	getNodeKey	getNodeKey	standard	28
shadowlist-utils	packages/shadowlist-utils/src/native/tree/TreeList.tsx	javascript	parameter	node	node	standard	28
shadowlist-utils	packages/shadowlist-utils/src/native/tree/TreeList.tsx	javascript	constant	TreeList	TreeList	standard	30
shadowlist-utils	packages/shadowlist-utils/src/native/tree/TreeList.tsx	javascript	parameter	getChildren	getChildren	standard	32
shadowlist-utils	packages/shadowlist-utils/src/native/tree/TreeList.tsx	javascript	parameter	keyExtractor	keyExtractor	standard	32
shadowlist-utils	packages/shadowlist-utils/src/native/tree/TreeList.tsx	javascript	parameter	labels	labels	standard	32
shadowlist-utils	packages/shadowlist-utils/src/native/tree/TreeList.tsx	javascript	parameter	onPressItem	onPressItem	standard	32
shadowlist-utils	packages/shadowlist-utils/src/native/tree/TreeList.tsx	javascript	parameter	props	props	standard	32
shadowlist-utils	packages/shadowlist-utils/src/native/tree/TreeList.tsx	javascript	parameter	ref	ref	standard	32
shadowlist-utils	packages/shadowlist-utils/src/native/tree/TreeList.tsx	javascript	parameter	renderElement	renderElement	standard	32
shadowlist-utils	packages/shadowlist-utils/src/native/tree/TreeList.tsx	javascript	constant	rowLabels	rowLabels	standard	35
shadowlist-utils	packages/shadowlist-utils/src/native/tree/TreeList.tsx	javascript	constant	renderTreeRow	renderTreeRow	standard	36
shadowlist-utils	packages/shadowlist-utils/src/native/tree/TreeList.tsx	javascript	parameter	element	element	standard	37
shadowlist-utils	packages/shadowlist-utils/src/native/tree/TreeList.tsx	javascript	parameter	indent	indent	standard	38
shadowlist-utils	packages/shadowlist-utils/src/native/tree/TreeList.tsx	javascript	parameter	isExpanded	isExpanded	standard	39
shadowlist-utils	packages/shadowlist-utils/src/native/tree/TreeList.tsx	javascript	parameter	hasChildren	hasChildren	standard	40
shadowlist-utils	packages/shadowlist-utils/src/native/tree/TreeList.tsx	javascript	parameter	toggle	toggle	standard	41
shadowlist-utils	packages/shadowlist-utils/src/native/tree/TreeRow.tsx	javascript	parameter	item	item	standard	23
shadowlist-utils	packages/shadowlist-utils/src/native/tree/TreeRow.tsx	javascript	constant	TreeRow	TreeRow	standard	30
shadowlist-utils	packages/shadowlist-utils/src/native/tree/TreeRow.tsx	javascript	parameter	item	item	standard	31
shadowlist-utils	packages/shadowlist-utils/src/native/tree/TreeRow.tsx	javascript	parameter	indent	indent	standard	32
shadowlist-utils	packages/shadowlist-utils/src/native/tree/TreeRow.tsx	javascript	parameter	isExpanded	isExpanded	standard	33
shadowlist-utils	packages/shadowlist-utils/src/native/tree/TreeRow.tsx	javascript	parameter	hasChildren	hasChildren	standard	34
shadowlist-utils	packages/shadowlist-utils/src/native/tree/TreeRow.tsx	javascript	parameter	onToggle	onToggle	standard	35
shadowlist-utils	packages/shadowlist-utils/src/native/tree/TreeRow.tsx	javascript	parameter	onPress	onPress	standard	36
shadowlist-utils	packages/shadowlist-utils/src/native/tree/TreeRow.tsx	javascript	parameter	icon	icon	standard	37
shadowlist-utils	packages/shadowlist-utils/src/native/tree/TreeRow.tsx	javascript	parameter	labels	labels	standard	38
shadowlist-utils	packages/shadowlist-utils/src/native/tree/TreeRow.tsx	javascript	parameter	style	style	standard	39
shadowlist-utils	packages/shadowlist-utils/src/native/tree/TreeRow.tsx	javascript	constant	theme	theme	standard	42
shadowlist-utils	packages/shadowlist-utils/src/native/tree/TreeRow.tsx	javascript	constant	styles	styles	standard	43
shadowlist-utils	packages/shadowlist-utils/src/native/tree/TreeRow.tsx	javascript	constant	l	l	standard	44
shadowlist-utils	packages/shadowlist-utils/src/native/tree/TreeRow.tsx	javascript	constant	isFolder	isFolder	standard	45
shadowlist-utils	packages/shadowlist-utils/src/native/tree/TreeRow.tsx	javascript	constant	handlePress	handlePress	standard	48
shadowlist-utils	packages/shadowlist-utils/src/native/tree/TreeRow.tsx	javascript	constant	pressHandler	pressHandler	standard	49
shadowlist-utils	packages/shadowlist-utils/src/native/tree/TreeRow.tsx	javascript	parameter	pressed	pressed	standard	57
shadowlist-utils	packages/shadowlist-utils/src/native/tree/TreeRow.tsx	javascript	parameter	theme	theme	standard	96
shadowlist-utils	packages/shadowlist-utils/src/native/tree/TreeRow.tsx	javascript	constant	useStyles	useStyles	standard	96
shadowlist-utils	packages/shadowlist-utils/src/useListController.ts	javascript	constant	timers	timers	standard	5
shadowlist-utils	packages/shadowlist-utils/src/useListController.ts	javascript	parameter	handler	handler	standard	6
shadowlist-utils	packages/shadowlist-utils/src/useListController.ts	javascript	parameter	timeout	timeout	standard	6
shadowlist-utils	packages/shadowlist-utils/src/useListController.ts	javascript	parameter	handle	handle	standard	7
shadowlist-utils	packages/shadowlist-utils/src/useListController.ts	javascript	parameter	event	event	standard	26
shadowlist-utils	packages/shadowlist-utils/src/useListController.ts	javascript	parameter	info	info	standard	27
shadowlist-utils	packages/shadowlist-utils/src/useListController.ts	javascript	parameter	error	error	standard	32
shadowlist-utils	packages/shadowlist-utils/src/useListController.ts	javascript	parameter	previous	previous	standard	55
shadowlist-utils	packages/shadowlist-utils/src/useListController.ts	javascript	parameter	element	element	standard	62
shadowlist-utils	packages/shadowlist-utils/src/useListController.ts	javascript	parameter	index	index	standard	62
shadowlist-utils	packages/shadowlist-utils/src/useListController.ts	javascript	parameter	state	state	standard	67
shadowlist-utils	packages/shadowlist-utils/src/useListController.ts	javascript	parameter	action	action	standard	68
shadowlist-utils	packages/shadowlist-utils/src/useListController.ts	javascript	constant	data	data	standard	89
shadowlist-utils	packages/shadowlist-utils/src/useListController.ts	javascript	parameter	item	item	standard	102
shadowlist-utils	packages/shadowlist-utils/src/useListController.ts	javascript	constant	pending	pending	standard	102
shadowlist-utils	packages/shadowlist-utils/src/useListController.ts	javascript	constant	data	data	standard	103
shadowlist-utils	packages/shadowlist-utils/src/useListController.ts	javascript	parameter	element	element	standard	103
shadowlist-utils	packages/shadowlist-utils/src/useListController.ts	javascript	constant	replacement	replacement	standard	104
shadowlist-utils	packages/shadowlist-utils/src/useListController.ts	javascript	parameter	element	element	standard	115
shadowlist-utils	packages/shadowlist-utils/src/useListController.ts	javascript	parameter	index	index	standard	115
shadowlist-utils	packages/shadowlist-utils/src/useListController.ts	javascript	parameter	event	event	standard	148
shadowlist-utils	packages/shadowlist-utils/src/useListController.ts	javascript	parameter	info	info	standard	149
shadowlist-utils	packages/shadowlist-utils/src/useListController.ts	javascript	parameter	update	update	standard	151
shadowlist-utils	packages/shadowlist-utils/src/useListController.ts	javascript	parameter	previous	previous	standard	152
shadowlist-utils	packages/shadowlist-utils/src/useListController.ts	javascript	parameter	items	items	standard	154
shadowlist-utils	packages/shadowlist-utils/src/useListController.ts	javascript	parameter	items	items	standard	155
shadowlist-utils	packages/shadowlist-utils/src/useListController.ts	javascript	parameter	items	items	standard	157
shadowlist-utils	packages/shadowlist-utils/src/useListController.ts	javascript	parameter	element	element	standard	159
shadowlist-utils	packages/shadowlist-utils/src/useListController.ts	javascript	parameter	id	id	standard	159
shadowlist-utils	packages/shadowlist-utils/src/useListController.ts	javascript	parameter	update	update	standard	159
shadowlist-utils	packages/shadowlist-utils/src/useListController.ts	javascript	parameter	ids	ids	standard	160
shadowlist-utils	packages/shadowlist-utils/src/useListController.ts	javascript	parameter	element	element	standard	161
shadowlist-utils	packages/shadowlist-utils/src/useListController.ts	javascript	parameter	index	index	standard	161
shadowlist-utils	packages/shadowlist-utils/src/useListController.ts	javascript	parameter	options	options	standard	171
shadowlist-utils	packages/shadowlist-utils/src/useListController.ts	javascript	constant	dispatch	dispatch	standard	174
shadowlist-utils	packages/shadowlist-utils/src/useListController.ts	javascript	constant	state	state	standard	174
shadowlist-utils	packages/shadowlist-utils/src/useListController.ts	javascript	parameter	seed	seed	standard	177
shadowlist-utils	packages/shadowlist-utils/src/useListController.ts	javascript	constant	optionsRef	optionsRef	standard	187
shadowlist-utils	packages/shadowlist-utils/src/useListController.ts	javascript	constant	busyRef	busyRef	standard	194
shadowlist-utils	packages/shadowlist-utils/src/useListController.ts	javascript	constant	scrollIdleTimer	scrollIdleTimer	standard	196
shadowlist-utils	packages/shadowlist-utils/src/useListController.ts	javascript	constant	run	run	standard	202
shadowlist-utils	packages/shadowlist-utils/src/useListController.ts	javascript	parameter	callback	callback	standard	203
shadowlist-utils	packages/shadowlist-utils/src/useListController.ts	javascript	parameter	settle	settle	standard	203
shadowlist-utils	packages/shadowlist-utils/src/useListController.ts	javascript	constant	pending	pending	standard	204
shadowlist-utils	packages/shadowlist-utils/src/useListController.ts	javascript	constant	onError	onError	standard	205
shadowlist-utils	packages/shadowlist-utils/src/useListController.ts	javascript	constant	handleRefresh	handleRefresh	standard	211
shadowlist-utils	packages/shadowlist-utils/src/useListController.ts	javascript	constant	handleEndReached	handleEndReached	standard	224
shadowlist-utils	packages/shadowlist-utils/src/useListController.ts	javascript	constant	handleStartReached	handleStartReached	standard	237
shadowlist-utils	packages/shadowlist-utils/src/useListController.ts	javascript	parameter	event	event	standard	250
shadowlist-utils	packages/shadowlist-utils/src/useListController.ts	javascript	constant	handleScroll	handleScroll	standard	250
shadowlist-utils	packages/shadowlist-utils/src/useListController.ts	javascript	constant	handleViewableItemsChanged	handleViewableItemsChanged	standard	259
shadowlist-utils	packages/shadowlist-utils/src/useListController.ts	javascript	parameter	info	info	standard	259
shadowlist-utils	packages/shadowlist-utils/src/useListController.ts	javascript	constant	setData	setData	standard	263
shadowlist-utils	packages/shadowlist-utils/src/useListController.ts	javascript	parameter	previous	previous	standard	264
shadowlist-utils	packages/shadowlist-utils/src/useListController.ts	javascript	parameter	update	update	standard	264
shadowlist-utils	packages/shadowlist-utils/src/useListController.ts	javascript	constant	prepend	prepend	standard	269
shadowlist-utils	packages/shadowlist-utils/src/useListController.ts	javascript	parameter	items	items	standard	270
shadowlist-utils	packages/shadowlist-utils/src/useListController.ts	javascript	constant	append	append	standard	274
shadowlist-utils	packages/shadowlist-utils/src/useListController.ts	javascript	parameter	items	items	standard	275
shadowlist-utils	packages/shadowlist-utils/src/useListController.ts	javascript	constant	upsertItems	upsertItems	standard	279
shadowlist-utils	packages/shadowlist-utils/src/useListController.ts	javascript	parameter	items	items	standard	280
shadowlist-utils	packages/shadowlist-utils/src/useListController.ts	javascript	constant	updateItem	updateItem	standard	284
shadowlist-utils	packages/shadowlist-utils/src/useListController.ts	javascript	parameter	element	element	standard	285
shadowlist-utils	packages/shadowlist-utils/src/useListController.ts	javascript	parameter	id	id	standard	285
shadowlist-utils	packages/shadowlist-utils/src/useListController.ts	javascript	parameter	update	update	standard	285
shadowlist-utils	packages/shadowlist-utils/src/useListController.ts	javascript	parameter	previous	previous	standard	288
shadowlist-utils	packages/shadowlist-utils/src/useListController.ts	javascript	parameter	element	element	standard	289
shadowlist-utils	packages/shadowlist-utils/src/useListController.ts	javascript	constant	index	index	standard	289
shadowlist-utils	packages/shadowlist-utils/src/useListController.ts	javascript	constant	next	next	standard	291
shadowlist-utils	packages/shadowlist-utils/src/useListController.ts	javascript	constant	removeItems	removeItems	standard	299
shadowlist-utils	packages/shadowlist-utils/src/useListController.ts	javascript	parameter	ids	ids	standard	300
shadowlist-utils	packages/shadowlist-utils/src/useListController.ts	javascript	parameter	element	element	standard	301
shadowlist-utils	packages/shadowlist-utils/src/useListController.ts	javascript	parameter	index	index	standard	301
shadowlist-utils	packages/shadowlist-utils/src/useListController.ts	javascript	constant	match	match	standard	303
shadowlist-utils	packages/shadowlist-utils/src/useListController.ts	javascript	parameter	element	element	standard	306
shadowlist-utils	packages/shadowlist-utils/src/useListController.ts	javascript	constant	set	set	standard	307
shadowlist-utils	packages/shadowlist-utils/src/useListController.ts	javascript	parameter	element	element	standard	308
shadowlist-utils	packages/shadowlist-utils/src/useListController.ts	javascript	constant	markers	markers	standard	315
